event_ns,lane,note_id,stage,judgment,delay_ns
1001998276,11,0,calibration,perfect,1329585
1005000569,12,1,calibration,perfect,551953
1006998171,0,2,calibration,perfect,797868
1006998741,2,4,calibration,perfect,585547
1006999114,4,3,calibration,perfect,725870
1009002926,6,5,calibration,perfect,969117
1009003657,15,6,calibration,perfect,410652
1013999503,1,7,calibration,perfect,875680
1017001959,9,8,calibration,perfect,1029050
1021003594,7,9,calibration,perfect,707638
1021004764,8,10,calibration,perfect,435350
1024001694,3,11,calibration,perfect,1042589
1025002313,10,12,calibration,perfect,805480
1026997844,5,13,calibration,perfect,578301
1031000179,14,14,calibration,perfect,1258067
1031000820,13,15,calibration,perfect,851294
1041999507,11,16,calibration,perfect,216731
1050999070,4,17,calibration,perfect,917968
1057000351,15,18,calibration,perfect,963763
1060000158,2,19,calibration,perfect,964128
1060002434,0,20,calibration,perfect,700667
1060999003,9,21,calibration,perfect,947515
1063004266,6,22,calibration,perfect,896065
1063004897,12,23,calibration,perfect,803154
1064001832,7,24,calibration,perfect,537642
1072006668,8,25,calibration,perfect,1013152
1072999618,13,26,calibration,perfect,1166896
1073998513,14,27,calibration,perfect,1431892
1073999513,1,28,calibration,perfect,984585
1074000360,5,29,calibration,perfect,967245
1075004234,10,30,calibration,perfect,536290
1077002967,3,31,calibration,perfect,489361
1086000523,11,32,calibration,perfect,1216642
1092004410,4,33,calibration,perfect,411864
1100006300,2,34,calibration,perfect,344034
1101004444,15,35,calibration,perfect,994587
1102059732,0,37,calibration,perfect,493954
1102064982,9,36,calibration,perfect,572252
1103017685,12,38,calibration,perfect,246507
1109004564,7,39,calibration,perfect,1194507
1116003575,6,40,calibration,perfect,676666
1117002872,5,41,calibration,perfect,1118797
1119003283,8,42,calibration,perfect,1149559
1119004819,3,43,calibration,perfect,285246
1122000809,1,44,calibration,perfect,904260
1122001604,14,45,calibration,perfect,425847
1124003378,10,46,calibration,perfect,507909
1125002664,13,47,calibration,perfect,1085367
1125998637,11,48,calibration,perfect,835386
1134002620,4,49,calibration,perfect,484944
1141003459,15,50,calibration,perfect,516808
1142003986,9,51,calibration,perfect,277089
1142999298,2,52,calibration,perfect,964662
1147000277,12,53,calibration,perfect,951717
1147001111,0,54,calibration,perfect,410580
1152002284,7,55,calibration,perfect,472128
1160998624,8,56,calibration,perfect,623350
1163999688,5,58,calibration,perfect,393871
1164000431,6,57,calibration,perfect,503932
1170003164,1,59,calibration,perfect,1077563
1170004148,11,60,calibration,perfect,433835
1174003393,10,61,calibration,perfect,933773
1175002229,3,62,calibration,perfect,1320686
1184003376,2,63,calibration,perfect,846748
1186002967,9,64,calibration,perfect,568941
1192002503,12,65,calibration,perfect,346768
1194002219,13,66,calibration,perfect,542182
1196002281,0,67,calibration,perfect,860850
1196003036,4,68,calibration,perfect,857160
1200002422,14,69,calibration,perfect,833216
1203001976,15,70,calibration,perfect,865274
1208002087,7,71,calibration,perfect,1045862
1208002888,5,73,calibration,perfect,878373
1208003348,6,72,calibration,perfect,889962
1208003816,8,74,calibration,perfect,758955
1210999797,11,75,calibration,perfect,1088235
1214001288,1,76,calibration,perfect,1209435
1215000866,3,77,calibration,perfect,1006580
1220002721,10,78,calibration,perfect,1114893
1225002962,2,79,calibration,perfect,1021260
1227002181,9,80,calibration,perfect,721155
1234002801,13,81,calibration,perfect,529692
1240000914,12,82,calibration,perfect,1147458
1243000575,4,83,calibration,perfect,611674
1244002680,14,84,calibration,perfect,496230
1244003293,15,85,calibration,perfect,319055
1252002678,0,86,calibration,perfect,1331806
1259003629,7,87,calibration,perfect,254695
1264053843,10,88,calibration,perfect,1265281
1273999677,8,89,calibration,perfect,907879
1275005206,3,90,calibration,perfect,1209580
1275005930,11,91,calibration,perfect,517406
1277001087,2,92,calibration,perfect,1423000
1277999912,6,93,calibration,perfect,1184861
1281000169,1,94,calibration,perfect,1222614
1281000687,9,95,calibration,perfect,598316
1283003656,13,96,calibration,perfect,1100707
1284006359,5,97,calibration,perfect,765199
1285999899,14,98,calibration,perfect,1000353
1286000918,15,99,calibration,perfect,840578
1288003026,12,100,calibration,perfect,564556
1291031804,4,101,calibration,perfect,805369
1295999104,0,102,calibration,perfect,998849
1303001961,7,103,calibration,perfect,1096692
1306006840,10,104,calibration,perfect,408351
1315009621,8,105,calibration,perfect,458756
1317008798,11,106,calibration,perfect,410355
1321007636,6,107,calibration,perfect,619776
1322018424,9,108,calibration,perfect,597343
1324007170,13,109,calibration,perfect,1237646
1325007089,3,110,calibration,perfect,322384
1330008062,5,111,calibration,perfect,1337698
1335000083,14,112,calibration,perfect,1283140
1335000975,15,113,calibration,perfect,573594
1336006411,0,114,calibration,perfect,577579
1338011239,12,115,calibration,perfect,1051881
1340004931,4,116,calibration,perfect,1071472
1348041895,1,117,calibration,perfect,239889
1352999526,2,118,calibration,perfect,1106780
1354998768,7,119,calibration,perfect,1186681
1354999401,10,120,calibration,perfect,711885
1355998181,8,121,calibration,perfect,1038745
1359002001,11,122,calibration,perfect,1261578
1363998468,9,123,calibration,perfect,811327
1364997876,6,124,calibration,perfect,761130
1368002715,3,125,calibration,perfect,910684
1369998493,13,126,calibration,perfect,1048496
1372026657,5,127,calibration,perfect,795933
1375980180,15,128,calibration,perfect,1142220
1386998472,0,129,calibration,perfect,1005127
1394000066,12,130,calibration,perfect,909314
1396005109,2,131,calibration,perfect,764618
1397999944,7,132,calibration,perfect,930839
1401004152,14,133,calibration,perfect,778737
1402007411,10,134,calibration,perfect,1292143
1402008415,11,135,calibration,perfect,663654
1405004369,1,136,calibration,perfect,1168268
1405998058,9,137,calibration,perfect,347134
1406998307,8,138,calibration,perfect,499664
1409004541,4,139,calibration,perfect,1121372
1409005435,6,140,calibration,perfect,166998
1409999570,13,141,calibration,perfect,971133
1410999937,3,142,calibration,perfect,856488
1415998731,5,143,calibration,perfect,1038532
1415999482,15,144,calibration,perfect,593435
1426998522,0,145,calibration,perfect,981055
1435998220,12,146,calibration,perfect,333379
1436998230,2,147,calibration,perfect,684118
1443998340,14,148,calibration,perfect,462280
1448998854,1,149,calibration,perfect,1107630
1458001485,6,150,calibration,perfect,940073
1460004075,13,151,calibration,perfect,1204094
1460005324,10,152,calibration,perfect,1122242
1470000578,8,153,calibration,perfect,967313
1471001914,3,154,calibration,perfect,1087800
1474001470,7,155,calibration,perfect,1224517
1475005906,11,156,calibration,perfect,1313367
1475006881,9,157,calibration,perfect,480133
1477999960,12,158,calibration,perfect,476435
1478999824,4,159,calibration,perfect,955617
1479000937,15,160,calibration,perfect,878485
1479999698,0,161,calibration,perfect,435074
1480999891,5,162,calibration,perfect,192364
1494001200,2,163,calibration,perfect,924169
1498001472,14,164,calibration,perfect,887479
1498002145,6,165,calibration,perfect,821405
1498999779,1,166,calibration,perfect,426349
1505000582,13,167,calibration,perfect,1290824
1510001056,8,168,calibration,perfect,726683
1514000243,10,169,calibration,perfect,1138375
1514999753,7,170,calibration,perfect,823599
1517000418,3,171,calibration,perfect,733780
1520005505,4,172,calibration,perfect,502990
1523999854,9,173,calibration,perfect,437980
1527998425,15,174,calibration,perfect,1110158
1527999476,12,175,calibration,perfect,404547
1533000187,5,176,calibration,perfect,933742
1534000206,0,177,calibration,perfect,974296
1534000836,11,178,calibration,perfect,321436
1541001710,1,179,calibration,perfect,627328
1541002748,14,180,calibration,perfect,353687
1544001583,6,181,calibration,perfect,467143
1549999950,2,182,calibration,perfect,967144
1550000725,8,183,calibration,perfect,551635
1553002122,13,184,calibration,perfect,1088112
1554998875,10,185,calibration,perfect,1246516
1556007006,7,186,calibration,perfect,678599
1562998828,3,188,calibration,perfect,831449
1562999495,4,187,calibration,perfect,978756
1566000251,9,189,calibration,perfect,1445119
1570998811,15,190,calibration,perfect,661581
1572014580,12,191,calibration,perfect,1105773
1577000154,0,192,calibration,perfect,744731
1577000913,11,193,calibration,perfect,724174
1579000545,5,194,calibration,perfect,697657
1594000439,6,195,calibration,perfect,1134332
1594001303,1,196,calibration,perfect,581326
1595999587,10,197,calibration,perfect,737887
1597000509,7,198,calibration,perfect,339514
1598001941,14,199,calibration,perfect,1118505
1598002378,8,200,calibration,perfect,594320
1607999736,4,201,calibration,perfect,628896
1613001433,9,202,calibration,perfect,675122
1613002221,13,203,calibration,perfect,320357
1621000126,2,204,calibration,perfect,862842
1623000797,12,205,calibration,perfect,809241
1626999771,5,206,calibration,perfect,1399888
1631000506,15,207,calibration,perfect,983114
1643000388,10,208,calibration,perfect,790260
1643998614,6,209,calibration,perfect,1348551
1647001397,7,210,calibration,perfect,519183
1652999769,4,211,calibration,perfect,323283
1655004529,8,212,calibration,perfect,787680
1655005622,3,214,calibration,perfect,345932
1655006092,9,213,calibration,perfect,527770
1660999586,0,215,calibration,perfect,953199
1661999846,2,216,calibration,perfect,1109579
1662000630,14,217,calibration,perfect,966084
1662998408,1,218,calibration,perfect,609808
1664004306,13,219,calibration,perfect,1258118
1665999870,11,220,calibration,perfect,1211651
1666000546,12,221,calibration,perfect,574642
1671000039,15,222,calibration,perfect,507456
1676000047,5,223,calibration,perfect,1099748
1685999882,6,224,calibration,perfect,417766
1686000615,10,225,calibration,perfect,332465
1700005062,7,226,calibration,perfect,378060
1701000920,3,227,calibration,perfect,815039
1706000195,1,228,calibration,perfect,327580
1710000944,11,229,calibration,perfect,921758
1712999762,15,230,calibration,perfect,397719
1715999719,5,231,calibration,perfect,491069
1718005148,8,232,calibration,perfect,889011
1719999924,14,233,calibration,perfect,522028
1723999869,4,234,calibration,perfect,856565
1724999762,0,235,calibration,perfect,1349911
1725000505,12,236,calibration,perfect,733776
1726005446,2,237,calibration,perfect,742905
1726006378,13,238,calibration,perfect,662051
1730000266,10,239,calibration,perfect,1280602
1731999903,9,240,calibration,perfect,391281
1738001137,6,241,calibration,perfect,1134657
1740999634,3,242,calibration,perfect,598812
1744003143,7,243,calibration,perfect,347559
1747009173,1,244,calibration,perfect,1315475
1749999920,11,245,calibration,perfect,483298
1754004560,15,246,calibration,perfect,1061625
1760001290,8,247,calibration,perfect,536787
1763005172,5,248,calibration,perfect,399431
1769000264,12,249,calibration,perfect,469228
1777999949,14,250,calibration,perfect,944448
1778999893,10,251,calibration,perfect,601545
1781004538,6,252,calibration,perfect,798938
1782999990,3,253,calibration,perfect,1206787
1784000039,13,254,calibration,perfect,1087484
1786000016,0,255,calibration,perfect,539870
1787000365,1,256,calibration,perfect,1235172
1787000913,2,257,calibration,perfect,715794
1792000054,7,258,calibration,perfect,328934
1795999673,4,259,calibration,perfect,924485
1800000484,15,260,calibration,perfect,863079
1802999759,11,261,calibration,perfect,1027558
1803000974,9,262,calibration,perfect,898432
1806000128,8,263,calibration,perfect,755987
1810001902,12,264,calibration,perfect,531098
1810999903,5,265,calibration,perfect,1128698
1820000133,14,266,calibration,perfect,960345
1822000321,10,267,calibration,perfect,853275
1826004508,6,268,calibration,perfect,625989
1829999966,0,269,calibration,perfect,955982
1830999601,1,270,calibration,perfect,335983
1831000295,13,271,calibration,perfect,189488
1831999749,2,272,calibration,perfect,997396
1836000083,3,273,calibration,perfect,460348
1841999922,15,274,calibration,perfect,1131105
1842000660,7,275,calibration,perfect,665825
1842998707,11,276,calibration,perfect,625670
1846000371,9,277,calibration,perfect,805816
1848999660,8,278,calibration,perfect,758678
1851000012,5,279,calibration,perfect,900187
1851998485,12,280,calibration,perfect,487769
1857000686,4,281,calibration,perfect,758145
1868000308,14,282,calibration,perfect,868771
1870001519,6,283,calibration,perfect,811960
1871004426,10,284,calibration,perfect,723474
1872000190,2,285,calibration,perfect,391939
1873001198,0,286,calibration,perfect,1097201
1877999738,1,287,calibration,perfect,659103
1883000954,3,288,calibration,perfect,583043
1883999748,11,289,calibration,perfect,603848
1888010686,7,290,calibration,perfect,1454801
1890035332,13,291,calibration,perfect,769528
1894000339,5,292,calibration,perfect,352384
1894001126,9,293,calibration,perfect,264167
1898005388,4,294,calibration,perfect,1174545
1900003264,8,295,calibration,perfect,612314
1902000105,12,297,calibration,perfect,378636
1902000754,15,296,calibration,perfect,471304
1908000191,14,298,calibration,perfect,614245
1910001435,6,299,calibration,perfect,423117
1911999597,10,300,calibration,perfect,1196216
1913999391,0,301,calibration,perfect,385228
1914999011,2,302,calibration,perfect,695031
1921005443,1,303,calibration,perfect,515197
1923998654,3,304,calibration,perfect,379236
1925059515,11,305,calibration,perfect,958744
1931001316,7,306,calibration,perfect,944966
1936025435,9,307,calibration,perfect,1204821
1943999712,13,308,calibration,perfect,730901
1944000562,5,309,calibration,perfect,597282
1944000990,8,310,calibration,perfect,437083
1948002157,14,311,calibration,perfect,473305
1948999765,4,312,calibration,perfect,1245551
1949000439,15,313,calibration,perfect,861399
1958071314,6,314,calibration,perfect,811953
1959002931,2,315,calibration,perfect,1218980
1959003512,10,316,calibration,perfect,762658
1970007463,12,317,calibration,perfect,771594
1985000775,1,318,calibration,perfect,1415087
1986999556,0,319,calibration,perfect,631495
1994000660,15,320,calibration,perfect,709352
1996003524,14,321,calibration,perfect,1027750
2001002498,11,322,calibration,perfect,1010600
2002000216,6,323,calibration,perfect,367484
2002999704,7,324,calibration,perfect,350684
2007000477,2,325,calibration,perfect,1061221
2010999828,5,326,calibration,perfect,989924
2015006397,9,327,calibration,perfect,1077609
2017003811,12,328,calibration,perfect,1191252
2018002893,8,329,calibration,perfect,807002
2019030663,4,330,calibration,perfect,1312227
2019034057,10,331,calibration,perfect,814314
2021003635,13,332,calibration,perfect,1248866
2022002376,3,333,calibration,perfect,1079860
2025004257,1,334,calibration,perfect,333607
2027999804,0,335,calibration,perfect,827798
2035999907,15,336,calibration,perfect,1058728
2036000940,14,337,calibration,perfect,532932
2041000573,11,338,calibration,perfect,957972
2043003253,6,339,calibration,perfect,1042396
2047073343,2,341,calibration,perfect,1097068
2047074173,7,340,calibration,perfect,1293637
2057000570,9,342,calibration,perfect,412923
2063000234,8,343,calibration,perfect,729786
2063999739,10,344,calibration,perfect,884289
2068003040,12,345,calibration,perfect,520274
2074000565,5,346,calibration,perfect,1198354
2081000751,0,347,calibration,perfect,998268
2085001169,11,348,calibration,perfect,536610
2087006917,6,349,calibration,perfect,769176
2088002686,2,350,calibration,perfect,927047
2088003989,14,351,calibration,perfect,887617
2088004431,7,352,calibration,perfect,529043
2090999757,3,353,calibration,perfect,1171139
2092000050,13,354,calibration,perfect,1159922
2099000011,15,355,calibration,perfect,1342052
2102000661,4,356,calibration,perfect,563561
2108000158,8,357,calibration,perfect,1225084
2108001006,9,358,calibration,perfect,936674
2111000266,10,359,calibration,perfect,548702
2112028114,1,360,calibration,perfect,863432
2116002283,5,361,calibration,perfect,576373
2121003686,12,362,calibration,perfect,1045624
2126002348,11,363,calibration,perfect,563265
2127999742,6,364,calibration,perfect,1181557
2129003701,0,365,calibration,perfect,717337
2131000276,2,366,calibration,perfect,344986
2131000914,7,367,calibration,perfect,198006
2132003872,13,368,calibration,perfect,826382
2140051180,3,369,calibration,perfect,950020
2144000755,4,370,calibration,perfect,792251
2148999836,8,371,calibration,perfect,1256882
2149000527,14,372,calibration,perfect,567815
2150007476,9,373,calibration,perfect,288203
2157999861,15,374,calibration,perfect,1086859
2158001103,5,375,calibration,perfect,717004
2158001691,10,376,calibration,perfect,590485
2159004549,1,377,calibration,perfect,788690
2160999795,12,378,calibration,perfect,271699
2168004763,11,379,calibration,perfect,1141668
2168005875,6,380,calibration,perfect,675837
2169005362,0,381,calibration,perfect,635350
2175999794,13,382,calibration,perfect,407342
2187003850,7,383,calibration,perfect,1170331
2196005866,2,384,calibration,perfect,614848
2199000185,14,385,calibration,perfect,1175335
2204004201,3,386,calibration,perfect,784423
2209000630,1,387,calibration,perfect,902448
2209001476,9,388,calibration,perfect,852836
2210999937,10,389,calibration,perfect,490503
2215001151,4,390,calibration,perfect,815352
2215002010,11,391,calibration,perfect,733268
2216999899,12,392,calibration,perfect,450264
2217000960,6,393,calibration,perfect,325279
2218999660,15,394,calibration,perfect,602083
2222005996,5,395,calibration,perfect,1142787
2225000308,0,396,calibration,perfect,1243475
2229000309,8,397,calibration,perfect,843397
2229999712,13,398,calibration,perfect,773946
2231003398,7,399,calibration,perfect,795216
2238003305,2,400,calibration,perfect,1286090
2245000314,14,401,calibration,perfect,1155802
2246003024,3,402,calibration,perfect,644966
2250005850,1,403,calibration,perfect,939799
2252000192,10,404,calibration,perfect,1020686
2255001261,9,405,calibration,perfect,1372719
2258070966,11,406,calibration,perfect,393661
2259005401,12,407,calibration,perfect,581723
2261000196,15,408,calibration,perfect,1015654
2261999782,5,409,calibration,perfect,710614
2267003043,4,410,calibration,perfect,342972
2269000826,0,411,calibration,perfect,1159215
2269001508,6,412,calibration,perfect,1041473
2273000023,7,413,calibration,perfect,1106562
2273998877,13,414,calibration,perfect,1190264
2281000877,8,415,calibration,perfect,1105990
2282001048,2,416,calibration,perfect,864022
2285000632,14,417,calibration,perfect,872218
2291000046,3,418,calibration,perfect,948517
2291998432,10,419,calibration,perfect,424705
2293001529,1,420,calibration,perfect,515410
2295004333,9,421,calibration,perfect,553167
2299000057,11,422,calibration,perfect,748647
2306000671,12,423,calibration,perfect,545212
2308000011,5,424,calibration,perfect,1094213
2310000068,0,425,calibration,perfect,1076785
2317000603,4,426,calibration,perfect,179352
2320999243,7,427,calibration,perfect,1110273
2329999219,6,428,calibration,perfect,544867
2335999607,9,429,calibration,perfect,265594
2337999565,10,430,calibration,perfect,1082485
2342999188,2,431,calibration,perfect,759092
2343998983,8,432,calibration,perfect,1266846
2345000079,3,433,calibration,perfect,943864
2345000673,1,434,calibration,perfect,899527
2345999934,13,435,calibration,perfect,539968
2347009375,11,436,calibration,perfect,1369151
2351000023,14,437,calibration,perfect,1080142
2351001548,15,438,calibration,perfect,796082
2352998529,5,439,calibration,perfect,287428
2360000532,4,440,calibration,perfect,1434795
2360001619,12,441,calibration,perfect,1359149
2361000173,0,442,calibration,perfect,371207
2365999766,7,443,calibration,perfect,943897
2376009992,6,444,calibration,perfect,481793
2376999163,9,445,calibration,perfect,965974
2379000256,10,446,calibration,perfect,807226
2385015680,3,447,calibration,perfect,930005
2387000504,1,448,calibration,perfect,1114874
2395003158,8,449,calibration,perfect,1104188
2395004028,5,450,calibration,perfect,895894
2397012063,2,451,calibration,perfect,817483
2398001590,14,452,calibration,perfect,965938
2398999638,13,453,calibration,perfect,1386379
2401000454,12,454,calibration,perfect,1115117
2401999779,15,455,calibration,perfect,359606
2413003829,0,456,calibration,perfect,907484
2414000604,11,457,calibration,perfect,415449
2414999635,4,458,calibration,perfect,711019
2415999763,7,459,calibration,perfect,582530
2416999206,9,460,calibration,perfect,657234
2416999739,6,461,calibration,perfect,212480
2418999734,10,462,calibration,perfect,675184
2426999864,3,463,calibration,perfect,1412750
2433000795,1,464,calibration,perfect,913439
2436000258,5,465,calibration,perfect,545882
2436000977,8,466,calibration,perfect,508615
2438000202,2,467,calibration,perfect,1411872
2438001282,14,468,calibration,perfect,702327
2440004482,13,469,calibration,perfect,1124357
2444000138,15,470,calibration,perfect,705288
2450000685,12,471,calibration,perfect,996379
2454999491,0,472,calibration,perfect,1033217
2456000258,4,473,calibration,perfect,1155295
2459000752,6,474,calibration,perfect,704001
2463999951,7,475,calibration,perfect,677989
2464000754,10,476,calibration,perfect,425619
2467004918,11,477,calibration,perfect,817610
2468000570,3,478,calibration,perfect,602247
2469999965,9,479,calibration,perfect,210212
2473001434,1,480,calibration,perfect,778167
2482000697,13,481,calibration,perfect,848779
2482999717,5,482,calibration,perfect,293514
2484004168,2,483,calibration,perfect,1219777
2487000213,14,484,calibration,perfect,832516
2489000057,15,485,calibration,perfect,1234482
2492000078,8,486,calibration,perfect,568860
2492000672,12,487,calibration,perfect,242220
2495001519,0,488,calibration,perfect,983359
2500000192,4,489,calibration,perfect,1021430
2505000352,6,490,calibration,perfect,893848
2505001106,7,491,calibration,perfect,792012
2505999722,10,492,calibration,perfect,349819
2514000661,11,493,calibration,perfect,984088
2516000649,1,494,calibration,perfect,881083
2517000124,3,495,calibration,perfect,762518
2520003528,9,496,calibration,perfect,1011344
2524999445,13,497,calibration,perfect,1000786
2525000299,2,498,calibration,perfect,243370
2532000658,5,500,calibration,perfect,852341
2532001511,15,499,calibration,perfect,1049359
2533999760,12,501,calibration,perfect,1225029
2540000837,8,502,calibration,perfect,856177
2540001650,4,503,calibration,perfect,507208
2543999981,14,504,calibration,perfect,1376610
2544000709,0,505,calibration,perfect,356290
2547014730,10,506,calibration,perfect,1168343
2547015931,7,507,calibration,perfect,419637
2548005821,6,508,calibration,perfect,1180681
2560000800,3,509,calibration,perfect,820685
2566052938,1,510,calibration,perfect,1095740
2567003488,13,511,calibration,perfect,970734
2575005299,5,512,calibration,perfect,1240010
2575006078,11,513,calibration,perfect,830726
2580000594,8,514,calibration,perfect,763534
2583075076,2,515,calibration,perfect,1421849
2583075863,15,516,calibration,perfect,1192886
2591026479,0,517,calibration,perfect,860679
2593004409,9,518,calibration,perfect,492340
2598998457,7,519,calibration,perfect,1015269
2605001119,6,520,calibration,perfect,346317
2606002088,3,521,calibration,perfect,957926
2606002803,12,522,calibration,perfect,357671
2609002643,13,523,calibration,perfect,1228570
2609003548,4,524,calibration,perfect,611873
2615000411,10,525,calibration,perfect,887082
2618999943,1,527,calibration,perfect,799399
2619000686,11,526,calibration,perfect,915542
2621002449,5,529,calibration,perfect,1021610
2621003161,8,528,calibration,perfect,1078378
2626029103,14,530,calibration,perfect,775861
2627999641,15,531,calibration,perfect,261178
2630000904,2,532,calibration,perfect,1174820
2630999980,0,533,calibration,perfect,257095
2635000627,9,534,calibration,perfect,671463
2641000759,7,535,calibration,perfect,773873
2650000266,4,536,calibration,perfect,656813
2650999643,3,538,calibration,perfect,955187
2651000177,13,537,calibration,perfect,1069491
2651999518,12,539,calibration,perfect,1267119
2652999406,6,540,calibration,perfect,361786
2658000663,10,541,calibration,perfect,1149431
2660998389,1,542,calibration,perfect,916913
2663999427,11,543,calibration,perfect,1227904
2673001823,8,544,calibration,perfect,767542
2675001054,0,545,calibration,perfect,235965
2677999889,9,546,calibration,perfect,581094
2678000645,15,547,calibration,perfect,459951
2679998626,2,548,calibration,perfect,1252599
2686999869,14,549,calibration,perfect,695097
2687999477,5,550,calibration,perfect,762467
2690000911,7,551,calibration,perfect,1171877
2690001728,4,552,calibration,perfect,587980
2693001279,12,553,calibration,perfect,560057
2694999818,3,554,calibration,perfect,713900
2695999415,6,555,calibration,perfect,1132850
2707000505,13,556,calibration,perfect,1119673
2710999951,11,557,calibration,perfect,488026
2716000366,10,558,calibration,perfect,995766
2718002756,8,559,calibration,perfect,528066
2719004734,9,560,calibration,perfect,800257
2723999809,1,561,calibration,perfect,1182163
2727000505,0,562,calibration,perfect,802611
2728004097,15,563,calibration,perfect,768393
2730001495,5,564,calibration,perfect,1180517
2730999625,14,565,calibration,perfect,956809
2731000355,7,566,calibration,perfect,830827
2735003558,2,567,calibration,perfect,363636
2741003096,12,568,calibration,perfect,1047082
2742999119,3,569,calibration,perfect,723621
2742999942,6,570,calibration,perfect,518578
2751000588,13,571,calibration,perfect,941937
2762998662,10,572,calibration,perfect,858119
2766000295,11,573,calibration,perfect,788902
2768999949,15,574,calibration,perfect,304488
2770998565,0,575,calibration,perfect,662387
2773006840,8,576,calibration,perfect,1020161
2773007493,1,577,calibration,perfect,683900
2778000257,4,578,calibration,perfect,601343
2782004827,14,579,calibration,perfect,840800
2784000030,9,580,calibration,perfect,1163401
2784000676,12,581,calibration,perfect,494041
2787000333,5,582,calibration,perfect,532449
2788000202,7,583,calibration,perfect,1315127
2788000734,6,584,calibration,perfect,382534
2792000790,2,585,calibration,perfect,1238009
2793000034,3,586,calibration,perfect,962442
2796000051,13,587,calibration,perfect,618045
2804000212,10,588,calibration,perfect,1165359
2810999822,15,589,calibration,perfect,1260046
2811000472,11,590,calibration,perfect,767709
2816999063,0,591,calibration,perfect,231040
2818005391,8,592,calibration,perfect,705815
2819000487,1,593,calibration,perfect,1287971
2822000062,14,594,calibration,perfect,311302
2824999869,12,595,calibration,perfect,1198766
2825000482,4,596,calibration,perfect,496916
2828000362,5,597,calibration,perfect,630344
2829999640,9,598,calibration,perfect,1186254
2833999927,3,599,calibration,perfect,1052991
2850000185,10,600,calibration,perfect,1323047
2855001367,2,601,calibration,perfect,799854
2855999560,15,602,calibration,perfect,1226033
2858999961,8,603,calibration,perfect,866400
2860001349,7,604,calibration,perfect,601361
2860999577,0,605,calibration,perfect,354363
2862005039,11,606,calibration,perfect,1214048
2864000479,1,607,calibration,perfect,1193764
2866001058,4,608,calibration,perfect,1000555
2868999741,13,609,calibration,perfect,568592
2870000349,9,610,calibration,perfect,1085762
2870000843,12,611,calibration,perfect,490320
2872004363,5,612,calibration,perfect,1001443
2872005233,6,613,calibration,perfect,902121
2872005695,14,614,calibration,perfect,277886
2874000352,3,615,calibration,perfect,886456
2894000455,10,616,calibration,perfect,1394018
2895999964,2,617,calibration,perfect,757772
2897000232,15,618,calibration,perfect,1273546
2902000109,7,619,calibration,perfect,347047
2904999946,0,620,calibration,perfect,560976
2908006145,4,621,calibration,perfect,480444
2911999909,11,622,calibration,perfect,1077325
2914999412,8,623,calibration,perfect,953579
2915000054,12,624,calibration,perfect,520253
2921002412,3,625,calibration,perfect,467082
2922041382,13,626,calibration,perfect,1001171
2927000877,6,627,calibration,perfect,1098573
2927001665,14,628,calibration,perfect,567821
2928000111,5,629,calibration,perfect,941212
2929999723,1,630,calibration,perfect,1296007
2930000407,9,631,calibration,perfect,851654
2935006871,10,632,calibration,perfect,651171
2937000303,15,633,calibration,perfect,894429
2937000932,2,634,calibration,perfect,611093
2945000892,7,635,calibration,perfect,1122806
2949999938,0,636,calibration,perfect,992326
2950998521,4,637,calibration,perfect,982307
2953005159,11,638,calibration,perfect,1216382
2958000597,12,639,calibration,perfect,528110
2960000148,8,640,calibration,perfect,1131601
2966000801,3,641,calibration,perfect,1377674
2966001514,13,642,calibration,perfect,925525
2967000029,6,643,calibration,perfect,796980
2968999038,14,644,calibration,perfect,857905
2969999481,1,645,calibration,perfect,885487
2972001248,5,646,calibration,perfect,805211
2972001933,9,647,calibration,perfect,299644
2975999916,10,648,calibration,perfect,1045021
2984000296,15,649,calibration,perfect,755944
2984001104,2,650,calibration,perfect,413308
2985002496,7,651,calibration,perfect,731118
2993000024,11,652,calibration,perfect,1107475
2994999687,0,653,calibration,perfect,473519
3000000413,4,654,calibration,perfect,1238369
3000999910,12,655,calibration,perfect,813357
3001999504,8,656,calibration,perfect,1266578
3011000094,3,657,calibration,perfect,1226510
3013000118,14,658,calibration,perfect,561879
3014998103,9,659,calibration,perfect,547289
3025005769,13,660,calibration,perfect,873173
3029000037,7,661,calibration,perfect,1079372
3029000615,15,662,calibration,perfect,1035792
3038000152,5,663,calibration,perfect,1304880
3040999707,6,664,calibration,perfect,836501
3045000182,1,665,calibration,perfect,199421
3052004231,3,666,calibration,perfect,1053196
3057072017,4,667,calibration,perfect,1078406
3057072764,10,668,calibration,perfect,763394
3058003538,2,669,calibration,perfect,343729
3068002814,11,670,calibration,perfect,1094730
3078071409,5,671,calibration,perfect,599188
3079005451,14,672,calibration,perfect,1044840
3080002139,7,673,calibration,perfect,1062490
3081000318,15,674,calibration,perfect,938322
3081999502,9,675,calibration,perfect,999474
3085999772,1,676,calibration,perfect,508911
3088004407,8,677,calibration,perfect,486089
3089002653,12,678,calibration,perfect,1061916
3090030102,0,679,calibration,perfect,769517
3092002119,13,680,calibration,perfect,903550
3094000644,6,681,calibration,perfect,1367904
3096002291,3,682,calibration,perfect,1003323
3097018994,4,683,calibration,perfect,818526
3099071074,2,684,calibration,perfect,1187131
3102000386,10,685,calibration,perfect,900033
3108003248,11,686,calibration,perfect,320238
3120004748,5,687,calibration,perfect,310620
3125000910,9,688,calibration,perfect,1277063
3127000407,1,689,calibration,perfect,1128557
3131000268,0,690,calibration,perfect,1099741
3132070900,14,691,calibration,perfect,852456
3132071469,7,693,calibration,perfect,537402
3132071936,13,692,calibration,perfect,669792
3143999535,15,694,calibration,perfect,461219
3146002330,12,695,calibration,perfect,1144644
3146003016,10,696,calibration,perfect,424814
3147000498,2,697,calibration,perfect,603150
3149003750,11,698,calibration,perfect,1093448
3149004366,3,699,calibration,perfect,994753
3156002398,8,700,calibration,perfect,811246
3158000859,4,701,calibration,perfect,927760
3163002836,6,702,calibration,perfect,661409
3167000026,5,703,calibration,perfect,1174141
3170000113,1,704,calibration,perfect,342455
3172000076,9,705,calibration,perfect,925876
3174000364,0,706,calibration,perfect,1323098
3176999905,7,707,calibration,perfect,366117
3179999451,13,708,calibration,perfect,793479
3181000348,14,709,calibration,perfect,716645
3183999791,15,710,calibration,perfect,393681
3185999902,10,711,calibration,perfect,393406
3188000311,12,712,calibration,perfect,357261
3190000695,11,713,calibration,perfect,815956
3199005053,2,714,calibration,perfect,631886
3203070112,6,715,calibration,perfect,504547
3206999574,4,716,calibration,perfect,1148144
3207000402,5,717,calibration,perfect,819052
3208004294,8,718,calibration,perfect,1145527
3210999566,1,719,calibration,perfect,716598
3214004815,9,720,calibration,perfect,1023082
3220004073,7,721,calibration,perfect,833025
3221000912,0,722,calibration,perfect,471656
3224004174,13,723,calibration,perfect,1119853
3224999017,3,724,calibration,perfect,234948
3235999458,10,725,calibration,perfect,1036633
3236000236,12,726,calibration,perfect,806333
3236000774,15,727,calibration,perfect,490863
3237003268,14,728,calibration,perfect,500939
3245004282,6,729,calibration,perfect,459590
3246000567,2,730,calibration,perfect,810919
3246001132,11,731,calibration,perfect,619619
3250998666,8,732,calibration,perfect,842695
3250999308,1,733,calibration,perfect,682711
3253005300,5,734,calibration,perfect,1327599
3258003885,4,735,calibration,perfect,994513
3259001446,9,736,calibration,perfect,1059891
3260998223,7,737,calibration,perfect,778927
3264998809,0,738,calibration,perfect,882238
3264999358,13,739,calibration,perfect,631773
3266999077,3,740,calibration,perfect,706978
3275998734,10,741,calibration,perfect,937971
3278006020,12,742,calibration,perfect,1248487
3280000894,15,743,calibration,perfect,1157123
3280001406,14,744,calibration,perfect,999211
3293001444,11,745,calibration,perfect,1133186
3296999180,5,746,calibration,perfect,1271873
3300000654,4,749,calibration,perfect,619332
3300001459,6,748,calibration,perfect,746123
3300001970,8,747,calibration,perfect,768372
3300999800,1,750,calibration,perfect,813024
3301999827,9,751,calibration,perfect,1170420
3304999769,2,752,calibration,perfect,1389614
3306999902,0,753,calibration,perfect,724130
3308000834,7,754,calibration,perfect,1113562
3308999917,13,755,calibration,perfect,467435
3321000760,15,756,calibration,perfect,636043
3323002951,14,757,calibration,perfect,511453
3324000183,12,758,calibration,perfect,495389
3325000095,10,759,calibration,perfect,608150
3329999489,3,760,calibration,perfect,1077870
3338000656,11,761,calibration,perfect,1276207
3341003198,1,762,calibration,perfect,690152
3346000659,9,763,calibration,perfect,449544
3368006615,4,764,calibration,perfect,689785
3375000227,14,765,calibration,perfect,458219
3377004330,0,767,calibration,perfect,1101058
3377005063,7,766,calibration,perfect,1148360
3378000061,13,768,calibration,perfect,327835
3389000544,12,769,calibration,perfect,954548
3389999716,1,770,calibration,perfect,755668
3391000263,8,771,calibration,perfect,1263100
3398999920,15,772,calibration,perfect,1410129
3401999996,5,773,calibration,perfect,885410
3402999022,2,774,calibration,perfect,975146
3405000781,3,775,calibration,perfect,1180970
3408000966,6,776,calibration,perfect,334804
3412000297,10,777,calibration,perfect,1078272
3416000096,11,778,calibration,perfect,828287
3418999594,4,779,calibration,perfect,847817
3422004910,13,780,calibration,perfect,636719
3423001166,14,781,calibration,perfect,1043543
3423999848,9,782,calibration,perfect,808844
3429999598,0,783,calibration,perfect,1235079
3433000764,1,784,calibration,perfect,961702
3433001857,12,785,calibration,perfect,925627
3433002415,7,786,calibration,perfect,416525
3433999935,8,787,calibration,perfect,592705
3438999531,15,788,calibration,perfect,1076848
3447000421,5,789,calibration,perfect,1075283
3448001782,2,790,calibration,perfect,706826
3450002916,6,791,calibration,perfect,309712
3450999324,3,792,calibration,perfect,1168355
3463000252,13,793,calibration,perfect,1452817
3463001115,4,794,calibration,perfect,1042130
3469000661,10,795,calibration,perfect,872169
3469001816,11,796,calibration,perfect,521000
3469002314,14,797,calibration,perfect,310026
3470999290,9,798,calibration,perfect,781887
3471999301,0,799,calibration,perfect,737307
3474999650,1,800,calibration,perfect,884173
3475000189,12,801,calibration,perfect,768210
3479999810,8,802,calibration,perfect,515546
3498001597,15,803,calibration,perfect,609507
3499999369,2,804,calibration,perfect,862168
3503005365,4,805,calibration,perfect,308539
3505000107,6,806,calibration,perfect,933291
3510998439,9,807,calibration,perfect,383552
3512006792,7,808,calibration,perfect,799896
3519000007,3,810,calibration,perfect,481900
3519000733,12,809,calibration,perfect,535034
3521005216,1,811,calibration,perfect,983527
3523999567,8,812,calibration,perfect,1346185
3524000296,14,813,calibration,perfect,940199
3528999665,11,814,calibration,perfect,731388
3530004521,13,815,calibration,perfect,1401432
3530999813,5,816,calibration,perfect,1244032
3537998560,10,817,calibration,perfect,1138560
3539004587,0,818,calibration,perfect,625410
3540999894,15,819,calibration,perfect,1375177
3545002032,6,820,calibration,perfect,250996
3546998369,2,821,calibration,perfect,764591
3548005929,4,822,calibration,perfect,948517
3560002243,3,823,calibration,perfect,544954
3562999642,1,824,calibration,perfect,551735
3564998733,8,825,calibration,perfect,547597
3566006245,7,826,calibration,perfect,949788
3567000522,12,827,calibration,perfect,1038031
3567001619,9,828,calibration,perfect,740189
3568999517,14,829,calibration,perfect,1247550
3571000550,13,830,calibration,perfect,748435
3575005431,5,831,calibration,perfect,1108639
3575006198,11,832,calibration,perfect,990274
3577999810,10,833,calibration,perfect,844688
3581000922,0,834,calibration,perfect,500101
3581998411,15,835,calibration,perfect,602514
3588001164,4,836,calibration,perfect,549346
3588999554,6,837,calibration,perfect,357773
3589999385,2,838,calibration,perfect,679325
3602004716,3,839,calibration,perfect,698513
3604000000,1,840,calibration,perfect,1000710
3605999938,8,841,calibration,perfect,795797
3608000896,7,842,calibration,perfect,915828
3611004672,12,843,calibration,perfect,507119
3614000059,9,844,calibration,perfect,610518
3617999906,10,845,calibration,perfect,807987
3624000722,13,846,calibration,perfect,690432
3626999828,5,848,calibration,perfect,836102
3627000455,14,847,calibration,perfect,863271
3630000313,4,849,calibration,perfect,720355
3632000019,2,850,calibration,perfect,1139121
3633004192,6,851,calibration,perfect,942547
3633005107,11,852,calibration,perfect,483581
3634999958,15,853,calibration,perfect,887045
3637000942,0,854,calibration,perfect,941114
3647022753,8,855,calibration,perfect,1066719
3650999577,7,856,calibration,perfect,467579
3653999965,3,857,calibration,perfect,830283
3655000396,12,858,calibration,perfect,376310
3656004644,1,859,calibration,perfect,931620
3657000152,9,860,calibration,perfect,637054
3663998480,10,861,calibration,perfect,778643
3663999131,13,862,calibration,perfect,563674
3669005825,14,863,calibration,perfect,1034142
3670009187,5,864,calibration,perfect,736786
3671002072,4,865,calibration,perfect,607885
3672000960,2,866,calibration,perfect,1080768
3679004387,11,867,calibration,perfect,588742
3680998927,6,868,calibration,perfect,525702
3683005493,15,869,calibration,perfect,772865
3687999684,0,870,calibration,perfect,451538
3695004944,3,871,calibration,perfect,840207
3696000580,1,872,calibration,perfect,618790
3708004201,13,873,calibration,perfect,1027505
3710001256,12,874,calibration,perfect,430198
3710998772,9,875,calibration,perfect,627429
3713001120,5,876,calibration,perfect,955331
3717001195,14,877,calibration,perfect,419965
3717998792,10,878,calibration,perfect,519844
3724005018,15,879,calibration,perfect,1194813
3724998650,4,880,calibration,perfect,747208
3729004199,11,881,calibration,perfect,791374
3730000546,8,882,calibration,perfect,673082
3734001173,0,883,calibration,perfect,438997
3735998479,2,884,calibration,perfect,343073
3739000977,6,885,calibration,perfect,1064215
3742999176,7,886,calibration,perfect,1016304
3743000147,3,887,calibration,perfect,790877
3750999862,1,888,calibration,perfect,759128
3755999503,9,889,calibration,perfect,484544
3762004689,10,891,calibration,perfect,765612
3762005689,13,890,calibration,perfect,801421
3764999568,12,892,calibration,perfect,849319
3768999375,15,893,calibration,perfect,415777
3774005347,5,894,calibration,perfect,1401210
3774998888,0,895,calibration,perfect,499228
3776998141,8,896,calibration,perfect,1193277
3783004829,2,897,calibration,perfect,1143815
3783999098,14,898,calibration,perfect,720649
3787999126,4,899,calibration,perfect,1093176
3788998710,3,900,calibration,perfect,774757
3792000775,1,901,calibration,perfect,556391
3792998711,11,902,calibration,perfect,1006407
3792999435,7,903,calibration,perfect,494496
3796999617,6,904,calibration,perfect,325181
3808003522,12,905,calibration,perfect,553608
3809000787,9,906,calibration,perfect,354011
3812005006,13,907,calibration,perfect,579921
3814999253,15,908,calibration,perfect,900758
3814999910,5,909,calibration,perfect,821559
3817000695,0,910,calibration,perfect,1122979
3824003618,2,911,calibration,perfect,692199
3825000900,8,912,calibration,perfect,718519
3826998583,10,913,calibration,perfect,722714
3831001253,4,914,calibration,perfect,1059102
3832004757,3,915,calibration,perfect,932544
3832005669,1,917,calibration,perfect,471545
3832006242,14,916,calibration,perfect,644438
3834001347,11,918,calibration,perfect,1129761
3837006650,7,919,calibration,perfect,1000571
3839999777,6,920,calibration,perfect,694534
3857001294,15,921,calibration,perfect,1081946
3858001214,13,922,calibration,perfect,446170
3858999797,5,923,calibration,perfect,142363
3860001747,9,924,calibration,perfect,458703
3862998150,12,925,calibration,perfect,1439627
3867000062,8,926,calibration,perfect,1192392
3870000043,2,927,calibration,perfect,901033
3870001791,10,928,calibration,perfect,733616
3875000192,3,929,calibration,perfect,782418
3880000569,4,930,calibration,perfect,1027868
3880001224,11,931,calibration,perfect,654529
3882004821,14,932,calibration,perfect,573495
3886000088,0,933,calibration,perfect,669494
3889998458,7,934,calibration,perfect,1076183
3895000846,6,935,calibration,perfect,1124471
3897000009,1,936,calibration,perfect,1268938
3898001627,15,937,calibration,perfect,592263
3902000350,5,938,calibration,perfect,499295
3906998844,8,939,calibration,perfect,979549
3907998867,12,940,calibration,perfect,500200
3910999996,13,941,calibration,perfect,1144089
3912000558,9,942,calibration,perfect,563710
3912999719,10,943,calibration,perfect,1194072
3916998627,3,944,calibration,perfect,1260378
3918004942,2,945,calibration,perfect,841499
3920000150,4,946,calibration,perfect,909031
3931000742,7,947,calibration,perfect,230749
3932000414,11,948,calibration,perfect,462124
3935005888,6,949,calibration,perfect,732124
3935006686,14,950,calibration,perfect,539147
3936004319,0,951,calibration,perfect,541342
3939999839,1,952,calibration,perfect,781634
3943000284,5,953,calibration,perfect,753307
3943000925,15,954,calibration,perfect,587867
3949000734,8,955,calibration,perfect,591432
3949999970,12,956,calibration,perfect,1292177
3952000020,13,957,calibration,perfect,1220374
3955000357,9,958,calibration,perfect,1275786
3956000435,10,959,calibration,perfect,664038
3957999951,3,960,calibration,perfect,669182
3960000256,4,961,calibration,perfect,890919
3960999766,2,962,calibration,perfect,1240122
3975000348,11,963,calibration,perfect,721848
3976999666,6,965,calibration,perfect,400078
3977000218,14,964,calibration,perfect,511740
3983001063,0,966,calibration,perfect,622595
3992001085,1,967,calibration,perfect,764170
3996000124,12,968,calibration,perfect,543149
4000001272,3,969,calibration,perfect,461127
4001999998,10,970,calibration,perfect,1390907
4002999867,7,971,calibration,perfect,1172372
4004000203,2,972,calibration,perfect,862128
4004999518,13,973,calibration,perfect,887590
4007003172,15,974,calibration,perfect,580370
4011000013,5,975,calibration,perfect,748574
4012000685,4,976,calibration,perfect,1159215
4016003019,8,977,calibration,perfect,1277334
4025004527,11,978,calibration,perfect,657265
4025005397,14,979,calibration,perfect,428087
4029001280,9,980,calibration,perfect,1069409
4029002041,6,981,calibration,perfect,771946
4031000148,0,982,calibration,perfect,633489
4032999974,1,983,calibration,perfect,668017
4041999929,3,984,calibration,perfect,778686
4042998734,12,985,calibration,perfect,1015996
4044005061,10,986,calibration,perfect,1419167
4045000364,7,987,calibration,perfect,292409
4045000926,13,988,calibration,perfect,258479
4048001524,15,989,calibration,perfect,1140761
4050999643,2,990,calibration,perfect,1199258
4051998583,5,991,calibration,perfect,820788
4051999259,4,992,calibration,perfect,567183
4059000550,8,993,calibration,perfect,548189
4066000336,11,994,calibration,perfect,678757
4068998583,14,995,calibration,perfect,1385737
4071005924,9,996,calibration,perfect,404069
4074000057,0,997,calibration,perfect,1025946
4081001830,6,998,calibration,perfect,999083
4084000207,10,999,calibration,perfect,1023597
4091000614,7,1000,calibration,perfect,752840
4091001378,12,1001,calibration,perfect,669645
4096998917,2,1002,calibration,perfect,1348015
4102999994,5,1003,calibration,perfect,520968
4104998824,4,1004,calibration,perfect,1294279
4105999198,1,1005,calibration,perfect,286981
4111000026,14,1006,calibration,perfect,1245075
4114998835,13,1007,calibration,perfect,1202572
4119000570,0,1008,calibration,perfect,974933
4119001398,15,1009,calibration,perfect,952692
4120000516,11,1010,calibration,perfect,304722
4123001959,8,1011,calibration,perfect,1029729
4125005160,3,1012,calibration,perfect,456420
4126999868,6,1013,calibration,perfect,341712
4135001545,9,1014,calibration,perfect,819922
4137000234,2,1015,calibration,perfect,1061631
4139000380,10,1016,calibration,perfect,278542
4144000661,5,1017,calibration,perfect,583475
4145000431,7,1018,calibration,perfect,484803
4147000027,4,1019,calibration,perfect,367335
4150000070,1,1020,calibration,perfect,937854
4154000250,12,1021,calibration,perfect,846825
4157000044,14,1022,calibration,perfect,462906
4158999698,13,1023,calibration,perfect,619463
4160000359,0,1024,calibration,perfect,491007
4163000215,11,1025,calibration,perfect,984437
4163999650,8,1026,calibration,perfect,331263
4170006872,6,1027,calibration,perfect,1279656
4173000682,3,1028,calibration,perfect,982961
4173001456,15,1029,calibration,perfect,617753
4175999435,9,1030,calibration,perfect,1146263
4181000426,2,1031,calibration,perfect,1107329
4181001199,10,1032,calibration,perfect,275206
4186000088,5,1033,calibration,perfect,399917
4191000723,7,1034,calibration,perfect,555560
4198003101,1,1035,calibration,perfect,1212848
4198003779,12,1036,calibration,perfect,1062182
4207000799,0,1037,calibration,perfect,870257
4208000293,8,1038,calibration,perfect,1242141
4210000642,14,1039,calibration,perfect,760832
4210002882,6,1040,calibration,perfect,710334
4211000362,4,1041,calibration,perfect,1141280
4213000269,13,1042,calibration,perfect,1153917
4214003090,11,1043,calibration,perfect,225746
4223003852,9,1044,calibration,perfect,715757
4229000760,15,1045,calibration,perfect,702926
4233005233,5,1046,calibration,perfect,1091411
4233998167,10,1047,calibration,perfect,1130690
4235997804,2,1048,calibration,perfect,1150457
4237004694,7,1049,calibration,perfect,697251
4239997949,12,1050,calibration,perfect,997128
4243999259,1,1051,calibration,perfect,901553
4246000903,3,1052,calibration,perfect,466837
4247999582,8,1053,calibration,perfect,810573
4249005117,0,1054,calibration,perfect,461035
4255999387,13,1055,calibration,perfect,278813
4259000849,4,1056,calibration,perfect,1127645
4260001026,14,1057,calibration,perfect,671404
4263999166,11,1058,calibration,perfect,1105862
4266004624,9,1059,calibration,perfect,695646
4266005488,6,1060,calibration,perfect,679405
4277000052,7,1061,calibration,perfect,528389
4279000170,5,1062,calibration,perfect,1014359
4280998927,2,1063,calibration,perfect,272374
4285998471,15,1064,calibration,perfect,311216
4287005932,10,1065,calibration,perfect,922546
4288998786,3,1066,calibration,perfect,297730
4291999290,0,1067,calibration,perfect,854806
4292998303,8,1068,calibration,perfect,988164
4293998398,12,1069,calibration,perfect,729836
4299999941,1,1070,calibration,perfect,968791
4303003771,4,1071,calibration,perfect,1134160
4303999333,11,1072,calibration,perfect,810105
4305999015,14,1073,calibration,perfect,737738
4310001106,9,1074,calibration,perfect,1245408
4310998529,6,1075,calibration,perfect,1087784
4313000479,13,1076,calibration,perfect,1136418
4324004963,7,1077,calibration,perfect,1260672
4330001031,2,1078,calibration,perfect,1030065
4330998761,5,1079,calibration,perfect,320959
4337003925,3,1080,calibration,perfect,537071
4338004757,10,1081,calibration,perfect,1210439
4341999888,12,1082,calibration,perfect,209705
4345004511,8,1083,calibration,perfect,1244136
4346001231,1,1084,calibration,perfect,864502
4350002528,14,1085,calibration,perfect,979256
4354002538,11,1086,calibration,perfect,745153
4355998864,4,1087,calibration,perfect,313254
4359000936,9,1088,calibration,perfect,726509
4360000374,0,1089,calibration,perfect,363807
4362005804,6,1091,calibration,perfect,963965
4362006393,13,1090,calibration,perfect,1079129
4366004098,7,1092,calibration,perfect,972283
4366004923,15,1093,calibration,perfect,606910
4371999947,5,1094,calibration,perfect,266683
4372999823,2,1095,calibration,perfect,837097
4379007831,3,1096,calibration,perfect,764279
4380005017,10,1097,calibration,perfect,834615
4385001266,8,1098,calibration,perfect,480416
4385999805,12,1099,calibration,perfect,1182013
4387999989,1,1100,calibration,perfect,438267
4389998983,14,1101,calibration,perfect,792163
4396999811,11,1102,calibration,perfect,1080817
4399003237,4,1103,calibration,perfect,1350593
4403003079,13,1104,calibration,perfect,579448
4407001272,6,1105,calibration,perfect,902478
4409001041,7,1106,calibration,perfect,884136
4410998762,0,1107,calibration,perfect,279051
4413000796,9,1108,calibration,perfect,1341820
4414998763,2,1109,calibration,perfect,986671
4420004394,15,1110,calibration,perfect,712196
4421998803,3,1111,calibration,perfect,542059
4424006086,5,1112,calibration,perfect,1040231
4430019039,12,1113,calibration,perfect,1256149
4438002070,8,1114,calibration,perfect,439389
4441013414,14,1115,calibration,perfect,1258875
4442005087,1,1116,calibration,perfect,633213
4451005175,4,1117,calibration,perfect,732243
4453004449,7,1118,calibration,perfect,1080218
4454008205,9,1119,calibration,perfect,1002721
4454018913,11,1120,calibration,perfect,860984
4469008665,6,1121,calibration,perfect,1129799
4471999414,5,1122,calibration,perfect,836791
4474004717,0,1123,calibration,perfect,635700
4475000491,10,1124,calibration,perfect,453978
4476000181,2,1125,calibration,perfect,814484
4478007667,12,1126,calibration,perfect,726280
4482002225,15,1127,calibration,perfect,538895
4483003956,13,1128,calibration,perfect,443303
4487003785,14,1129,calibration,perfect,558633
4491004575,3,1130,calibration,perfect,1202033
4492000786,8,1131,calibration,perfect,429626
4493999100,7,1132,calibration,perfect,1065733
4495004013,4,1133,calibration,perfect,1249240
4496000723,11,1134,calibration,perfect,711827
4499004955,9,1135,calibration,perfect,911749
4503005636,1,1136,calibration,perfect,545489
4512004292,6,1137,calibration,perfect,952762
4516003504,10,1138,calibration,perfect,627804
4517000769,0,1139,calibration,perfect,1023536
4517998723,5,1140,calibration,perfect,513971
4520004657,12,1141,calibration,perfect,181146
4522048802,2,1142,calibration,perfect,1429676
4523001145,15,1143,calibration,perfect,945487
4524005493,13,1144,calibration,perfect,1128438
4530034318,14,1145,calibration,perfect,800047
4534001151,8,1146,calibration,perfect,476213
4535001637,3,1147,calibration,perfect,612156
4536003166,7,1148,calibration,perfect,510205
4537003978,4,1149,calibration,perfect,800866
4537998326,11,1150,calibration,perfect,1065399
4539999681,9,1151,calibration,perfect,425710
4543999905,1,1152,calibration,perfect,1194646
4553007109,6,1153,calibration,perfect,734950
4557004250,0,1154,calibration,perfect,449380
4558004562,10,1155,calibration,perfect,828550
4560000158,5,1156,calibration,perfect,931390
4567998831,12,1157,calibration,perfect,605243
4570004393,2,1158,calibration,perfect,215355
4573001479,14,1159,calibration,perfect,1198457
4577000248,15,1160,calibration,perfect,1290011
4578005743,8,1161,calibration,perfect,1183499
4584000362,3,1162,calibration,perfect,483445
4585998764,1,1163,calibration,perfect,296520
4599999184,11,1164,calibration,perfect,1216652
4603004817,0,1165,calibration,perfect,674305
4603998612,6,1166,calibration,perfect,547850
4605999528,10,1167,calibration,perfect,363653
4609001202,7,1168,calibration,perfect,1162978
4610998325,4,1169,calibration,perfect,1325285
4610998976,5,1170,calibration,perfect,537614
4614000149,2,1171,calibration,perfect,1043891
4616003810,12,1172,calibration,perfect,622605
4617998878,8,1173,calibration,perfect,451741
4624005320,14,1174,calibration,perfect,626427
4625000552,15,1175,calibration,perfect,480249
4635001275,9,1176,calibration,perfect,495330
4635998799,3,1177,calibration,perfect,752743
4635999462,13,1178,calibration,perfect,494593
4637999444,1,1179,calibration,perfect,893802
4642999907,11,1180,calibration,perfect,1034468
4645004871,6,1181,calibration,perfect,936130
4645999639,0,1182,calibration,perfect,440341
4649006693,10,1183,calibration,perfect,1274301
4651998791,7,1184,calibration,perfect,572686
4659001264,4,1185,calibration,perfect,461311
4660998694,2,1186,calibration,perfect,598054
4663998636,8,1187,calibration,perfect,733209
4664998048,5,1188,calibration,perfect,708897
4673000638,12,1189,calibration,perfect,840475
4676998996,9,1190,calibration,perfect,780619
4680999190,14,1191,calibration,perfect,910123
4682005176,15,1192,calibration,perfect,931736
4683002078,3,1193,calibration,perfect,433550
4684000358,1,1194,calibration,perfect,1102421
4684001000,11,1195,calibration,perfect,739349
4692999142,0,1196,calibration,perfect,945342
4695005192,10,1197,calibration,perfect,704157
4696999260,13,1198,calibration,perfect,745231
4699003547,6,1199,calibration,perfect,875789
4703003905,2,1200,calibration,perfect,256846
4704998828,8,1201,calibration,perfect,1303042
4708004122,4,1202,calibration,perfect,512252
4709000274,7,1203,calibration,perfect,317740
4713999197,5,1204,calibration,perfect,1145954
4714998559,12,1205,calibration,perfect,700976
4720004206,9,1206,calibration,perfect,167601
4725005986,11,1207,calibration,perfect,1249824
4725006587,14,1208,calibration,perfect,1143806
4728999264,15,1209,calibration,perfect,821570
4729998849,1,1210,calibration,perfect,1039305
4729999572,3,1211,calibration,perfect,403582
4733002352,0,1212,calibration,perfect,450261
4738000778,10,1213,calibration,perfect,1084947
4738001389,13,1214,calibration,perfect,667083
4743998913,6,1215,calibration,perfect,1414539
4743999661,2,1216,calibration,perfect,737305
4745003790,8,1217,calibration,perfect,785877
4751998700,7,1218,calibration,perfect,1122162
4753003882,4,1219,calibration,perfect,633502
4753999884,5,1220,calibration,perfect,765058
4760998739,12,1221,calibration,perfect,816603
4763998590,9,1222,calibration,perfect,810943
4764999417,11,1223,calibration,perfect,674771
4767001356,14,1224,calibration,perfect,838228
4770006798,15,1225,calibration,perfect,423663
4772000122,1,1226,calibration,perfect,1095848
4774005197,0,1227,calibration,perfect,450327
4780000697,10,1228,calibration,perfect,877074
4780998287,3,1229,calibration,perfect,752268
4790017894,6,1230,calibration,perfect,894923
4790019132,13,1231,calibration,perfect,755742
4792000765,7,1232,calibration,perfect,312870
4799004343,4,1233,calibration,perfect,788087
4800998909,2,1234,calibration,perfect,679535
4804999890,12,1235,calibration,perfect,1259451
4808998442,11,1236,calibration,perfect,808543
4810998188,14,1237,calibration,perfect,618193
4814999531,1,1238,calibration,perfect,683969
4816004041,8,1239,calibration,perfect,1225486
4818998755,15,1240,calibration,perfect,399476
4823998559,5,1241,calibration,perfect,720937
4828003318,3,1242,calibration,perfect,1019812
4830999786,9,1243,calibration,perfect,797036
4841002767,13,1244,calibration,perfect,917147
4850000813,4,1245,calibration,perfect,280747
4851998533,2,1246,calibration,perfect,1134229
4851999098,12,1247,calibration,perfect,874823
4853004004,11,1248,calibration,perfect,453330
4853999416,14,1249,calibration,perfect,1056185
4855000351,6,1250,calibration,perfect,1233013
4859000239,0,1251,calibration,perfect,612309
4868999096,5,1253,calibration,perfect,1075295
4868999822,8,1252,calibration,perfect,1216118
4870004578,10,1254,calibration,perfect,362739
4871998773,7,1255,calibration,perfect,1326585
4873000458,3,1257,calibration,perfect,978928
4873000903,9,1256,calibration,perfect,1136598
4877998683,1,1258,calibration,perfect,329721
4880999200,15,1259,calibration,perfect,1198383
4884000599,13,1260,calibration,perfect,952817
4891003943,4,1261,calibration,perfect,993206
4892000238,2,1262,calibration,perfect,722191
4899003866,14,1263,calibration,perfect,574389
4904998999,0,1265,calibration,perfect,694923
4904999772,12,1264,calibration,perfect,731187
4908002093,6,1266,calibration,perfect,860012
4909000073,5,1267,calibration,perfect,951364
4909998565,8,1268,calibration,perfect,954450
4913000921,10,1269,calibration,perfect,1108078
4913998357,9,1270,calibration,perfect,1160210
4930002628,13,1271,calibration,perfect,307135
4931998690,7,1272,calibration,perfect,1145959
4931999286,11,1273,calibration,perfect,826347
4933003666,2,1274,calibration,perfect,947916
4934000424,4,1276,calibration,perfect,991358
4934001039,15,1275,calibration,perfect,1177553
4936000115,3,1277,calibration,perfect,1219710
4936000793,1,1278,calibration,perfect,637941
4938998963,14,1279,calibration,perfect,556564
4946000951,0,1280,calibration,perfect,542559
4948000753,12,1281,calibration,perfect,926407
4950001017,8,1282,calibration,perfect,571908
4951998439,5,1283,calibration,perfect,397358
4955998797,6,1285,calibration,perfect,258011
4955999437,9,1284,calibration,perfect,303331
4958002760,10,1286,calibration,perfect,488998
4971999540,13,1287,calibration,perfect,1014356
4978003955,15,1288,calibration,perfect,1164609
4984000868,1,1289,calibration,perfect,210365
4985998664,3,1291,calibration,perfect,1096683
4985999218,4,1290,calibration,perfect,1097540
4985999690,7,1292,calibration,perfect,993147
4986000144,11,1293,calibration,perfect,681591
4987004576,0,1294,calibration,perfect,847653
4989998708,14,1295,calibration,perfect,945549
4995998670,8,1296,calibration,perfect,438352
4996998397,5,1297,calibration,perfect,450706
4997999381,9,1298,calibration,perfect,840415
5000998844,6,1299,calibration,perfect,1039624
5000999675,12,1300,calibration,perfect,662072
5003999068,10,1301,calibration,perfect,986220
5005999228,2,1302,calibration,perfect,593451
5013001453,13,1303,calibration,perfect,463006
5018999090,15,1304,calibration,perfect,1138269
5026999057,11,1305,calibration,perfect,481592
5029999091,0,1306,calibration,perfect,1005294
5029999904,3,1307,calibration,perfect,995814
5030999243,4,1308,calibration,perfect,1032131
5030999734,1,1309,calibration,perfect,730390
5037005337,8,1310,calibration,perfect,958122
5037006068,14,1311,calibration,perfect,447609
5042999570,9,1312,calibration,perfect,1140537
5043998691,6,1313,calibration,perfect,543714
5047000677,12,1314,calibration,perfect,656415
5050999708,5,1315,calibration,perfect,1203107
5053005377,10,1316,calibration,perfect,775149
5055999849,13,1317,calibration,perfect,1115837
5060998333,2,1318,calibration,perfect,534736
5063000688,7,1319,calibration,perfect,604435
5066005711,15,1320,calibration,perfect,1379906
5068998412,11,1321,calibration,perfect,1287755
5071999089,1,1322,calibration,perfect,769506
5076998667,8,1323,calibration,perfect,711314
5088999068,9,1324,calibration,perfect,441622
5096000713,6,1325,calibration,perfect,408709
5105001082,2,1326,calibration,perfect,803599
5105998769,14,1327,calibration,perfect,1085074
5108002471,12,1328,calibration,perfect,1101355
5108003162,3,1329,calibration,perfect,303805
5109000541,7,1330,calibration,perfect,885180
5112004339,13,1331,calibration,perfect,895789
5113998251,4,1332,calibration,perfect,1258034
5113999150,15,1333,calibration,perfect,1072832
5113999737,5,1334,calibration,perfect,909828
5121999426,10,1335,calibration,perfect,963573
5124004187,11,1336,calibration,perfect,505599
5125000468,1,1337,calibration,perfect,1277242
5128999183,8,1338,calibration,perfect,959488
5131000595,0,1339,calibration,perfect,1161966
5132006128,9,1340,calibration,perfect,603206
5137006281,6,1341,calibration,perfect,687782
5146999815,14,1342,calibration,perfect,1114569
5153003404,12,1343,calibration,perfect,1152862
5153998992,2,1344,calibration,perfect,850932
5154999181,7,1345,calibration,perfect,366639
5157003940,13,1346,calibration,perfect,789339
5160998793,5,1347,calibration,perfect,1162051
5162004417,3,1348,calibration,perfect,979354
5168998817,8,1349,calibration,perfect,391467
5172000447,4,1350,calibration,perfect,1269240
5175000853,11,1351,calibration,perfect,611099
5178003746,15,1352,calibration,perfect,648948
5178999345,10,1353,calibration,perfect,1086587
5179998956,6,1354,calibration,perfect,468852
5180999178,0,1355,calibration,perfect,692754
5185998485,1,1356,calibration,perfect,1076678
5185999241,9,1357,calibration,perfect,1050747
5189999027,14,1358,calibration,perfect,945926
5193998808,12,1359,calibration,perfect,1060166
5196000685,7,1360,calibration,perfect,531943
5196998796,2,1361,calibration,perfect,732542
5201999831,13,1362,calibration,perfect,1068298
5205998995,5,1363,calibration,perfect,1143330
5208002466,3,1364,calibration,perfect,871662
5210999249,8,1365,calibration,perfect,1308067
5212004714,4,1366,calibration,perfect,766282
5216004387,11,1367,calibration,perfect,1363863
5220004330,15,1368,calibration,perfect,362401
5222999592,10,1369,calibration,perfect,1117001
5225000962,0,1370,calibration,perfect,463987
5225999498,1,1372,calibration,perfect,892454
5226000705,6,1371,calibration,perfect,1098720
5226001142,9,1373,calibration,perfect,623062
5229999318,14,1374,calibration,perfect,918310
5234000533,12,1375,calibration,perfect,952736
5239999160,7,1376,calibration,perfect,725204
5241003605,2,1377,calibration,perfect,994314
5242999326,13,1378,calibration,perfect,575028
5246000816,5,1379,calibration,perfect,473717
5251999055,8,1380,calibration,perfect,1322782
5253005091,4,1381,calibration,perfect,740104
5259000401,3,1382,calibration,perfect,989931
5260000130,11,1383,calibration,perfect,701000
5260998414,15,1384,calibration,perfect,610673
5263999291,10,1385,calibration,perfect,396242
5272000136,1,1387,calibration,perfect,827842
5272001059,6,1386,calibration,perfect,900933
5274999037,12,1388,calibration,perfect,1118093
5285000811,13,1389,calibration,perfect,379233
5285998916,7,1390,calibration,perfect,265871
5287003961,2,1391,calibration,perfect,228642
5292999096,0,1392,calibration,perfect,774892
5295004045,8,1393,calibration,perfect,390486
5296000494,9,1394,calibration,perfect,966122
5298000112,4,1395,calibration,perfect,1160288
5299005100,5,1397,calibration,perfect,750672
5299005946,14,1396,calibration,perfect,793459
5300000717,3,1398,calibration,perfect,971526
5304999010,10,1399,calibration,perfect,1246748
5313999411,11,1400,calibration,perfect,868193
5314998620,12,1401,calibration,perfect,947729
5318999422,15,1402,calibration,perfect,1125204
5322999935,6,1403,calibration,perfect,290754
5325001480,1,1404,calibration,perfect,1324075
5326999163,13,1405,calibration,perfect,1288901
5328003424,7,1406,calibration,perfect,443110
5333001659,2,1407,calibration,perfect,1341027
5334999962,0,1408,calibration,perfect,577686
5342001003,14,1409,calibration,perfect,769792
5349003695,8,1411,calibration,perfect,782366
5349004542,10,1410,calibration,perfect,835662
5350998606,5,1412,calibration,perfect,983778
5353999530,9,1413,calibration,perfect,1141225
5359999312,11,1414,calibration,perfect,1018290
5365000136,12,1415,calibration,perfect,737609
5368002093,1,1416,calibration,perfect,742586
5370006154,4,1417,calibration,perfect,1171820
5372000729,6,1418,calibration,perfect,963775
5376999308,3,1419,calibration,perfect,350059
5380999538,15,1420,calibration,perfect,1226893
5388001270,2,1421,calibration,perfect,875916
5388999483,13,1422,calibration,perfect,1102356
5392999365,0,1423,calibration,perfect,869113
5401999265,11,1424,calibration,perfect,1083991
5402000094,10,1425,calibration,perfect,640497
5403002466,8,1426,calibration,perfect,838429
5403003335,9,1427,calibration,perfect,450461
5404003686,7,1428,calibration,perfect,838953
5406000183,12,1429,calibration,perfect,444591
5407002790,14,1430,calibration,perfect,420621
5408004365,5,1431,calibration,perfect,765937
5410998330,4,1432,calibration,perfect,683969
5412003954,1,1433,calibration,perfect,113409
5413999250,6,1434,calibration,perfect,414073
5418999488,3,1435,calibration,perfect,835205
5424005938,15,1436,calibration,perfect,730984
5428003606,2,1437,calibration,perfect,866564
5433002215,13,1438,calibration,perfect,1244596
5437004437,0,1439,calibration,perfect,256038
5442001404,11,1440,calibration,perfect,721276
5443998616,8,1442,calibration,perfect,532576
5443999196,9,1441,calibration,perfect,558317
5446000903,7,1443,calibration,perfect,452524
5447999245,14,1444,calibration,perfect,951440
5450999627,5,1445,calibration,perfect,659456
5453003544,1,1446,calibration,perfect,289284
5453999276,4,1447,calibration,perfect,921170
5457006393,12,1448,calibration,perfect,1096998
5459999333,10,1449,calibration,perfect,952009
5460998667,3,1450,calibration,perfect,1138687
5462004622,6,1451,calibration,perfect,1167086
5463998615,15,1452,calibration,perfect,685999
5470004403,2,1453,calibration,perfect,1101145
5476999041,13,1454,calibration,perfect,588155
5478004541,0,1455,calibration,perfect,646224
5483002197,11,1456,calibration,perfect,909843
5488998306,8,1457,calibration,perfect,284923
5492000544,5,1458,calibration,perfect,869423
5496999781,7,1459,calibration,perfect,1079642
5500001070,1,1460,calibration,perfect,305903
5504999000,15,1461,calibration,perfect,781006
5508003243,12,1462,calibration,perfect,573608
5518999066,10,1463,calibration,perfect,1332946
5521000523,4,1464,calibration,perfect,957786
5521001513,9,1465,calibration,perfect,942262
5525999205,2,1466,calibration,perfect,1034516
5528005308,14,1467,calibration,perfect,713910
5531000149,0,1468,calibration,perfect,511441
5531000906,13,1469,calibration,perfect,501412
5533002055,11,1470,calibration,perfect,746272
5534000451,8,1471,calibration,perfect,405076
5535997799,3,1472,calibration,perfect,935363
5539998806,6,1473,calibration,perfect,944748
5542000716,7,1474,calibration,perfect,886949
5542999335,1,1475,calibration,perfect,789930
5549005059,12,1476,calibration,perfect,620660
5550000506,15,1477,calibration,perfect,596878
5550998604,5,1478,calibration,perfect,985494
5559001604,10,1479,calibration,perfect,899666
5563998548,9,1480,calibration,perfect,1178756
5571000854,2,1481,calibration,perfect,550795
5574004267,4,1482,calibration,perfect,883367
5575000596,11,1483,calibration,perfect,985532
5575999303,8,1484,calibration,perfect,336174
5579999561,3,1485,calibration,perfect,1095297
5583002220,6,1486,calibration,perfect,523378
5584000328,13,1487,calibration,perfect,1094681
5584000940,14,1488,calibration,perfect,887714
5585998295,0,1489,calibration,perfect,394809
5589998658,1,1490,calibration,perfect,1094169
5591003663,12,1491,calibration,perfect,417459
5596000765,15,1492,calibration,perfect,978880
5605999238,10,1493,calibration,perfect,1057395
5609000405,9,1494,calibration,perfect,487003
5617000632,7,1495,calibration,perfect,959064
5618999058,2,1496,calibration,perfect,992666
5621999234,4,1497,calibration,perfect,818264
5638999483,11,1498,calibration,perfect,1078827
5639000179,12,1499,calibration,perfect,365098
5641004234,15,1500,calibration,perfect,1383024
5642999493,1,1501,calibration,perfect,1113720
5645003647,13,1502,calibration,perfect,980454
5646000639,14,1503,calibration,perfect,550981
5646998257,8,1505,calibration,perfect,369876
5646998794,10,1504,calibration,perfect,379736
5648001255,0,1506,calibration,perfect,906633
5654998883,5,1507,calibration,perfect,829399
5655998430,9,1508,calibration,perfect,1111235
5658002518,6,1509,calibration,perfect,1272090
5659000987,2,1510,calibration,perfect,488673
5662003764,3,1511,calibration,perfect,1150017
5663000817,4,1512,calibration,perfect,887705
5663998000,7,1513,calibration,perfect,1127326
5679998747,12,1514,calibration,perfect,1072070
5685998545,13,1515,calibration,perfect,901557
5687998637,1,1516,calibration,perfect,1059445
5693000211,8,1517,calibration,perfect,440323
5693998682,15,1518,calibration,perfect,1293749
5700001156,0,1519,calibration,perfect,419606
5700002086,9,1520,calibration,perfect,262693
5703003925,2,1521,calibration,perfect,876455
5703004742,4,1522,calibration,perfect,633164
5703998509,10,1523,calibration,perfect,1021779
5706003522,11,1524,calibration,perfect,878410
5708001711,5,1525,calibration,perfect,1207855
5712999059,3,1526,calibration,perfect,1072310
5717998777,14,1527,calibration,perfect,651716
5719003421,7,1528,calibration,perfect,402842
5723004871,6,1529,calibration,perfect,1011371
5723006052,12,1530,calibration,perfect,778278
5725998939,13,1531,calibration,perfect,278551
5729999535,1,1532,calibration,perfect,438858
5733998954,15,1533,calibration,perfect,943923
5735006292,8,1534,calibration,perfect,444054
5744003163,0,1535,calibration,perfect,795640
5745999181,2,1536,calibration,perfect,1089324
5746999497,10,1537,calibration,perfect,754939
5747000243,9,1538,calibration,perfect,461014
5749999475,4,1539,calibration,perfect,1230695
5752004162,11,1540,calibration,perfect,913399
5752004745,5,1541,calibration,perfect,674300
5753998922,3,1542,calibration,perfect,1122839
5758999388,14,1543,calibration,perfect,1081768
5760998733,7,1544,calibration,perfect,910121
5766004123,12,1545,calibration,perfect,1358396
5770003954,13,1546,calibration,perfect,1226668
5770004673,1,1547,calibration,perfect,244129
5775001795,6,1548,calibration,perfect,782790
5780999161,15,1549,calibration,perfect,839741
5785997906,8,1550,calibration,perfect,884832
5787003796,10,1551,calibration,perfect,362559
5803004271,14,1552,calibration,perfect,218005
5808002289,11,1553,calibration,perfect,1157237
5809999776,5,1554,calibration,perfect,764505
5810998750,12,1555,calibration,perfect,995049
5810999289,9,1556,calibration,perfect,799992
5812999984,3,1557,calibration,perfect,432599
5814001858,4,1558,calibration,perfect,431176
5816998250,0,1559,calibration,perfect,816424
5821999585,2,1560,calibration,perfect,1140152
5825998003,1,1561,calibration,perfect,1116381
5829998246,15,1562,calibration,perfect,802686
5833998157,13,1563,calibration,perfect,1213935
5839999713,8,1564,calibration,perfect,1163022
5840999837,7,1565,calibration,perfect,802975
5841998231,10,1566,calibration,perfect,974503
5842998974,6,1567,calibration,perfect,773614
5847000626,14,1568,calibration,perfect,333357
5848999869,11,1569,calibration,perfect,631849
5850997707,5,1570,calibration,perfect,550271
5851999238,9,1571,calibration,perfect,757496
5856001406,3,1572,calibration,perfect,1279475
5856998947,12,1573,calibration,perfect,909067
5859000077,0,1574,calibration,perfect,1105006
5861000135,4,1575,calibration,perfect,589631
5862000298,2,1576,calibration,perfect,940690
5870001010,15,1577,calibration,perfect,692859
5870002150,1,1578,calibration,perfect,440023
5887000388,6,1579,calibration,perfect,480951
5893000429,14,1580,calibration,perfect,518599
5898001039,3,1581,calibration,perfect,772699
5901000324,10,1582,calibration,perfect,1123353
5902999808,13,1583,calibration,perfect,1131033
5903999346,9,1584,calibration,perfect,788235
5904999736,7,1585,calibration,perfect,858154
5907998678,12,1586,calibration,perfect,874139
5907999845,8,1587,calibration,perfect,357787
5909004849,4,1588,calibration,perfect,1241987
5910000003,5,1589,calibration,perfect,1044790
5913999821,15,1590,calibration,perfect,835595
5918005217,0,1591,calibration,perfect,852093
5925000033,11,1592,calibration,perfect,948776
5927003720,1,1593,calibration,perfect,672371
5927004378,2,1594,calibration,perfect,567356
5928000429,6,1595,calibration,perfect,1152746
5936004370,14,1596,calibration,perfect,333465
5939000046,3,1597,calibration,perfect,506482
5941000189,10,1598,calibration,perfect,1018585
5942999690,13,1599,calibration,perfect,753232
5946000378,9,1600,calibration,perfect,779708
5948001016,12,1601,calibration,perfect,648117
5949000431,4,1602,calibration,perfect,1056922
5953004840,5,1603,calibration,perfect,930275
5954004237,7,1604,calibration,perfect,931129
5954004851,8,1605,calibration,perfect,498790
5957000143,15,1606,calibration,perfect,1044969
5965000393,0,1607,calibration,perfect,524395
5968000269,1,1608,calibration,perfect,565526
5968000851,6,1609,calibration,perfect,536422
5971003499,11,1610,calibration,perfect,996616
5973001535,2,1611,calibration,perfect,852352
5985001423,10,1612,calibration,perfect,659717
5985999810,13,1613,calibration,perfect,1172252
5991000893,9,1614,calibration,perfect,1136365
5991999988,3,1615,calibration,perfect,679938
5993999659,14,1616,calibration,perfect,1118973
5995000308,8,1617,calibration,perfect,651335
5997000126,5,1618,calibration,perfect,1235342
5997000597,7,1619,calibration,perfect,846825
11020346519,14,1620,scored,perfect,-213353
11023354207,11,1621,scored,perfect,427032
11023355292,7,1622,scored,perfect,-491820
11025344126,12,1623,scored,perfect,288957
11025344701,13,1624,scored,perfect,-549783
11027354044,4,1625,scored,perfect,309984
11027355424,10,1626,scored,perfect,61655
11028353562,8,1627,scored,perfect,193500
11030348156,1,1628,scored,perfect,-168373
11032353927,15,1629,scored,perfect,374143
11034344112,2,1630,scored,perfect,243414
11039353000,3,1631,scored,perfect,-238235
11043350578,0,1632,scored,perfect,-213322
11045346180,5,1633,scored,perfect,-99603
11047351188,6,1634,scored,perfect,-469074
11050344737,9,1635,scored,perfect,-215882
11061349360,14,1636,scored,perfect,216180
11067349318,10,1637,scored,perfect,-634041
11073362660,12,1638,scored,perfect,-149153
11074348877,1,1639,scored,perfect,237438
11075348187,4,1640,scored,perfect,-319835
11077352836,11,1641,scored,perfect,314854
11079344751,8,1642,scored,perfect,254204
11088344275,15,1643,scored,perfect,-121790
11090351337,7,1644,scored,perfect,7752
11092345906,6,1645,scored,perfect,239526
11094353015,0,1646,scored,perfect,17051
11095349873,13,1647,scored,perfect,-142139
11098361458,9,1648,scored,perfect,250420
11100349160,2,1649,scored,perfect,332225
11102358011,5,1650,scored,perfect,509746
11108348095,3,1651,scored,perfect,315203
11109349261,10,1652,scored,perfect,413344
11111354484,14,1653,scored,perfect,128234
11117347613,11,1654,scored,perfect,-619190
11119354443,4,1655,scored,perfect,517143
11121345642,12,1656,scored,perfect,269292
11126347545,1,1657,scored,perfect,-13637
11126348231,8,1658,scored,perfect,-292532
11140355537,7,1659,scored,perfect,-15556
11142343683,9,1660,scored,perfect,-239417
11147350959,13,1662,scored,perfect,-481483
11147351789,15,1661,scored,perfect,-290693
11153349168,5,1663,scored,perfect,-70722
11155348132,2,1664,scored,perfect,-535403
11156352673,3,1665,scored,perfect,100534
11156353659,6,1666,scored,perfect,-365692
11161354689,10,1667,scored,perfect,-203279
11167344521,11,1668,scored,perfect,436460
11167345168,1,1669,scored,perfect,-528124
11170349237,8,1670,scored,perfect,204136
11178353432,0,1671,scored,perfect,-341498
11182354235,12,1672,scored,perfect,314589
11184344268,4,1673,scored,perfect,197434
11192344311,14,1674,scored,perfect,-490347
11196344594,2,1675,scored,perfect,238767
11200345874,7,1676,scored,perfect,487119
11206349757,3,1677,scored,perfect,-284579
11211353685,5,1678,scored,perfect,63687
11212345610,8,1679,scored,perfect,-59422
11213346096,6,1680,scored,perfect,518344
11214349260,1,1681,scored,perfect,-252234
11215353217,15,1682,scored,perfect,-254314
11219350992,0,1683,scored,perfect,220976
11221347080,13,1684,scored,perfect,243159
11222346316,11,1685,scored,perfect,211743
11226345523,9,1686,scored,perfect,-24397
11228348842,12,1687,scored,perfect,-394324
11230346421,4,1688,scored,perfect,578480
11231349704,10,1689,scored,perfect,-513694
11233344723,14,1690,scored,perfect,444042
11237346242,2,1691,scored,perfect,398927
11241349503,7,1692,scored,perfect,47377
11250346829,3,1693,scored,perfect,-213501
11251345690,5,1694,scored,perfect,-22053
11258344416,15,1695,scored,perfect,-558641
11268357410,9,1696,scored,perfect,-277544
11269350464,11,1697,scored,perfect,263112
11271344482,0,1698,scored,perfect,-399709
11278353233,6,1699,scored,perfect,405990
11278354087,4,1700,scored,perfect,-455685
11279344840,14,1701,scored,perfect,166521
11282354230,10,1702,scored,perfect,-76104
11282355065,2,1703,scored,perfect,-360396
11284346306,12,1704,scored,perfect,-147048
11286354333,7,1705,scored,perfect,-152121
11294355416,5,1706,scored,perfect,188302
11295345106,13,1707,scored,perfect,-123985
11296347289,8,1708,scored,perfect,-245434
11303348562,1,1709,scored,perfect,-21873
11304347560,15,1710,scored,perfect,-153551
11305346189,3,1711,scored,perfect,372867
11308346612,9,1712,scored,perfect,-447601
11311348780,11,1713,scored,perfect,331549
11312352846,0,1714,scored,perfect,105939
11320346820,6,1715,scored,perfect,-591124
11323353347,4,1716,scored,perfect,415116
11325344622,12,1717,scored,perfect,-123791
11333345756,7,1718,scored,perfect,273354
11334347878,2,1719,scored,perfect,293045
11335361542,5,1720,scored,perfect,-122780
11336353969,13,1721,scored,perfect,446783
11342354783,8,1722,scored,perfect,-108942
11347346421,3,1723,scored,perfect,-323841
11354349701,0,1724,scored,perfect,99728
11355344108,11,1725,scored,perfect,367780
11355344711,10,1726,scored,perfect,176704
11359344754,9,1727,scored,perfect,201535
11361350895,15,1728,scored,perfect,230946
11361351655,1,1729,scored,perfect,-69115
11363349024,6,1730,scored,perfect,-154598
11370349730,4,1731,scored,perfect,71130
11378349964,2,1732,scored,perfect,-21342
11378350624,12,1733,scored,perfect,-472745
11383345957,5,1734,scored,perfect,5658
11385353104,14,1735,scored,perfect,624030
11385354747,8,1736,scored,perfect,227698
11386354390,7,1737,scored,perfect,-429289
11387351816,13,1738,scored,perfect,-65563
11389349499,3,1739,scored,perfect,-320613
11397345690,11,1740,scored,perfect,-348533
11399349646,10,1741,scored,perfect,452607
11404345306,15,1742,scored,perfect,232433
11404346003,6,1743,scored,perfect,-99019
11406348933,9,1744,scored,perfect,-582543
11407355815,1,1745,scored,perfect,239822
11415354180,0,1746,scored,perfect,144939
11416347139,4,1747,scored,perfect,-96277
11427352559,2,1748,scored,perfect,196479
11431353228,14,1749,scored,perfect,256981
11436355338,8,1750,scored,perfect,-56283
11440354998,12,1751,scored,perfect,308703
11440355584,5,1752,scored,perfect,-77274
11442344614,7,1753,scored,perfect,-206002
11443356219,10,1754,scored,perfect,-173298
11444351681,13,1755,scored,perfect,-47478
11445350016,3,1756,scored,perfect,192992
11447347369,9,1757,scored,perfect,-360590
11448361401,11,1758,scored,perfect,261206
11451346023,15,1759,scored,perfect,373986
11456353355,1,1760,scored,perfect,316945
11458344810,4,1761,scored,perfect,461043
11460352449,0,1762,scored,perfect,508629
11460353574,6,1763,scored,perfect,395940
11469356277,2,1764,scored,perfect,18479
11476346424,14,1765,scored,perfect,127515
11478348686,8,1766,scored,perfect,-78694
11482353999,12,1767,scored,perfect,216478
11492346796,7,1768,scored,perfect,-105955
11495344853,10,1769,scored,perfect,-613088
11502352998,15,1770,scored,perfect,432855
11502353979,3,1771,scored,perfect,-104639
11507353760,5,1772,scored,perfect,-86740
11508344659,0,1773,scored,perfect,-116990
11510349709,6,1774,scored,perfect,314734
11511353570,9,1775,scored,perfect,467882
11516345831,4,1776,scored,perfect,-461372
11518354515,13,1777,scored,perfect,33678
11519351408,2,1778,scored,perfect,-160017
11520349247,14,1779,scored,perfect,-387436
11522348056,8,1780,scored,perfect,-487891
11528351914,11,1781,scored,perfect,272143
11530344668,1,1782,scored,perfect,88220
11537346377,12,1783,scored,perfect,-394018
11542344670,15,1784,scored,perfect,96927
11548355030,7,1785,scored,perfect,-321989
11550344589,5,1786,scored,perfect,-465237
11553353684,0,1787,scored,perfect,-81309
11557349413,6,1788,scored,perfect,-159387
11558347834,4,1789,scored,perfect,172523
11566345719,3,1790,scored,perfect,516329
11569352296,2,1791,scored,perfect,-357208
11572348107,10,1792,scored,perfect,-25505
11574349352,14,1793,scored,perfect,297914
11577354232,11,1794,scored,perfect,137952
11579344858,13,1795,scored,perfect,-175096
11583346334,8,1796,scored,perfect,404417
11586357215,9,1797,scored,perfect,87844
11588346555,1,1798,scored,perfect,155853
11589841960,12,1799,scored,perfect,146975
11590355760,15,1800,scored,perfect,-273516
11595356482,5,1801,scored,perfect,-600970
11596348102,7,1802,scored,perfect,-285862
11598358778,6,1803,scored,perfect,146680
11612345428,3,1804,scored,perfect,30507
11614353775,4,1805,scored,perfect,-444397
11616350578,2,1806,scored,perfect,275543
11619355459,10,1807,scored,perfect,169205
11619356173,11,1808,scored,perfect,168230
11620345814,14,1809,scored,perfect,-367978
11628349685,1,1810,scored,perfect,-228057
11633344985,15,1811,scored,perfect,401456
11639352470,12,1812,scored,perfect,-196039
11643352845,5,1813,scored,perfect,-386147
11644360098,6,1814,scored,perfect,34206
11644361040,9,1815,scored,perfect,-205700
11648362114,0,1817,scored,perfect,167746
11648363017,8,1816,scored,perfect,392892
11650347649,7,1818,scored,perfect,381552
11651343902,13,1819,scored,perfect,303103
11659346565,4,1820,scored,perfect,101609
11661356195,11,1821,scored,perfect,-438066
11666344784,14,1822,scored,perfect,-459962
11670348598,3,1823,scored,perfect,-415545
11676349127,1,1824,scored,perfect,11312
11678354140,10,1825,scored,perfect,-5194
11681348397,2,1826,scored,perfect,-52420
11688346400,12,1827,scored,perfect,-219734
11692344276,0,1828,scored,perfect,-297552
11692345042,5,1829,scored,perfect,-313586
11695349024,7,1830,scored,perfect,-128462
11698353508,9,1831,scored,perfect,426728
11699352789,6,1832,scored,perfect,587398
11702353263,4,1833,scored,perfect,-428645
11705345026,11,1834,scored,perfect,10177
11707349420,8,1835,scored,perfect,-315298
11709344094,14,1836,scored,perfect,234615
11712347584,15,1837,scored,perfect,-280333
11712348263,3,1838,scored,perfect,-360540
11715355491,13,1839,scored,perfect,262711
11720344776,1,1840,scored,perfect,126528
11722345878,2,1841,scored,perfect,376376
11725348176,10,1842,scored,perfect,-264448
11733346659,5,1843,scored,perfect,513216
11742345126,7,1844,scored,perfect,-14206
11742346125,9,1845,scored,perfect,-68260
11745344148,12,1846,scored,perfect,-439525
11751344633,0,1847,scored,perfect,277328
11751345689,4,1848,scored,perfect,-364454
11752347161,14,1849,scored,perfect,112655
11752347700,8,1850,scored,perfect,-227640
11755345660,15,1851,scored,perfect,515176
11757346944,6,1852,scored,perfect,-234537
11766343875,13,1853,scored,perfect,516034
11769366414,11,1854,scored,perfect,95738
11770348387,3,1855,scored,perfect,-139960
11775344825,2,1856,scored,perfect,-18291
11778354170,10,1857,scored,perfect,426040
11778354854,1,1858,scored,perfect,-40643
11781353468,5,1859,scored,perfect,-91134
11783344438,9,1860,scored,perfect,347346
11793349430,4,1861,scored,perfect,176698
11794356370,0,1862,scored,perfect,389171
11796346836,14,1863,scored,perfect,239410
11799348379,6,1865,scored,perfect,64872
11799349120,7,1864,scored,perfect,106796
11801349097,15,1866,scored,perfect,228890
11802353437,8,1867,scored,perfect,-202954
11802354318,12,1868,scored,perfect,-284476
11805345137,13,1869,scored,perfect,-521783
11809347674,11,1870,scored,perfect,-241798
11811353651,3,1871,scored,perfect,-94916
11816354451,2,1872,scored,perfect,-195647
11818353982,1,1873,scored,perfect,-88507
11819350422,10,1874,scored,perfect,-126904
11822346702,5,1875,scored,perfect,528127
11823363554,9,1876,scored,perfect,74380
11837344832,0,1877,scored,perfect,365337
11839348800,14,1878,scored,perfect,417694
11841346418,6,1879,scored,perfect,-342743
11846347212,13,1880,scored,perfect,-26655
11848361042,7,1881,scored,perfect,432616
11849348497,8,1882,scored,perfect,154312
11853361430,4,1883,scored,perfect,54545
11863344082,15,1884,scored,perfect,90119
11866349784,10,1885,scored,perfect,-92597
11867344212,3,1886,scored,perfect,199514
11869355250,9,1887,scored,perfect,492124
11869356497,5,1888,scored,perfect,133451
11872346813,2,1889,scored,perfect,-8006
11875348542,11,1890,scored,perfect,426881
11889349591,0,1891,scored,perfect,-498953
11892344486,8,1892,scored,perfect,145259
11893354420,14,1893,scored,perfect,206391
11894350377,7,1894,scored,perfect,166176
11901345963,1,1895,scored,perfect,208509
11904347743,15,1896,scored,perfect,-136778
11905346227,6,1897,scored,perfect,170379
11909344271,5,1898,scored,perfect,-193679
11912347386,9,1899,scored,perfect,220186
11915353207,3,1900,scored,perfect,355452
11920346364,12,1901,scored,perfect,-628002
11923353380,2,1902,scored,perfect,93060
11931355509,4,1903,scored,perfect,-347541
11932353315,8,1904,scored,perfect,6819
11937347795,0,1905,scored,perfect,-322967
11937348470,13,1906,scored,perfect,-356840
11939349108,10,1907,scored,perfect,-538867
11940355986,11,1908,scored,perfect,272562
11942344320,1,1909,scored,perfect,-247444
11943353414,7,1910,scored,perfect,-380818
11947346561,15,1911,scored,perfect,281735
11948360525,6,1912,scored,perfect,220956
11948361319,14,1913,scored,perfect,-620836
11951344222,5,1914,scored,perfect,79421
11963348289,2,1915,scored,perfect,13976
11967345553,3,1916,scored,perfect,450092
11968355743,12,1917,scored,perfect,244725
11970353516,9,1918,scored,perfect,-413517
11972349636,4,1919,scored,perfect,197639
11972350154,8,1920,scored,perfect,-28592
11979349439,0,1921,scored,perfect,-282865
11984344648,1,1922,scored,perfect,329875
11986350691,7,1923,scored,perfect,463889
11986351412,11,1924,scored,perfect,360245
11987350528,13,1925,scored,perfect,172121
11987351301,15,1926,scored,perfect,-490903
11991344991,10,1927,scored,perfect,-85842
11992346802,5,1928,scored,perfect,-205250
11993349115,6,1929,scored,perfect,-425687
11995346458,14,1930,scored,perfect,207614
12004349601,2,1931,scored,perfect,29670
12009344570,3,1932,scored,perfect,-282833
12012349169,8,1933,scored,perfect,-189595
12014353235,9,1934,scored,perfect,-153899
12014353920,4,1935,scored,perfect,-540053
12016348606,12,1936,scored,perfect,153692
12022346639,0,1937,scored,perfect,540172
12024349386,1,1938,scored,perfect,50276
12026349865,11,1939,scored,perfect,-208866
12027353588,13,1940,scored,perfect,-112163
12031352172,7,1941,scored,perfect,306601
12035352871,5,1942,scored,perfect,357405
12036354396,6,1943,scored,perfect,-115334
12039349321,14,1944,scored,perfect,-77638
12042347260,15,1945,scored,perfect,191362
12042347941,10,1946,scored,perfect,-307026
12045346168,2,1947,scored,perfect,-101361
12051345626,3,1948,scored,perfect,-53992
12054347193,8,1949,scored,perfect,-130951
12055343834,4,1950,scored,perfect,4286
12056359338,12,1951,scored,perfect,-142128
12056360146,9,1952,scored,perfect,-355956
12065349761,1,1953,scored,perfect,-302940
12067349338,0,1954,scored,perfect,-61962
12069360075,13,1955,scored,perfect,359740
12070353972,11,1956,scored,perfect,-164392
12072355886,7,1957,scored,perfect,-406650
12075348109,5,1958,scored,perfect,72359
12077361754,6,1959,scored,perfect,210746
12084345418,15,1960,scored,perfect,-212647
12086350324,10,1961,scored,perfect,57394
12089348558,2,1962,scored,perfect,424529
12091345019,14,1963,scored,perfect,-173497
12092346376,3,1964,scored,perfect,-501872
12096347153,8,1965,scored,perfect,-49270
12096348036,4,1966,scored,perfect,-67685
12097348712,12,1967,scored,perfect,234676
12101349238,9,1968,scored,perfect,220217
12112345712,1,1969,scored,perfect,-228651
12113348892,7,1970,scored,perfect,-180771
12114349583,13,1971,scored,perfect,538494
12121347789,11,1972,scored,perfect,52521
12124349182,0,1973,scored,perfect,42519
12129344313,15,1974,scored,perfect,-195439
12130346921,5,1975,scored,perfect,307738
12135354430,2,1976,scored,perfect,-406711
12136353981,10,1977,scored,perfect,353357
12138346614,3,1978,scored,perfect,96832
12141348832,6,1979,scored,perfect,-444441
12147351000,8,1980,scored,perfect,-214658
12149348772,14,1981,scored,perfect,36559
12150346928,9,1982,scored,perfect,-563915
12151348604,4,1983,scored,perfect,-109767
12154348838,12,1984,scored,perfect,19869
12155344285,1,1985,scored,perfect,-56558
12156356296,7,1986,scored,perfect,409717
12157349753,13,1987,scored,perfect,101523
12162345011,11,1988,scored,perfect,212850
12164349175,0,1989,scored,perfect,-241484
12170350843,15,1990,scored,perfect,-370031
12171343910,5,1991,scored,perfect,185764
12176349944,2,1992,scored,perfect,-72152
12181351787,6,1993,scored,perfect,-450186
12183344711,3,1994,scored,perfect,131067
12189349065,8,1995,scored,perfect,29823
12194355886,4,1996,scored,perfect,535099
12196346529,14,1997,scored,perfect,-57049
12201345934,9,1998,scored,perfect,191769
12203348538,11,1999,scored,perfect,306683
12205347001,10,2000,scored,perfect,48074
12205347625,12,2001,scored,perfect,-66267
12208344718,13,2002,scored,perfect,303464
12208345496,7,2003,scored,perfect,-107713
12208345924,1,2004,scored,perfect,-166263
12211349964,0,2006,scored,perfect,297446
12211351272,15,2005,scored,perfect,417313
12211352213,5,2007,scored,perfect,-216061
12216347478,2,2008,scored,perfect,-361244
12224349265,3,2009,scored,perfect,-93575
12226348986,6,2010,scored,perfect,166015
12230349603,8,2011,scored,perfect,-403686
12240350592,14,2012,scored,perfect,-429900
12242346995,4,2013,scored,perfect,468356
12242347728,9,2014,scored,perfect,33380
12244350606,11,2015,scored,perfect,-67819
12246344247,10,2016,scored,perfect,32083
12247350308,12,2017,scored,perfect,-500360
12249354583,13,2018,scored,perfect,292457
12251348409,7,2019,scored,perfect,-422866
12252353811,5,2020,scored,perfect,-72033
12255344792,0,2021,scored,perfect,227071
12255345694,15,2022,scored,perfect,198010
12261349395,2,2023,scored,perfect,-321283
12264348847,1,2024,scored,perfect,-465201
12264349717,3,2025,scored,perfect,-581433
12266346327,6,2026,scored,perfect,-201409
12270350398,8,2027,scored,perfect,-420232
12281355319,14,2028,scored,perfect,256548
12282353482,4,2029,scored,perfect,260856
12283345479,9,2030,scored,perfect,594358
12285350079,11,2031,scored,perfect,87674
12291345311,10,2032,scored,perfect,417818
12291345999,12,2033,scored,perfect,-255703
12292348075,7,2034,scored,perfect,124520
12293354946,13,2035,scored,perfect,-288122
12298355068,0,2036,scored,perfect,393206
12298355811,15,2037,scored,perfect,-110317
12300346883,5,2038,scored,perfect,-165049
12306353359,2,2039,scored,perfect,257761
12312348172,1,2040,scored,perfect,129933
12315350314,8,2041,scored,perfect,-128332
12316347654,3,2042,scored,perfect,271794
12317346771,6,2043,scored,perfect,-529601
12325347640,4,2044,scored,perfect,-433448
12327360207,14,2045,scored,perfect,7392
12328349086,9,2046,scored,perfect,-435824
12333345134,12,2047,scored,perfect,-174627
12333345953,10,2048,scored,perfect,-455141
12335358751,11,2049,scored,perfect,571933
12338346023,13,2050,scored,perfect,-242794
12339352876,7,2051,scored,perfect,-445089
12342355337,5,2052,scored,perfect,-559745
12356354518,15,2053,scored,perfect,-109152
12357355377,8,2054,scored,perfect,267674
12360348952,1,2055,scored,perfect,543774
12363344450,6,2056,scored,perfect,269847
12366362646,4,2057,scored,perfect,239314
12367350376,14,2058,scored,perfect,-328804
12368354349,2,2059,scored,perfect,-354080
12372347407,9,2060,scored,perfect,-86621
12374351177,0,2062,scored,perfect,-347366
12374352042,12,2061,scored,perfect,-113060
12378354343,13,2063,scored,perfect,-323137
12380346820,3,2064,scored,perfect,-337026
12381347774,11,2065,scored,perfect,-54586
12383346504,10,2066,scored,perfect,155350
12384347428,7,2067,scored,perfect,-216772
12392348930,5,2068,scored,perfect,-593214
12397346192,8,2069,scored,perfect,49655
12397348406,15,2070,scored,perfect,-185302
12403351203,1,2071,scored,perfect,518727
12404348177,6,2072,scored,perfect,244184
12406347739,4,2073,scored,perfect,47013
12409348875,14,2074,scored,perfect,303088
12409349813,2,2075,scored,perfect,-398837
12414349568,9,2076,scored,perfect,125285
12415356653,12,2077,scored,perfect,123932
12416345928,0,2078,scored,perfect,357902
12420348863,13,2079,scored,perfect,-254017
12426346308,10,2080,scored,perfect,-696978
12430344630,3,2081,scored,perfect,134456
12430345409,11,2082,scored,perfect,-138799
12437346452,5,2083,scored,perfect,54884
12442344333,7,2084,scored,perfect,105470
12443353396,1,2085,scored,perfect,218881
12450347745,8,2086,scored,perfect,-207287
12451345538,6,2087,scored,perfect,-236579
12451346159,4,2088,scored,perfect,-526283
12455344579,14,2089,scored,perfect,161043
12456354316,12,2090,scored,perfect,233545
12456355511,0,2091,scored,perfect,-203361
12459344532,2,2092,scored,perfect,-426148
12461349628,13,2093,scored,perfect,-450005
12465355468,9,2094,scored,perfect,86176
12470346444,3,2095,scored,perfect,-7799
12470347271,15,2096,scored,perfect,-45304
12472349725,10,2097,scored,perfect,559762
12472353278,11,2098,scored,perfect,-417625
12481353255,5,2099,scored,perfect,-42788
12485349511,1,2100,scored,perfect,276521
12489359361,7,2101,scored,perfect,383868
12491346620,8,2102,scored,perfect,3249
12493348850,6,2103,scored,perfect,-100993
12494360599,4,2104,scored,perfect,362380
12496347474,14,2105,scored,perfect,255929
12497346704,0,2106,scored,perfect,516704
12497347402,12,2107,scored,perfect,510036
12500347494,2,2108,scored,perfect,-269933
12502360530,13,2109,scored,perfect,507046
12507353706,9,2110,scored,perfect,275677
12511355570,15,2111,scored,perfect,163710
12511356306,3,2112,scored,perfect,-523162
12516344583,11,2113,scored,perfect,-121656
12517346740,10,2114,scored,perfect,337989
12528348883,5,2115,scored,perfect,-578688
12536350016,1,2116,scored,perfect,192939
12538344210,4,2117,scored,perfect,-39184
12540349760,7,2118,scored,perfect,24401
12541349179,0,2119,scored,perfect,88222
12541349877,8,2120,scored,perfect,-467266
12547347686,9,2121,scored,perfect,-233456
12547348254,12,2122,scored,perfect,-248368
12548360855,13,2123,scored,perfect,-402238
12549348412,2,2124,scored,perfect,77240
12551349127,6,2125,scored,perfect,214234
12555346235,15,2126,scored,perfect,484594
12556353899,11,2127,scored,perfect,-217271
12564349734,10,2128,scored,perfect,419295
12564350564,3,2129,scored,perfect,28814
12567344991,14,2130,scored,perfect,452137
12572346580,5,2131,scored,perfect,-470184
12578347824,1,2132,scored,perfect,100730
12589349649,9,2133,scored,perfect,-551632
12591346020,6,2134,scored,perfect,-100423
12593353774,13,2135,scored,perfect,311371
12595347441,8,2136,scored,perfect,-586812
12597346371,15,2137,scored,perfect,501280
12597347326,12,2138,scored,perfect,203840
12607354022,11,2139,scored,perfect,256565
12608344357,2,2140,scored,perfect,111089
12608345367,3,2142,scored,perfect,-161191
12608345835,14,2141,scored,perfect,-154656
12609348833,0,2143,scored,perfect,-60932
12611353887,7,2144,scored,perfect,-224916
12612344359,4,2145,scored,perfect,219054
12612345054,10,2146,scored,perfect,-337193
12614348814,5,2147,scored,perfect,-416124
12629346171,1,2148,scored,perfect,377569
12633345106,6,2149,scored,perfect,-92652
12633345718,9,2150,scored,perfect,-93685
12634346969,13,2151,scored,perfect,81559
12637354338,15,2152,scored,perfect,300224
12639353575,12,2153,scored,perfect,392329
12641350067,8,2154,scored,perfect,-193863
12650347568,2,2155,scored,perfect,389045
12653349190,3,2156,scored,perfect,-414440
12659346636,0,2157,scored,perfect,-219982
12663346388,14,2158,scored,perfect,390828
12665348644,7,2159,scored,perfect,-320912
12677360035,1,2160,scored,perfect,345105
12678347047,10,2161,scored,perfect,-421321
12679347317,11,2162,scored,perfect,-86241
12683344862,8,2163,scored,perfect,-245083
12684347128,5,2164,scored,perfect,-182408
12691346495,9,2165,scored,perfect,-171346
12697346384,2,2166,scored,perfect,-53459
12699348198,4,2167,scored,perfect,117606
12700349343,15,2168,scored,perfect,-212778
12704344449,0,2169,scored,perfect,44712
12705346915,13,2170,scored,perfect,132908
12707353578,7,2172,scored,perfect,231979
12707354248,14,2171,scored,perfect,254822
12711355092,12,2173,scored,perfect,-16215
12720350396,11,2174,scored,perfect,417310
12720351239,1,2175,scored,perfect,-22032
12720351659,3,2176,scored,perfect,-55714
12725347215,5,2177,scored,perfect,-385890
12726343895,6,2178,scored,perfect,-262673
12739353008,9,2179,scored,perfect,-63587
12740349815,8,2180,scored,perfect,-119013
12743349061,10,2181,scored,perfect,1589
12746346935,4,2182,scored,perfect,-56431
12749349655,7,2183,scored,perfect,96144
12750347574,15,2184,scored,perfect,-223912
12755346212,12,2185,scored,perfect,584808
12757354090,14,2186,scored,perfect,-114060
12764354527,3,2187,scored,perfect,-265370
12770346159,6,2188,scored,perfect,-574254
12770347028,11,2189,scored,perfect,-627894
12771347039,5,2190,scored,perfect,24682
12771347855,13,2191,scored,perfect,-279976
12772350492,0,2192,scored,perfect,503073
12774352657,1,2193,scored,perfect,-166128
12778348367,2,2194,scored,perfect,-147630
12782353170,9,2195,scored,perfect,161343
12791349240,4,2196,scored,perfect,483795
12791350081,10,2197,scored,perfect,347848
12792349205,7,2198,scored,perfect,318333
12793358817,8,2200,scored,perfect,-228324
12793359557,15,2199,scored,perfect,-185245
12796344270,12,2201,scored,perfect,-383757
12798354764,14,2202,scored,perfect,-530922
12805344284,3,2203,scored,perfect,398448
12817349181,5,2204,scored,perfect,346094
12827360596,6,2207,scored,perfect,338214
12827361568,11,2206,scored,perfect,546212
12827362356,13,2205,scored,perfect,562291
12830345595,2,2208,scored,perfect,551143
12830346418,1,2209,scored,perfect,131276
12830347296,9,2210,scored,perfect,-302842
12831354478,0,2211,scored,perfect,-176619
12835351491,4,2212,scored,perfect,286516
12837348639,10,2213,scored,perfect,103750
12839352409,8,2214,scored,perfect,-248767
12840353329,14,2215,scored,perfect,167207
12842344211,15,2216,scored,perfect,-411937
12847349826,3,2217,scored,perfect,549704
12848350413,12,2218,scored,perfect,-477455
12850343687,7,2219,scored,perfect,80799
12857348486,5,2220,scored,perfect,59898
12868354238,13,2221,scored,perfect,74700
12868355094,11,2222,scored,perfect,-403550
12872349655,0,2223,scored,perfect,423757
12875344703,6,2224,scored,perfect,464726
12879344477,1,2225,scored,perfect,-137320
12884347605,14,2226,scored,perfect,-442741
12889350063,2,2227,scored,perfect,437128
12890354903,8,2228,scored,perfect,280748
12892346904,4,2230,scored,perfect,-152395
12892347607,9,2229,scored,perfect,-25325
12894353893,7,2231,scored,perfect,-202581
12898361226,3,2232,scored,perfect,-272330
12902360224,12,2233,scored,perfect,66605
12905343846,5,2234,scored,perfect,-379342
12907348841,10,2235,scored,perfect,370913
12909346553,13,2236,scored,perfect,372364
12909347160,11,2237,scored,perfect,13517
12910351791,15,2238,scored,perfect,-108304
12913344132,0,2239,scored,perfect,85652
12915351292,6,2240,scored,perfect,-159548
12925349174,14,2241,scored,perfect,538469
12926343856,1,2242,scored,perfect,310780
12937347059,4,2243,scored,perfect,302016
12940353673,7,2244,scored,perfect,311683
12941345621,8,2245,scored,perfect,260681
12943350940,9,2246,scored,perfect,266311
12948355061,3,2247,scored,perfect,75908
12950346849,10,2248,scored,perfect,120105
12954349336,2,2249,scored,perfect,178616
12956353353,11,2250,scored,perfect,402852
12958344995,12,2251,scored,perfect,552174
12959346535,13,2252,scored,perfect,396272
12959347237,6,2253,scored,perfect,-554291
12962346139,15,2254,scored,perfect,171343
12967344989,0,2255,scored,perfect,41498
12971344487,5,2256,scored,perfect,-231226
12977353358,4,2257,scored,perfect,53145
12978353602,1,2258,scored,perfect,-414735
12980347435,14,2259,scored,perfect,533868
12980347963,7,2260,scored,perfect,81599
12984344313,9,2261,scored,perfect,132351
12985363371,8,2262,scored,perfect,-197009
12988345534,3,2263,scored,perfect,-446909
12991348195,10,2264,scored,perfect,470992
12994354758,2,2265,scored,perfect,144747
12996346875,11,2266,scored,perfect,274444
12998361829,12,2267,scored,perfect,233695
13002357924,6,2268,scored,perfect,540566
13003346103,15,2269,scored,perfect,158892
13008344814,0,2270,scored,perfect,169273
13013344438,13,2271,scored,perfect,560333
13019349029,1,2272,scored,perfect,564631
13019349852,5,2273,scored,perfect,479288
13021347105,7,2274,scored,perfect,-97607
13030344446,3,2276,scored,perfect,-93998
13030345341,8,2275,scored,perfect,117119
13031353747,4,2277,scored,perfect,-364323
13037344985,10,2278,scored,perfect,-143245
13038346453,14,2279,scored,perfect,-209917
13040353959,2,2280,scored,perfect,304488
13040354553,9,2281,scored,perfect,232146
13044360324,15,2282,scored,perfect,-294318
13046347100,11,2283,scored,perfect,316834
13049346253,0,2285,scored,perfect,-409458
13049346852,6,2284,scored,perfect,-96681
13051348897,12,2286,scored,perfect,207666
13056353899,13,2287,scored,perfect,-196538
13063344285,1,2288,scored,perfect,397019
13063344966,7,2289,scored,perfect,352125
13064358745,5,2290,scored,perfect,-353908
13074348381,8,2291,scored,perfect,121496
13075346933,4,2292,scored,perfect,1931
13081354679,9,2293,scored,perfect,-233191
13087345893,10,2294,scored,perfect,-214476
13089353087,11,2295,scored,perfect,100806
13090353369,6,2297,scored,perfect,-14370
13090354011,15,2296,scored,perfect,8776
13092346279,2,2298,scored,perfect,149474
13094354670,12,2299,scored,perfect,535980
13095345823,0,2300,scored,perfect,81421
13095347127,3,2301,scored,perfect,9820
13095347578,14,2302,scored,perfect,-420941
13099354518,13,2303,scored,perfect,-153978
13109344634,5,2304,scored,perfect,-304714
13110356384,7,2305,scored,perfect,-329893
13111348723,1,2306,scored,perfect,454163
13116345705,8,2307,scored,perfect,-461611
13118351356,4,2308,scored,perfect,-232169
13124349325,9,2309,scored,perfect,-274998
13130345100,10,2310,scored,perfect,362274
13130346201,15,2311,scored,perfect,-345514
13132353372,11,2312,scored,perfect,19729
13143349095,0,2313,scored,perfect,369956
13144355607,3,2314,scored,perfect,66119
13145345809,13,2315,scored,perfect,8337
13146346978,6,2316,scored,perfect,-146817
13153347583,7,2317,scored,perfect,37867
13153348721,14,2318,scored,perfect,-31163
13162348037,4,2319,scored,perfect,76041
13163343968,12,2320,scored,perfect,145721
13167344834,2,2321,scored,perfect,338096
13171344318,1,2322,scored,perfect,-316608
13175344512,11,2324,scored,perfect,-94782
13175345312,15,2323,scored,perfect,7856
13180343977,9,2325,scored,perfect,340966
13180344943,8,2326,scored,perfect,-270818
13184344103,5,2327,scored,perfect,135585
13186350483,3,2328,scored,perfect,-196199
13196347572,6,2329,scored,perfect,227263
13197345982,14,2330,scored,perfect,67927
13199346325,13,2331,scored,perfect,168649
13201348627,0,2332,scored,perfect,417886
13202352950,7,2333,scored,perfect,248649
13205346890,4,2334,scored,perfect,311113
13206353998,12,2335,scored,perfect,-281311
13207353401,10,2336,scored,perfect,239185
13212345040,2,2337,scored,perfect,-89341
13214353024,1,2338,scored,perfect,527175
13217344103,11,2339,scored,perfect,33788
13219350333,15,2340,scored,perfect,-481718
13220349587,9,2341,scored,perfect,-215041
13226345322,5,2342,scored,perfect,405217
13226345991,8,2343,scored,perfect,347804
13233344655,3,2344,scored,perfect,-29579
13236354410,6,2345,scored,perfect,-261703
13237344523,14,2346,scored,perfect,-117824
13240360292,13,2347,scored,perfect,-59683
13243349149,0,2348,scored,perfect,8688
13244355657,7,2349,scored,perfect,-360407
13247346758,12,2350,scored,perfect,474178
13248356900,4,2351,scored,perfect,380447
13249345609,10,2352,scored,perfect,2073
13252358672,2,2353,scored,perfect,-174755
13255344195,1,2354,scored,perfect,-409610
13259347438,11,2355,scored,perfect,-396032
13261354030,9,2356,scored,perfect,294302
13268355062,5,2357,scored,perfect,294816
13268356008,8,2358,scored,perfect,181393
13271344733,15,2359,scored,perfect,-354560
13273350241,3,2360,scored,perfect,-49626
13277358079,6,2361,scored,perfect,332443
13278348945,14,2362,scored,perfect,-122511
13282353354,13,2363,scored,perfect,87448
13288346678,0,2364,scored,perfect,602101
13289352944,12,2365,scored,perfect,135725
13289353905,4,2366,scored,perfect,75854
13290354192,10,2367,scored,perfect,364633
13296345739,1,2368,scored,perfect,-8519
13299349824,11,2369,scored,perfect,-398311
13300343978,2,2370,scored,perfect,470738
13300344558,7,2371,scored,perfect,28740
13308347763,5,2372,scored,perfect,-27483
13308348573,8,2373,scored,perfect,-51191
13313344383,3,2374,scored,perfect,-373983
13317344156,9,2375,scored,perfect,-521480
13331354234,12,2376,scored,perfect,-205788
13335354698,6,2377,scored,perfect,-314074
13342349356,7,2378,scored,perfect,-74602
13347346954,10,2379,scored,perfect,-230468
13348361202,1,2380,scored,perfect,-307762
13350349282,13,2381,scored,perfect,-83822
13350349858,4,2382,scored,perfect,-300028
13350350289,14,2384,scored,perfect,-481545
13350350662,15,2383,scored,perfect,-411837
13354347556,0,2385,scored,perfect,-308665
13358347596,2,2386,scored,perfect,-233169
13359344088,8,2387,scored,perfect,-481098
13361348947,11,2388,scored,perfect,360507
13361349454,3,2389,scored,perfect,75289
13363347031,9,2390,scored,perfect,-107573
13365363115,5,2391,scored,perfect,101491
13381355221,12,2392,scored,perfect,89542
13382353809,7,2393,scored,perfect,-135138
13384348929,6,2394,scored,perfect,-143116
13388347925,10,2395,scored,perfect,-146908
13389349214,1,2396,scored,perfect,-485575
13399348682,2,2397,scored,perfect,150906
13401346940,14,2398,scored,perfect,300357
13403354630,8,2399,scored,perfect,-549830
13412345737,9,2400,scored,perfect,-270374
13420346718,4,2401,scored,perfect,-421697
13430344816,0,2402,scored,perfect,14875
13434344136,3,2403,scored,perfect,147724
13441349918,14,2404,scored,perfect,121179
13444353588,6,2405,scored,perfect,-416004
13449352938,7,2406,scored,perfect,-16056
13449353611,13,2407,scored,perfect,-466250
13450343931,10,2408,scored,perfect,-524976
13451348597,11,2409,scored,perfect,-188967
13452354457,8,2410,scored,perfect,283774
13452355203,5,2411,scored,perfect,1005
13453352106,15,2412,scored,perfect,336184
13453352708,12,2413,scored,perfect,-60966
13453353131,1,2414,scored,perfect,-526342
13455346487,2,2415,scored,perfect,-343969
13463344010,4,2416,scored,perfect,555564
13463344986,9,2417,scored,perfect,-346270
13470346427,0,2418,scored,perfect,-55919
13475346021,3,2419,scored,perfect,212221
13482354855,14,2420,scored,perfect,-69130
13486354874,6,2421,scored,perfect,431706
13490355381,7,2422,scored,perfect,373656
13493356868,15,2423,scored,perfect,94601
13494353093,5,2424,scored,perfect,-448952
13497346181,10,2427,scored,perfect,-56933
13497347080,11,2426,scored,perfect,74595
13497347567,13,2425,scored,perfect,139535
13500347058,1,2428,scored,perfect,94964
13506354487,8,2429,scored,perfect,-483806
13508345452,2,2430,scored,perfect,474573
13509347288,4,2431,scored,perfect,137308
13513344448,0,2432,scored,perfect,151838
13515349268,12,2433,scored,perfect,-3455
13522346900,3,2434,scored,perfect,182230
13522349283,9,2435,scored,perfect,-462757
13532353617,14,2436,scored,perfect,226059
13536348882,15,2437,scored,perfect,434551
13537348523,5,2438,scored,perfect,-371173
13539352528,10,2439,scored,perfect,-233086
13541346086,6,2440,scored,perfect,306082
13544359890,7,2441,scored,perfect,6366
13547347616,1,2442,scored,perfect,21525
13548358780,13,2443,scored,perfect,-430926
13550344302,2,2444,scored,perfect,337889
13550344929,8,2446,scored,perfect,-147264
13550345352,11,2445,scored,perfect,61531
13551349019,4,2447,scored,perfect,-310046
13554344420,0,2448,scored,perfect,192432
13556351262,12,2449,scored,perfect,-557060
13565354891,3,2450,scored,perfect,-372403
13574346850,9,2451,scored,perfect,-160937
13575346617,14,2452,scored,perfect,179063
13578353962,5,2453,scored,perfect,203485
13578354549,15,2454,scored,perfect,164420
13580344180,10,2455,scored,perfect,-5443
13586354778,6,2456,scored,perfect,-147178
13590351273,7,2457,scored,perfect,-143602
13599346224,1,2458,scored,perfect,409589
13599347145,0,2459,scored,perfect,-405757
13602353049,12,2460,scored,perfect,-389198
13603354189,4,2461,scored,perfect,-370310
13605343795,13,2462,scored,perfect,177295
13605344295,2,2463,scored,perfect,137296
13611350356,3,2464,scored,perfect,-177888
13611351364,11,2465,scored,perfect,-266540
13614356005,8,2466,scored,perfect,-223147
13619360349,9,2467,scored,perfect,437640
13621348808,10,2468,scored,perfect,-4265
13622347491,14,2469,scored,perfect,-316930
13625347151,15,2470,scored,perfect,-47831
13625347691,5,2471,scored,perfect,-245295
13629347408,6,2472,scored,perfect,233779
13631352891,7,2473,scored,perfect,323280
13642344384,1,2474,scored,perfect,514822
13642345249,0,2475,scored,perfect,-172171
13644349537,4,2476,scored,perfect,492725
13645349751,13,2477,scored,perfect,-430441
13649348945,12,2478,scored,perfect,-234169
13651349189,2,2479,scored,perfect,160663
13652355085,3,2480,scored,perfect,600287
13655346122,8,2481,scored,perfect,9193
13656359183,11,2482,scored,perfect,-260263
13664348989,14,2483,scored,perfect,-482390
13666348284,15,2484,scored,perfect,-380885
13667348394,10,2485,scored,perfect,161376
13668356100,5,2486,scored,perfect,340952
13672347068,9,2487,scored,perfect,186849
13675348811,7,2488,scored,perfect,-394082
13679347841,6,2489,scored,perfect,-19380
13683345504,0,2490,scored,perfect,-115052
13686353134,13,2491,scored,perfect,-400218
13688344021,1,2492,scored,perfect,527954
13688344488,4,2493,scored,perfect,334328
13689352358,12,2494,scored,perfect,-415501
13693357390,2,2495,scored,perfect,-339258
13694349272,3,2496,scored,perfect,195410
13697348884,11,2497,scored,perfect,-59375
13710356093,14,2498,scored,perfect,245817
13713344158,8,2499,scored,perfect,196763
13717344381,9,2500,scored,perfect,-124642
13721346002,7,2501,scored,perfect,-269662
13722351415,15,2502,scored,perfect,143082
13724349746,0,2503,scored,perfect,-427900
13727360897,13,2504,scored,perfect,488397
13729348010,4,2505,scored,perfect,48184
13741345787,3,2506,scored,perfect,523770
13741346664,12,2507,scored,perfect,283942
13744350072,2,2508,scored,perfect,-283879
13746345474,11,2509,scored,perfect,-126989
13750344292,10,2510,scored,perfect,-227998
13753353320,14,2511,scored,perfect,-443207
13756354676,5,2512,scored,perfect,202323
13756355842,8,2513,scored,perfect,118109
13763346691,15,2514,scored,perfect,-35034
13766345753,6,2515,scored,perfect,-395183
13768349540,13,2516,scored,perfect,279445
13769355565,0,2517,scored,perfect,174962
13769356258,1,2518,scored,perfect,-46000
13769356731,7,2519,scored,perfect,-313503
13770345628,4,2520,scored,perfect,-258625
13780344684,9,2521,scored,perfect,335587
13781355012,3,2522,scored,perfect,424232
13783345325,12,2523,scored,perfect,-416683
13785363522,2,2524,scored,perfect,63293
13788344736,11,2525,scored,perfect,214463
13790349854,10,2526,scored,perfect,-235075
13796347192,8,2527,scored,perfect,-286119
13798360892,14,2528,scored,perfect,421117
13800349832,5,2529,scored,perfect,230102
13813344793,6,2530,scored,perfect,177897
13813345581,7,2531,scored,perfect,-373459
13815349100,13,2532,scored,perfect,31242
13816347728,0,2533,scored,perfect,545896
13819355383,1,2534,scored,perfect,556917
13819356069,4,2535,scored,perfect,-79771
13820345638,9,2537,scored,perfect,228942
13820346166,15,2536,scored,perfect,351593
13821346484,3,2538,scored,perfect,353925
13825347405,12,2539,scored,perfect,447277
13830344214,2,2540,scored,perfect,-501291
13836349285,10,2541,scored,perfect,12089
13838344043,11,2542,scored,perfect,510820
13843353817,8,2543,scored,perfect,175446
13844350427,5,2544,scored,perfect,204473
13847350899,14,2545,scored,perfect,-221597
13853348806,7,2546,scored,perfect,-550618
13860352565,4,2547,scored,perfect,374346
13872346348,9,2548,scored,perfect,72960
13874349461,6,2549,scored,perfect,116502
13875348660,0,2550,scored,perfect,-31226
13876347818,15,2551,scored,perfect,-68187
13881351681,11,2552,scored,perfect,321329
13883345005,2,2553,scored,perfect,368704
13883345676,3,2554,scored,perfect,-179617
13888343967,8,2555,scored,perfect,-359052
13897349835,10,2556,scored,perfect,287152
13899348197,12,2557,scored,perfect,177838
13903347765,14,2558,scored,perfect,-186631
13904346927,13,2559,scored,perfect,-128883
13912348755,4,2561,scored,perfect,-255994
13912349444,7,2560,scored,perfect,-13104
13915354439,6,2562,scored,perfect,-14546
13917344123,5,2563,scored,perfect,-392133
13919350281,9,2564,scored,perfect,89018
13920349379,1,2565,scored,perfect,-99752
13927350684,15,2566,scored,perfect,207011
13933344404,11,2567,scored,perfect,237025
13934346809,2,2568,scored,perfect,-314583
13939349786,0,2569,scored,perfect,358471
13949348274,14,2570,scored,perfect,-489221
13951349086,3,2571,scored,perfect,-119766
13954346197,13,2572,scored,perfect,326692
13956353713,7,2573,scored,perfect,-317792
13957353167,6,2574,scored,perfect,296645
13960354167,4,2575,scored,perfect,74575
13961353811,1,2576,scored,perfect,-519792
13962345235,9,2577,scored,perfect,308455
13964349012,5,2578,scored,perfect,354230
13964349677,8,2579,scored,perfect,-54775
13965354112,10,2580,scored,perfect,-68189
13966344391,12,2581,scored,perfect,-226255
13968349976,15,2582,scored,perfect,-190752
13974349212,11,2583,scored,perfect,303562
13975347539,2,2584,scored,perfect,-45299
13981355721,0,2585,scored,perfect,451990
13989358838,14,2586,scored,perfect,-486550
13992344277,3,2587,scored,perfect,-85906
13998355507,13,2588,scored,perfect,-189507
14000348737,7,2589,scored,perfect,-502625
14011355573,9,2590,scored,perfect,-400375
14013344502,15,2591,scored,perfect,-58080
14016347784,12,2592,scored,perfect,251380
14017344028,4,2593,scored,perfect,-155225
14024345827,1,2594,scored,perfect,149971
14028353874,11,2595,scored,perfect,147562
14033344820,5,2596,scored,perfect,-204795
14036355674,3,2597,scored,perfect,479102
14043354057,13,2598,scored,perfect,-344670
14055344391,10,2599,scored,perfect,-391769
14056359228,15,2600,scored,perfect,-47846
14058347363,12,2602,scored,perfect,534140
14058348016,14,2601,scored,perfect,591321
14064353679,6,2603,scored,perfect,466898
14064354308,7,2604,scored,perfect,-270959
14069353743,11,2605,scored,perfect,-104723
14073359904,5,2606,scored,perfect,-386775
14076346138,2,2607,scored,perfect,433817
14082354352,4,2608,scored,perfect,364968
14083344460,3,2609,scored,perfect,386266
14086353656,8,2610,scored,perfect,164360
14089343669,13,2611,scored,perfect,-128720
14093351545,0,2612,scored,perfect,-382979
14101346094,10,2613,scored,perfect,-194053
14102361211,15,2614,scored,perfect,-85090
14103347994,12,2615,scored,perfect,350946
14103348518,9,2616,scored,perfect,-132768
14108346506,6,2617,scored,perfect,16796
14113343916,11,2618,scored,perfect,22272
14114352842,7,2619,scored,perfect,-149477
14116350140,14,2620,scored,perfect,-100381
14117345052,1,2621,scored,perfect,-282138
14120349593,2,2622,scored,perfect,192654
14124349202,3,2623,scored,perfect,-445710
14129344591,8,2624,scored,perfect,167089
14133344680,4,2626,scored,perfect,536182
14133345222,13,2625,scored,perfect,557353
14133345651,5,2627,scored,perfect,211114
14135355851,0,2628,scored,perfect,92282
14144360839,9,2629,scored,perfect,-229051
14145349441,15,2630,scored,perfect,-436315
14153353087,12,2631,scored,perfect,41065
14155352750,6,2633,scored,perfect,279011
14155353336,7,2632,scored,perfect,477884
14156353320,11,2634,scored,perfect,236152
14159345053,14,2635,scored,perfect,36893
14161350200,2,2636,scored,perfect,441451
14163344016,10,2637,scored,perfect,-65757
14167345139,1,2638,scored,perfect,-487362
14168352560,3,2639,scored,perfect,83781
14175345585,5,2640,scored,perfect,-399277
14179347559,4,2641,scored,perfect,-34986
14183345820,8,2642,scored,perfect,220308
14185359743,0,2643,scored,perfect,266916
14192347448,9,2644,scored,perfect,-445841
14195345797,6,2645,scored,perfect,118391
14200347782,7,2647,scored,perfect,-153245
14200348510,13,2646,scored,perfect,102887
14202361416,2,2648,scored,perfect,616422
14204348658,14,2649,scored,perfect,73028
14206354160,12,2650,scored,perfect,-384492
14207353782,11,2651,scored,perfect,254299
14208345760,15,2652,scored,perfect,293177
14210351720,3,2653,scored,perfect,-96641
14213344109,10,2654,scored,perfect,-108668
14213344689,1,2655,scored,perfect,-335498
14216349662,5,2656,scored,perfect,482907
14220349892,4,2657,scored,perfect,98971
14223355601,8,2658,scored,perfect,-351088
14227355051,0,2659,scored,perfect,-237202
14240354618,9,2660,scored,perfect,-31928
14241345901,7,2661,scored,perfect,221349
14243350153,6,2662,scored,perfect,294266
14245345659,2,2663,scored,perfect,137931
14247346690,13,2664,scored,perfect,366509
14247347232,11,2665,scored,perfect,-65742
14250347400,15,2666,scored,perfect,-485523
14251345588,14,2667,scored,perfect,180168
14258347470,10,2668,scored,perfect,-465873
14261349826,5,2669,scored,perfect,92917
14262349718,4,2670,scored,perfect,1436
14265355438,1,2671,scored,perfect,422026
14269354288,8,2672,scored,perfect,-347184
14278346649,0,2673,scored,perfect,-195063
14279347589,12,2674,scored,perfect,368481
14283345633,3,2675,scored,perfect,386546
14284346526,9,2676,scored,perfect,273656
14287347657,7,2677,scored,perfect,299299
14289349630,6,2678,scored,perfect,-131732
14291346250,2,2679,scored,perfect,-375391
14292346850,14,2680,scored,perfect,277368
14295349775,15,2681,scored,perfect,-611107
14297350742,11,2682,scored,perfect,-457263
14299355127,13,2683,scored,perfect,67680
14300344926,10,2684,scored,perfect,-351642
14302353521,5,2685,scored,perfect,479881
14310356183,4,2686,scored,perfect,186355
14313344143,1,2687,scored,perfect,-72365
14316348655,8,2688,scored,perfect,458205
14324345949,12,2689,scored,perfect,-462717
14332353806,2,2690,scored,perfect,310101
14333344665,9,2691,scored,perfect,-204694
14334346271,6,2692,scored,perfect,-40908
14334346854,0,2693,scored,perfect,-551096
14341353097,13,2694,scored,perfect,221779
14341354484,7,2695,scored,perfect,-426295
14344362175,15,2696,scored,perfect,-275013
14353348265,11,2697,scored,perfect,246175
14359347180,14,2698,scored,perfect,163464
14361353787,5,2699,scored,perfect,-284996
14363349069,3,2700,scored,perfect,76117
14363349638,4,2701,scored,perfect,-86419
14364349378,10,2702,scored,perfect,409571
14365355092,8,2703,scored,perfect,127527
14365355787,12,2704,scored,perfect,-118193
14368353554,1,2705,scored,perfect,-453487
14381350967,2,2706,scored,perfect,284842
14385349359,7,2707,scored,perfect,344748
14389350654,15,2708,scored,perfect,91191
14391345916,9,2709,scored,perfect,483089
14397346764,11,2710,scored,perfect,287719
14399346962,6,2711,scored,perfect,-494734
14400348764,13,2712,scored,perfect,-328981
14401348859,14,2713,scored,perfect,-45947
14403351901,0,2714,scored,perfect,-221874
14404344121,4,2715,scored,perfect,99097
14405346488,5,2716,scored,perfect,69093
14405346949,8,2717,scored,perfect,5643
14408346556,3,2718,scored,perfect,199185
14409347668,12,2719,scored,perfect,213721
14417349002,1,2720,scored,perfect,116381
14417350271,10,2721,scored,perfect,-165955
14422349579,2,2722,scored,perfect,144096
14425344656,7,2723,scored,perfect,177429
14430344502,15,2724,scored,perfect,156343
14433347692,9,2725,scored,perfect,-502024
14438344228,11,2726,scored,perfect,101172
14446344425,13,2727,scored,perfect,316623
14447351052,5,2728,scored,perfect,-274299
14452356085,6,2729,scored,perfect,592648
14455346750,3,2730,scored,perfect,-175343
14456353233,12,2731,scored,perfect,-27567
14456354001,8,2732,scored,perfect,-330977
14456354471,0,2733,scored,perfect,-597117
14459343816,4,2734,scored,perfect,-489200
14462348903,10,2735,scored,perfect,286938
14463345191,14,2736,scored,perfect,259778
14468349602,2,2737,scored,perfect,-113486
14470346880,7,2738,scored,perfect,289667
14470347530,1,2739,scored,perfect,-436395
14476346162,9,2740,scored,perfect,41340
14481355339,11,2741,scored,perfect,-332614
14488344468,13,2742,scored,perfect,383258
14489346504,5,2743,scored,perfect,-36839
14492349471,15,2744,scored,perfect,122245
14493349610,6,2745,scored,perfect,360600
14497350241,12,2746,scored,perfect,83112
14498355437,0,2747,scored,perfect,451953
14498356880,8,2748,scored,perfect,-544916
14500344569,3,2749,scored,perfect,62580
14500345111,4,2750,scored,perfect,-459195
14502350266,10,2751,scored,perfect,-458644
14503349635,14,2752,scored,perfect,-176479
14509347532,2,2753,scored,perfect,-312750
14511353471,1,2754,scored,perfect,25301
14515349706,7,2755,scored,perfect,25969
14528352851,9,2756,scored,perfect,234201
14528357100,13,2757,scored,perfect,-260434
14530347251,11,2758,scored,perfect,-155288
14531354193,5,2759,scored,perfect,-441071
14532353039,15,2760,scored,perfect,-147540
14534346275,6,2761,scored,perfect,134530
14537344997,12,2762,scored,perfect,-409458
14538346793,0,2763,scored,perfect,-429828
14540349981,8,2764,scored,perfect,50196
14540350595,3,2765,scored,perfect,-41818
14545349530,10,2766,scored,perfect,-139881
14545350341,14,2767,scored,perfect,-194788
14550344717,2,2768,scored,perfect,-364263
14551349109,4,2769,scored,perfect,390767
14555346235,1,2770,scored,perfect,200834
14556361172,7,2771,scored,perfect,-550496
14572346168,9,2772,scored,perfect,526933
14572347025,5,2773,scored,perfect,-124610
14584344959,3,2774,scored,perfect,-31788
14586349373,10,2775,scored,perfect,566063
14586350343,11,2776,scored,perfect,447983
14599349276,13,2777,scored,perfect,-364701
14603346718,12,2778,scored,perfect,311170
14603347486,1,2779,scored,perfect,-324655
14606354596,7,2780,scored,perfect,461352
14607353923,0,2781,scored,perfect,350831
14621344692,2,2782,scored,perfect,58369
14623354226,15,2783,scored,perfect,314657
14623355045,14,2784,scored,perfect,-68563
14627354236,6,2785,scored,perfect,471637
14628352045,11,2786,scored,perfect,292346
14629344296,9,2787,scored,perfect,184884
14632353195,8,2788,scored,perfect,196892
14633344094,5,2789,scored,perfect,377988
14633344763,10,2790,scored,perfect,102078
14636354697,4,2791,scored,perfect,85332
14636355364,3,2792,scored,perfect,-110261
14642347373,13,2793,scored,perfect,489521
14652359302,7,2794,scored,perfect,374713
14654349639,0,2795,scored,perfect,-54274
14655344206,1,2796,scored,perfect,-140642
14660354693,12,2797,scored,perfect,135391
14663347631,2,2798,scored,perfect,264899
14664353045,15,2799,scored,perfect,299677
14667344292,14,2800,scored,perfect,409886
14670350789,6,2801,scored,perfect,-132406
14674350414,5,2802,scored,perfect,-283696
14679348108,4,2803,scored,perfect,158492
14680346126,3,2805,scored,perfect,338135
14680347053,9,2804,scored,perfect,348817
14681358795,10,2806,scored,perfect,193416
14682349272,8,2807,scored,perfect,-91370
14683347905,11,2808,scored,perfect,-395894
14685354769,13,2809,scored,perfect,149087
14692344404,7,2810,scored,perfect,100776
14698360015,0,2811,scored,perfect,-485925
14698361114,1,2812,scored,perfect,-603040
14703348450,2,2813,scored,perfect,-221049
14706355521,15,2814,scored,perfect,499453
14706356659,12,2815,scored,perfect,145613
14712345820,14,2816,scored,perfect,-96493
14713346660,6,2817,scored,perfect,-332353
14726344664,9,2818,scored,perfect,231437
14728348334,8,2819,scored,perfect,332412
14729347008,13,2820,scored,perfect,216479
14731355319,4,2821,scored,perfect,-523774
14733348042,3,2822,scored,perfect,-329616
14736349601,7,2823,scored,perfect,-366415
14739352156,11,2824,scored,perfect,-505996
14740352269,5,2825,scored,perfect,186263
14746346001,0,2826,scored,perfect,160991
14748350271,15,2827,scored,perfect,-489229
14754347725,14,2828,scored,perfect,-6442
14754348519,6,2829,scored,perfect,-240992
14758344562,1,2830,scored,perfect,378879
14766346243,10,2831,scored,perfect,325325
14768354008,8,2832,scored,perfect,173698
14779347487,2,2833,scored,perfect,376851
14779348359,7,2834,scored,perfect,202987
14779348904,13,2835,scored,perfect,-192733
14783348089,9,2836,scored,perfect,152227
14786355076,3,2837,scored,perfect,-240978
14789350417,4,2838,scored,perfect,-236561
14789351212,12,2839,scored,perfect,-267144
14791348448,5,2840,scored,perfect,-216393
14793353868,11,2841,scored,perfect,-365246
14798361687,6,2842,scored,perfect,-84113
14801345722,14,2843,scored,perfect,245528
14802354977,1,2844,scored,perfect,648326
14804346818,15,2845,scored,perfect,310540
14806350319,0,2846,scored,perfect,470337
14807353134,10,2847,scored,perfect,21228
14811353983,8,2848,scored,perfect,570323
14820346539,13,2849,scored,perfect,446111
14821347255,7,2850,scored,perfect,-313608
14823355081,9,2851,scored,perfect,-446815
14824345785,2,2852,scored,perfect,-422412
14828348664,3,2853,scored,perfect,494134
14831353838,12,2854,scored,perfect,-356881
14835363836,4,2855,scored,perfect,-306306
14836349469,5,2856,scored,perfect,-87815
14837347775,11,2857,scored,perfect,341128
14840354955,6,2858,scored,perfect,-370467
14842343672,14,2859,scored,perfect,-209357
14842344222,1,2860,scored,perfect,-546933
14845348853,15,2861,scored,perfect,331362
14847350590,10,2862,scored,perfect,-208430
14849349601,0,2863,scored,perfect,11065
14851348765,8,2864,scored,perfect,-320072
14862345837,13,2865,scored,perfect,179541
14864360323,7,2866,scored,perfect,-70010
14866349133,9,2867,scored,perfect,-402357
14868349287,2,2868,scored,perfect,-112573
14870347101,3,2869,scored,perfect,-95780
14872346275,12,2870,scored,perfect,-88297
14876345717,4,2871,scored,perfect,-221830
14878348368,11,2872,scored,perfect,69745
14884344768,14,2873,scored,perfect,105910
14884346259,1,2874,scored,perfect,-514416
14886349247,6,2875,scored,perfect,-368759
14887347234,5,2876,scored,perfect,-190256
14891346008,0,2877,scored,perfect,353028
14895349274,10,2878,scored,perfect,452797
14899349466,8,2879,scored,perfect,44354
14900349565,15,2880,scored,perfect,353780
14903346425,13,2881,scored,perfect,-211293
14906355533,7,2882,scored,perfect,-94993
14910353167,9,2883,scored,perfect,60214
14911354808,3,2884,scored,perfect,516590
14917344478,2,2886,scored,perfect,-520923
14917345925,4,2885,scored,perfect,-505997
14921344432,12,2887,scored,perfect,-207127
14923350903,11,2888,scored,perfect,-599088
14924350001,14,2889,scored,perfect,-353388
14929345119,5,2890,scored,perfect,320435
14929345793,6,2891,scored,perfect,153875
14934350094,10,2892,scored,perfect,-605123
14936354258,1,2893,scored,perfect,-465008
14939358764,8,2894,scored,perfect,-188604
14939359654,0,2895,scored,perfect,-518437
14941348728,15,2896,scored,perfect,217512
14947346136,7,2897,scored,perfect,297758
14947347965,13,2898,scored,perfect,-484335
14951346689,9,2899,scored,perfect,-19488
14952361755,3,2900,scored,perfect,58357
14960357123,4,2901,scored,perfect,-73828
14965353464,11,2902,scored,perfect,-333707
14969350399,2,2903,scored,perfect,228626
14975347106,6,2904,scored,perfect,228685
14975347814,14,2905,scored,perfect,-427465
14976345525,10,2906,scored,perfect,103602
14977361020,12,2907,scored,perfect,-33819
14979349344,1,2908,scored,perfect,306228
14979350076,5,2909,scored,perfect,7193
14980345411,0,2910,scored,perfect,-420486
14981360224,8,2911,scored,perfect,-338894
14987345840,15,2912,scored,perfect,365828
14987346652,7,2913,scored,perfect,-352522
14991349510,13,2914,scored,perfect,165369
14993352839,9,2915,scored,perfect,-191920
14994349486,3,2916,scored,perfect,-473514
15007354482,4,2917,scored,perfect,175496
15008345474,11,2918,scored,perfect,-56375
15015354001,2,2919,scored,perfect,283766
15020349286,10,2920,scored,perfect,-143478
15030344891,0,2921,scored,perfect,114467
15034344304,9,2922,scored,perfect,398171
15036349365,12,2923,scored,perfect,-143338
15045349176,13,2924,scored,perfect,94585
15046344035,7,2925,scored,perfect,-81818
15046345201,1,2926,scored,perfect,-172309
15047349437,8,2927,scored,perfect,271001
15047351278,4,2928,scored,perfect,-228549
15053349301,3,2929,scored,perfect,218746
15053350058,15,2930,scored,perfect,-299232
15054347051,14,2931,scored,perfect,-97417
15059345090,2,2932,scored,perfect,371300
15060360870,6,2933,scored,perfect,326003
15060362331,11,2934,scored,perfect,-19025
15062349953,5,2935,scored,perfect,394735
15064352545,10,2936,scored,perfect,-110607
15072346383,0,2937,scored,perfect,573291
15075347105,9,2938,scored,perfect,37445
15078348978,12,2939,scored,perfect,-441883
15088345939,13,2940,scored,perfect,-134062
15089357544,1,2941,scored,perfect,-260552
15092344208,8,2942,scored,perfect,-337187
15093352684,7,2943,scored,perfect,-276805
15094349460,4,2944,scored,perfect,140559
15095348935,3,2945,scored,perfect,206992
15098350822,15,2946,scored,perfect,-81367
15098351683,14,2947,scored,perfect,-468463
15100347254,2,2949,scored,perfect,-542382
15100347938,11,2948,scored,perfect,-341722
15101345470,6,2950,scored,perfect,80818
15104346986,5,2951,scored,perfect,260588
15107354740,10,2952,scored,perfect,-303305
15111354085,0,2953,scored,perfect,-481969
15120346647,9,2954,scored,perfect,-574240
15134346524,8,2955,scored,perfect,-402346
15135352191,1,2956,scored,perfect,-400017
15140349375,3,2957,scored,perfect,65160
15141349334,6,2958,scored,perfect,-69739
15145350001,12,2959,scored,perfect,352945
15146343888,14,2960,scored,perfect,-178999
15147350189,15,2961,scored,perfect,-410791
15152354565,5,2962,scored,perfect,-25848
15154344742,0,2963,scored,perfect,256318
15155346757,13,2964,scored,perfect,-266297
15163347003,2,2965,scored,perfect,-251932
15169350135,7,2966,scored,perfect,-322177
15170349582,4,2967,scored,perfect,325605
15175344378,8,2968,scored,perfect,120425
15178352713,10,2969,scored,perfect,-329770
15179345404,11,2970,scored,perfect,-206915
15181353457,3,2971,scored,perfect,369
15182354301,1,2972,scored,perfect,-238743
15184344647,6,2973,scored,perfect,-436319
15191348289,12,2974,scored,perfect,-68576
15192347270,14,2975,scored,perfect,-585417
15194354186,5,2976,scored,perfect,595590
15194354711,0,2977,scored,perfect,-62319
15194355090,15,2978,scored,perfect,-271986
15195345848,9,2979,scored,perfect,-449525
15196347111,13,2980,scored,perfect,31692
15210350953,7,2981,scored,perfect,239327
15215355044,8,2982,scored,perfect,38589
15219354125,4,2983,scored,perfect,-406963
15222346289,10,2984,scored,perfect,50958
15224346225,3,2985,scored,perfect,-176180
15229344610,1,2986,scored,perfect,348055
15234347203,5,2987,scored,perfect,-13671
15235356076,12,2988,scored,perfect,161903
15239353572,2,2990,scored,perfect,-463330
15239354679,13,2989,scored,perfect,-248565
15242348489,6,2991,scored,perfect,-508129
15249346332,0,2992,scored,perfect,-336358
15250347624,9,2994,scored,perfect,-38593
15250348351,11,2993,scored,perfect,22991
15250348834,14,2995,scored,perfect,-70831
15250350166,7,2996,scored,perfect,-428818
15255345796,8,2997,scored,perfect,-220981
15255347430,15,2998,scored,perfect,-249847
15260355056,4,2999,scored,perfect,264847
15263345726,10,3000,scored,perfect,-160443
15264359032,3,3001,scored,perfect,-553986
15270346408,1,3002,scored,perfect,361879
15276346417,12,3003,scored,perfect,4279
15277363661,5,3004,scored,perfect,329776
15280344438,13,3005,scored,perfect,594408
15281354199,2,3006,scored,perfect,-42106
15283344195,6,3007,scored,perfect,-315945
15289352860,0,3008,scored,perfect,-369692
15292344276,7,3009,scored,perfect,76107
15299350013,8,3010,scored,perfect,-430492
15304346866,10,3011,scored,perfect,182869
15305347189,14,3012,scored,perfect,116068
15306360097,9,3013,scored,perfect,133896
15306360825,15,3014,scored,perfect,111609
15307349015,3,3015,scored,perfect,-148338
15308347145,11,3016,scored,perfect,-445580
15313344773,1,3017,scored,perfect,376275
15315354762,4,3018,scored,perfect,-133997
15318353901,5,3019,scored,perfect,355984
15318355087,12,3020,scored,perfect,-67974
15322346847,2,3021,scored,perfect,407364
15330346395,0,3022,scored,perfect,28943
15331361094,6,3023,scored,perfect,408991
15336353822,7,3024,scored,perfect,378428
15340348976,8,3025,scored,perfect,131366
15345346625,13,3026,scored,perfect,-308332
15346346965,9,3027,scored,perfect,-72305
15349349921,3,3028,scored,perfect,-322544
15353348804,1,3029,scored,perfect,254610
15353349704,14,3030,scored,perfect,-304104
15359348294,5,3031,scored,perfect,131336
15362349354,12,3032,scored,perfect,-279266
15364347796,10,3033,scored,perfect,523398
15365356738,15,3034,scored,perfect,-380540
15368357176,4,3035,scored,perfect,379827
15369362013,11,3036,scored,perfect,220829
15372346678,2,3037,scored,perfect,413357
15375348394,0,3038,scored,perfect,405308
15380344876,6,3039,scored,perfect,-279547
15383347509,8,3040,scored,perfect,-144649
15384343864,7,3041,scored,perfect,-105068
15387350534,9,3042,scored,perfect,312956
15393352059,13,3043,scored,perfect,370723
15403348214,5,3044,scored,perfect,-278180
15406353299,10,3045,scored,perfect,-223720
15406353895,14,3046,scored,perfect,-499815
15411354979,1,3047,scored,perfect,-323298
15414346283,4,3048,scored,perfect,-120673
15415361477,0,3049,scored,perfect,287324
15417347589,11,3050,scored,perfect,-504959
15418348775,15,3051,scored,perfect,325055
15422347616,6,3052,scored,perfect,-463003
15425347324,7,3053,scored,perfect,484828
15428347908,3,3054,scored,perfect,-270754
15430347586,2,3055,scored,perfect,400285
15433346199,13,3056,scored,perfect,58546
15440353442,12,3057,scored,perfect,176155
15440354215,9,3058,scored,perfect,-29865
15442345594,8,3059,scored,perfect,482064
15446344490,5,3060,scored,perfect,279010
15450345397,10,3061,scored,perfect,-206716
15451349060,14,3062,scored,perfect,-124365
15453353691,1,3063,scored,perfect,-177632
15456354144,0,3064,scored,perfect,-272957
15458344999,11,3065,scored,perfect,240958
15459346217,15,3066,scored,perfect,-193316
15461349538,4,3067,scored,perfect,-57825
15465353863,6,3068,scored,perfect,352857
15477361636,2,3069,scored,perfect,-364601
15485353860,13,3070,scored,perfect,-263082
15486355722,7,3071,scored,perfect,-82387
15486356349,8,3072,scored,perfect,-267886
15492344318,3,3073,scored,perfect,342791
15493353311,5,3074,scored,perfect,12655
15493353998,14,3075,scored,perfect,-114497
15499350055,0,3076,scored,perfect,328002
15500344379,11,3077,scored,perfect,477946
15502353446,1,3078,scored,perfect,614044
15502354424,15,3079,scored,perfect,-4918
15502354931,12,3080,scored,perfect,-321393
15503351269,4,3081,scored,perfect,-370663
15505346561,9,3082,scored,perfect,197214
15511353735,10,3083,scored,perfect,-45052
15512344322,6,3084,scored,perfect,-28434
15521347513,2,3085,scored,perfect,-179965
15527360519,7,3086,scored,perfect,142827
15528348560,8,3087,scored,perfect,-64376
15529347899,13,3088,scored,perfect,-337615
15536354114,5,3089,scored,perfect,220106
15540355347,14,3090,scored,perfect,244521
15543349299,12,3091,scored,perfect,348475
15545346473,4,3092,scored,perfect,281238
15546346973,0,3093,scored,perfect,210973
15546347520,9,3094,scored,perfect,-354034
15548350870,1,3095,scored,perfect,441846
15548351407,3,3096,scored,perfect,71266
15550349940,11,3097,scored,perfect,-188641
15552361750,10,3098,scored,perfect,-40687
15553348675,6,3099,scored,perfect,-371728
15556355070,15,3100,scored,perfect,-609875
15561354893,2,3101,scored,perfect,-540265
15568352691,8,3102,scored,perfect,-308467
15575346842,7,3103,scored,perfect,-287057
15580346567,5,3104,scored,perfect,434080
15583344593,14,3105,scored,perfect,-263775
15586354710,12,3106,scored,perfect,-140927
15588346609,3,3107,scored,perfect,-160323
15588347078,13,3108,scored,perfect,-179396
15591347972,11,3109,scored,perfect,-126004
15593350209,1,3110,scored,perfect,171899
15594354966,9,3111,scored,perfect,84534
15595345929,6,3112,scored,perfect,-270077
15598351241,0,3113,scored,perfect,429676
15599350065,15,3114,scored,perfect,-43933
15600344175,10,3115,scored,perfect,243358
15603351747,2,3117,scored,perfect,211096
15603352528,4,3116,scored,perfect,265573
15609344270,8,3118,scored,perfect,301706
15622348418,7,3119,scored,perfect,-364931
15623356197,5,3120,scored,perfect,228306
15624345534,14,3121,scored,perfect,28297
15629346633,3,3122,scored,perfect,-343344
15630345835,13,3123,scored,perfect,155732
15631356162,11,3124,scored,perfect,-405012
15632353744,12,3125,scored,perfect,-198463
15633345965,1,3126,scored,perfect,-196951
15634346735,9,3127,scored,perfect,-115955
15636353496,6,3128,scored,perfect,185747
15659344630,4,3129,scored,perfect,-612686
15662347822,8,3131,scored,perfect,-259867
15662348798,10,3130,scored,perfect,-241769
15663344228,2,3132,scored,perfect,45647
15663344857,15,3133,scored,perfect,37339
15668358045,14,3134,scored,perfect,-384721
15670351695,13,3135,scored,perfect,-485636
15671354834,7,3136,scored,perfect,325403
15673356050,1,3137,scored,perfect,-606017
15674355801,3,3138,scored,perfect,-267894
15675345481,0,3139,scored,perfect,479103
15675345995,9,3140,scored,perfect,143547
15683345729,11,3141,scored,perfect,18341
15684348249,12,3142,scored,perfect,-622846
15690355125,5,3143,scored,perfect,-88562
15695349895,6,3144,scored,perfect,86125
15703350636,4,3145,scored,perfect,466516
15703351509,10,3146,scored,perfect,144867
15706354172,8,3147,scored,perfect,-579468
15708344352,14,3148,scored,perfect,-452125
15710355366,2,3150,scored,perfect,-16488
15710356206,15,3149,scored,perfect,23940
15711354493,13,3151,scored,perfect,279925
15715356283,3,3152,scored,perfect,-76923
15723350250,0,3153,scored,perfect,464910
15723351192,1,3154,scored,perfect,-374500
15725347150,9,3155,scored,perfect,-220129
15727355105,12,3156,scored,perfect,-217303
15730346012,7,3157,scored,perfect,179385
15736353368,11,3158,scored,perfect,494873
15736354131,6,3159,scored,perfect,-217173
15739345332,5,3160,scored,perfect,144681
15743358999,10,3161,scored,perfect,-167420
15744349477,4,3162,scored,perfect,134135
15747351800,8,3163,scored,perfect,137278
15754344601,15,3164,scored,perfect,97117
15758349219,13,3165,scored,perfect,-415407
15759344197,2,3166,scored,perfect,-394833
15761349229,3,3168,scored,perfect,-528510
15761350006,14,3167,scored,perfect,-518923
15765355793,0,3169,scored,perfect,400256
15767346857,1,3170,scored,perfect,-8802
15774346793,9,3171,scored,perfect,-12681
15774347797,12,3172,scored,perfect,-258138
15775349665,7,3173,scored,perfect,-69608
15781354495,6,3174,scored,perfect,-547549
15785362097,4,3175,scored,perfect,-118628
15789352900,11,3176,scored,perfect,131737
15799350156,10,3177,scored,perfect,187582
15801346905,13,3178,scored,perfect,-342491
15802355202,14,3179,scored,perfect,217350
15803345631,2,3180,scored,perfect,-220647
15804346672,8,3181,scored,perfect,209744
15805345654,5,3182,scored,perfect,-200223
15806354533,3,3183,scored,perfect,421242
15815349917,9,3184,scored,perfect,179284
15823355967,12,3185,scored,perfect,-545623
15824345849,7,3186,scored,perfect,198300
15828346086,0,3187,scored,perfect,-251512
15831362336,4,3188,scored,perfect,-553671
15835356080,6,3189,scored,perfect,-118904
15835357291,15,3190,scored,perfect,-373588
15846347562,8,3191,scored,perfect,166489
15847346190,11,3192,scored,perfect,55212
15852355507,2,3193,scored,perfect,-53336
15853346540,14,3194,scored,perfect,-317988
15854346606,10,3195,scored,perfect,-209615
15858347120,5,3196,scored,perfect,353066
15864353479,7,3197,scored,perfect,-114125
15868351785,9,3198,scored,perfect,-124065
15869354865,12,3199,scored,perfect,186808
15870344449,13,3200,scored,perfect,299859
15870345054,1,3201,scored,perfect,47314
15871346085,3,3202,scored,perfect,-258220
15871346718,0,3203,scored,perfect,-414155
15875345556,4,3204,scored,perfect,38850
15878347851,15,3205,scored,perfect,470143
15880349562,6,3206,scored,perfect,-342971
15886349108,8,3207,scored,perfect,-149734
15888346790,11,3208,scored,perfect,475047
15897349953,2,3209,scored,perfect,-44450
15899350033,5,3210,scored,perfect,-406650
15902361021,10,3211,scored,perfect,-318217
15904348851,7,3212,scored,perfect,-128790
15908344704,14,3213,scored,perfect,173358
15909346269,9,3214,scored,perfect,226239
15911354465,1,3215,scored,perfect,479362
15916344836,4,3216,scored,perfect,532562
15923355381,15,3217,scored,perfect,87616
15928347045,8,3218,scored,perfect,-279971
15929349453,3,3219,scored,perfect,-103856
15930344121,6,3220,scored,perfect,262341
15932349043,13,3221,scored,perfect,52080
15932349956,0,3222,scored,perfect,-63525
15933348188,12,3223,scored,perfect,-39749
15933348788,11,3224,scored,perfect,-317927
15944354381,10,3225,scored,perfect,538544
15954344625,5,3226,scored,perfect,-295907
15958346917,4,3227,scored,perfect,489442
15962349108,7,3228,scored,perfect,-252521
15966349106,2,3229,scored,perfect,-17975
15970345930,8,3230,scored,perfect,226540
15977355396,9,3231,scored,perfect,440312
15977356305,6,3232,scored,perfect,15007
15983349844,12,3233,scored,perfect,-320891
15984343929,15,3234,scored,perfect,-9320
15986349516,1,3235,scored,perfect,-461515
15989353265,10,3236,scored,perfect,512741
15996344782,11,3237,scored,perfect,20981
15998350788,14,3238,scored,perfect,-441882
15999349794,13,3239,scored,perfect,-196017
16002356561,0,3241,scored,perfect,158002
16002357431,3,3240,scored,perfect,194301
16003344557,5,3242,scored,perfect,-521992
16005347017,7,3243,scored,perfect,146921
16006354229,4,3244,scored,perfect,14225
16008344432,2,3245,scored,perfect,273630
16011354233,8,3246,scored,perfect,165992
16020346153,6,3247,scored,perfect,170825
16021347024,9,3248,scored,perfect,292040
16023350499,12,3249,scored,perfect,-654321
16025344140,15,3250,scored,perfect,266034
16034344529,10,3251,scored,perfect,248817
16035363624,1,3252,scored,perfect,194730
16041348009,11,3253,scored,perfect,483608
16041348699,14,3254,scored,perfect,-372028
16048355420,4,3255,scored,perfect,-505966
16053346645,5,3256,scored,perfect,360442
16053350435,3,3257,scored,perfect,-534703
16054346969,8,3258,scored,perfect,-42522
16055349039,7,3259,scored,perfect,-79691
16060356377,13,3260,scored,perfect,-388958
16060357446,2,3261,scored,perfect,-431479
16064353966,9,3262,scored,perfect,522027
16064355412,12,3263,scored,perfect,47206
16064356028,6,3264,scored,perfect,-537817
16075347095,10,3265,scored,perfect,-215563
16077356380,1,3266,scored,perfect,358986
16079346581,0,3267,scored,perfect,3584
16079348007,15,3268,scored,perfect,-323459
16082354178,11,3269,scored,perfect,-80777
16083345579,14,3270,scored,perfect,523773
16097348884,7,3271,scored,perfect,344388
16099346394,4,3272,scored,perfect,162033
16099347255,3,3273,scored,perfect,-247213
16101349720,5,3274,scored,perfect,55682
16109350041,6,3275,scored,perfect,-126213
16110357658,12,3276,scored,perfect,47868
16111354565,2,3277,scored,perfect,-230483
16113344157,13,3278,scored,perfect,405553
16118354286,9,3279,scored,perfect,364645
16120345717,1,3280,scored,perfect,-346610
16120346507,15,3281,scored,perfect,-483264
16130346902,0,3282,scored,perfect,320915
16133348301,10,3283,scored,perfect,92939
16135362701,8,3284,scored,perfect,339452
16136348984,14,3285,scored,perfect,113076
16139353188,7,3286,scored,perfect,357938
16148355909,3,3287,scored,perfect,-28099
16150347670,11,3288,scored,perfect,-81097
16152354938,5,3289,scored,perfect,-447809
16161354398,1,3290,scored,perfect,-54777
16167346958,4,3291,scored,perfect,461921
16169355008,9,3292,scored,perfect,-267379
16170344120,13,3293,scored,perfect,38536
16174346377,10,3294,scored,perfect,-294433
16176348910,12,3295,scored,perfect,418691
16181362205,0,3296,scored,perfect,-376151
16191349477,2,3297,scored,perfect,83423
16203348647,5,3298,scored,perfect,243839
16205346362,6,3299,scored,perfect,480817
16224346517,10,3300,scored,perfect,-218642
16226348827,8,3302,scored,perfect,231046
16226349426,15,3301,scored,perfect,275682
16227350839,1,3303,scored,perfect,136445
16229344376,7,3304,scored,perfect,-298013
16230346734,12,3305,scored,perfect,436820
16231354770,13,3306,scored,perfect,212390
16231356042,9,3307,scored,perfect,-555995
16233344443,14,3308,scored,perfect,5988
16238082288,11,3309,scored,perfect,408695
16244356858,4,3310,scored,perfect,463283
16244358598,2,3311,scored,perfect,-356266
16246348368,5,3312,scored,perfect,-140309
16248366673,0,3313,scored,perfect,-353419
16259349777,3,3314,scored,perfect,-62163
16264364322,6,3315,scored,perfect,9860
16269359227,15,3316,scored,perfect,73500
16271347435,7,3317,scored,perfect,-360079
16273371548,14,3318,scored,perfect,-506661
16275349288,13,3319,scored,perfect,294055
16279350969,9,3320,scored,perfect,86300
16280346670,12,3321,scored,perfect,200600
16280347383,11,3322,scored,perfect,108235
16281348398,10,3323,scored,perfect,-603481
16284344278,8,3324,scored,perfect,188647
16285353213,4,3325,scored,perfect,-338626
16288344809,2,3327,scored,perfect,-2894
16288345478,5,3326,scored,perfect,52958
16292344889,0,3328,scored,perfect,348102
16298349513,1,3329,scored,perfect,271886
16303352556,3,3330,scored,perfect,251532
16306349383,6,3331,scored,perfect,263764
16315352124,15,3332,scored,perfect,-190018
16317347508,14,3333,scored,perfect,394466
16319354556,9,3334,scored,perfect,-34604
16323351281,13,3335,scored,perfect,-491015
16333352934,8,3336,scored,perfect,-2727
16334351501,2,3337,scored,perfect,329976
16343353955,11,3338,scored,perfect,54499
16344348095,4,3339,scored,perfect,542353
16347354996,3,3340,scored,perfect,245333
16350346112,7,3341,scored,perfect,86710
16355356636,10,3342,scored,perfect,370736
16356346981,0,3343,scored,perfect,177079
16356347933,1,3344,scored,perfect,-178175
16360352788,9,3345,scored,perfect,-149597
16367346950,12,3346,scored,perfect,-260993
16369354210,6,3347,scored,perfect,478855
16370345344,14,3348,scored,perfect,-330743
16371346176,13,3349,scored,perfect,64180
16378353793,5,3350,scored,perfect,130899
16383346859,11,3351,scored,perfect,-394123
16388343760,3,3352,scored,perfect,337461
16389352069,8,3353,scored,perfect,-61397
16391349020,4,3354,scored,perfect,192042
16392343482,2,3357,scored,perfect,337662
16392344044,7,3356,scored,perfect,404518
16392344496,15,3355,scored,perfect,450009
16396343833,0,3358,scored,perfect,-240436
16400346056,10,3359,scored,perfect,335536
16403350409,9,3360,scored,perfect,2556
16404343471,1,3361,scored,perfect,178113
16408346796,12,3362,scored,perfect,-100099
16409346921,6,3363,scored,perfect,351919
16411347291,13,3364,scored,perfect,-327360
16411347926,14,3365,scored,perfect,-387451
16418348431,5,3366,scored,perfect,-89849
16424346740,11,3367,scored,perfect,310381
16430347227,8,3368,scored,perfect,390827
16430348089,3,3369,scored,perfect,63526
16433344498,7,3370,scored,perfect,-81417
16433345185,4,3371,scored,perfect,-511692
16438343860,15,3372,scored,perfect,-2700
16456317375,13,3373,scored,perfect,-7448
16457352380,2,3374,scored,perfect,123126
16459343727,6,3375,scored,perfect,423142
16462347520,0,3376,scored,perfect,210846
16467343729,9,3377,scored,perfect,424436
16468351063,5,3378,scored,perfect,-115219
16471344652,10,3379,scored,perfect,96225
16472352413,12,3380,scored,perfect,-240317
16475344023,11,3381,scored,perfect,197078
16477353825,4,3382,scored,perfect,389464
16487346787,3,3383,scored,perfect,334309
16489347763,7,3384,scored,perfect,-539508
16491346209,8,3385,scored,perfect,66560
16491346847,15,3386,scored,perfect,-23223
16491347401,1,3387,scored,perfect,-108210
16495347573,14,3388,scored,perfect,379233
16505344613,0,3391,scored,perfect,-92969
16505345894,2,3389,scored,perfect,198917
16505346415,6,3390,scored,perfect,181089
16506350565,13,3392,scored,perfect,-84396
16512346639,12,3393,scored,perfect,-282440
16514346630,5,3395,scored,perfect,-188778
16514347107,9,3394,scored,perfect,-122741
16515350290,10,3396,scored,perfect,418559
16515350859,11,3397,scored,perfect,-240563
16517345992,4,3398,scored,perfect,-275539
16529346375,3,3399,scored,perfect,-148122
16530343636,7,3400,scored,perfect,-470225
16542346892,14,3401,scored,perfect,495169
16542347593,15,3402,scored,perfect,-594042
16547348955,6,3403,scored,perfect,-439514
16551346116,1,3404,scored,perfect,-335769
16555344250,8,3405,scored,perfect,473449
16558346048,2,3406,scored,perfect,-279824
16562349229,5,3408,scored,perfect,-191844
16562349782,10,3407,scored,perfect,-53207
16563344264,11,3409,scored,perfect,159367
16564350984,4,3411,scored,perfect,216611
16564351925,12,3410,scored,perfect,253668
16564352538,0,3412,scored,perfect,-165666
16567343824,13,3413,scored,perfect,-594373
16569348765,9,3414,scored,perfect,595445
16571345995,3,3415,scored,perfect,246771
16575344200,7,3416,scored,perfect,482224
16582347573,14,3417,scored,perfect,224944
16583346648,15,3418,scored,perfect,-86537
16589346222,6,3419,scored,perfect,-409173
16594353744,1,3420,scored,perfect,-33606
16600347492,2,3421,scored,perfect,-49902
16602349604,8,3422,scored,perfect,161068
16605343405,12,3423,scored,perfect,60783
16611350388,4,3424,scored,perfect,156911
16611351225,10,3425,scored,perfect,-216467
16614346762,9,3426,scored,perfect,-160433
16615350893,3,3427,scored,perfect,271007
16620346055,13,3428,scored,perfect,-616431
16625344067,7,3429,scored,perfect,-186187
16628349831,0,3430,scored,perfect,377712
16631346800,6,3431,scored,perfect,-366832
16633344371,5,3432,scored,perfect,490121
16636351505,11,3433,scored,perfect,-263470
16638343641,1,3434,scored,perfect,551229
16640347125,15,3435,scored,perfect,93751
16648350292,12,3436,scored,perfect,176620
16648351074,2,3437,scored,perfect,-318426
16652350371,8,3438,scored,perfect,269778
16654346528,14,3439,scored,perfect,71686
16656347792,10,3440,scored,perfect,112359
16656348375,4,3441,scored,perfect,-596312
16657350544,9,3442,scored,perfect,63402
16660348319,3,3443,scored,perfect,148746
16661350542,13,3444,scored,perfect,-479565
16670350286,0,3445,scored,perfect,201233
16670351197,7,3446,scored,perfect,-532011
16674350664,6,3447,scored,perfect,301483
16683346638,1,3448,scored,perfect,163208
16686350908,5,3449,scored,perfect,350670
16693351618,15,3450,scored,perfect,47730
16698351122,10,3451,scored,perfect,-156110
16698351837,9,3452,scored,perfect,-297198
16699346330,4,3453,scored,perfect,-118976
16702350125,14,3454,scored,perfect,-430281
16703346531,12,3455,scored,perfect,-183653
16703347335,2,3456,scored,perfect,-349421
16705346238,13,3457,scored,perfect,-58204
16707350459,3,3458,scored,perfect,-285224
16709343772,8,3459,scored,perfect,-148006
16711346502,11,3460,scored,perfect,-225198
16715352106,6,3461,scored,perfect,-160703
16716346202,7,3462,scored,perfect,91324
16717346515,0,3463,scored,perfect,509686
16724347469,1,3464,scored,perfect,145126
16727346692,5,3465,scored,perfect,178221
16737344009,15,3466,scored,perfect,220011
16738345793,9,3468,scored,perfect,-307936
16738346314,10,3467,scored,perfect,-233890
16741344123,4,3469,scored,perfect,-105557
16744351064,14,3470,scored,perfect,-284567
16751343709,12,3471,scored,perfect,-303536
16756347075,6,3472,scored,perfect,-168046
16756347799,13,3473,scored,perfect,-195901
16759346170,3,3474,scored,perfect,452857
16759346808,2,3475,scored,perfect,-209582
16761352317,7,3476,scored,perfect,-83230
16767343763,1,3478,scored,perfect,-149430
16767344409,5,3477,scored,perfect,87872
16769350091,11,3479,scored,perfect,-286118
16771343485,0,3480,scored,perfect,-67788
16778347476,8,3481,scored,perfect,281741
16778348415,15,3482,scored,perfect,198674
16780347117,9,3483,scored,perfect,-465129
16784346129,4,3484,scored,perfect,-574576
16784346792,14,3485,scored,perfect,-590921
16785350711,10,3486,scored,perfect,-108674
16794349524,12,3487,scored,perfect,236613
16801346547,13,3488,scored,perfect,172080
16807346943,6,3489,scored,perfect,100484
16812344254,0,3490,scored,perfect,-137705
16820349686,5,3491,scored,perfect,324454
16822347172,1,3492,scored,perfect,575722
16824347639,8,3493,scored,perfect,73355
16826349644,7,3494,scored,perfect,-207510
16830346101,15,3495,scored,perfect,534738
16830346908,4,3496,scored,perfect,-326640
16833346768,2,3497,scored,perfect,505435
16836346728,3,3498,scored,perfect,352041
16840350905,10,3499,scored,perfect,-427292
16844351263,14,3500,scored,perfect,-139779
16846346295,9,3501,scored,perfect,-266071
16848351329,6,3502,scored,perfect,-605605
16849347059,13,3503,scored,perfect,-381902
16853349809,0,3504,scored,perfect,306531
16857346108,12,3505,scored,perfect,-170150
16858346759,11,3506,scored,perfect,444224
16860351161,5,3507,scored,perfect,109814
16863343758,1,3508,scored,perfect,-393429
16864350128,8,3509,scored,perfect,-103993
16868344780,7,3510,scored,perfect,88335
16877351310,15,3511,scored,perfect,-77314
16878347070,2,3512,scored,perfect,503696
16878347692,3,3513,scored,perfect,-29019
16881346861,4,3514,scored,perfect,418040
16888343826,14,3515,scored,perfect,481749
16888344601,9,3516,scored,perfect,-101251
16890346617,10,3517,scored,perfect,-281717
16894355103,0,3518,scored,perfect,-135427
16897348737,6,3519,scored,perfect,-183525
16898351562,12,3520,scored,perfect,450961
16898352317,13,3521,scored,perfect,-574657
16902349574,11,3522,scored,perfect,-277408
16904347256,1,3523,scored,perfect,-145038
16904347835,5,3524,scored,perfect,-256430
16906351001,8,3525,scored,perfect,-25408
16917346404,7,3526,scored,perfect,-1560
16919353582,3,3527,scored,perfect,-68351
16920346900,2,3528,scored,perfect,-81467
16922349699,4,3529,scored,perfect,198213
16923352124,15,3530,scored,perfect,-108902
16928346995,14,3531,scored,perfect,-561593
16934344654,9,3532,scored,perfect,-111622
16941346894,10,3533,scored,perfect,-396251
16942346850,13,3534,scored,perfect,101480
16947348182,5,3535,scored,perfect,-194815
16948353120,1,3536,scored,perfect,-572057
16952348941,8,3537,scored,perfect,608579
16952349750,12,3538,scored,perfect,284289
16952350229,6,3539,scored,perfect,-134318
16957350591,7,3540,scored,perfect,-86321
16960356450,11,3541,scored,perfect,62291
16961347665,0,3542,scored,perfect,429690
16962346372,4,3543,scored,perfect,50349
16966344439,2,3544,scored,perfect,10119
16966345329,15,3545,scored,perfect,-442532
16970347336,3,3546,scored,perfect,-22816
16977347221,14,3547,scored,perfect,-354999
16979345784,9,3548,scored,perfect,375813
16984343846,13,3549,scored,perfect,140550
16984344497,10,3550,scored,perfect,-305214
16988344368,5,3551,scored,perfect,407750
16989350668,1,3552,scored,perfect,-372463
16994356215,6,3553,scored,perfect,355691
16995347306,12,3554,scored,perfect,-521606
16996347677,8,3555,scored,perfect,-50650
17002349949,11,3556,scored,perfect,-21698
17006347553,4,3557,scored,perfect,-206707
17011350602,3,3558,scored,perfect,403897
17015347818,7,3559,scored,perfect,285660
17016347637,2,3560,scored,perfect,275871
17017346653,15,3561,scored,perfect,503912
17018347185,14,3562,scored,perfect,124765
17018347805,0,3563,scored,perfect,-250096
17025350257,10,3564,scored,perfect,-259044
17026346468,13,3565,scored,perfect,371515
17027349737,9,3566,scored,perfect,81758
17030343712,5,3567,scored,perfect,576059
17031350914,1,3568,scored,perfect,61948
17036348092,6,3569,scored,perfect,449453
17037347487,8,3570,scored,perfect,377512
17047350225,4,3571,scored,perfect,222148
17047351127,12,3572,scored,perfect,-95561
17050345918,11,3573,scored,perfect,332679
17051346212,3,3574,scored,perfect,170880
17055344664,7,3575,scored,perfect,-23973
17059346089,15,3576,scored,perfect,-28196
17062347584,0,3577,scored,perfect,380825
17067346419,10,3578,scored,perfect,-393822
17071346306,14,3579,scored,perfect,-46896
17072347020,5,3580,scored,perfect,72527
17072348804,2,3581,scored,perfect,-393930
17075344208,13,3582,scored,perfect,268809
17084344437,8,3583,scored,perfect,-561562
17086346797,6,3584,scored,perfect,61273
17089346399,12,3585,scored,perfect,324096
17093346908,1,3586,scored,perfect,156922
17096346728,4,3587,scored,perfect,-408573
17098350774,11,3588,scored,perfect,197996
17103347067,9,3589,scored,perfect,246032
17108344414,0,3590,scored,perfect,418119
17110348349,7,3591,scored,perfect,-309895
17116347896,3,3592,scored,perfect,-115069
17118347196,5,3593,scored,perfect,270594
17121346561,10,3594,scored,perfect,-18452
17124346582,2,3596,scored,perfect,-401079
17124347174,14,3595,scored,perfect,-118217
17125346876,15,3597,scored,perfect,-505439
17127346256,8,3598,scored,perfect,-130738
17132350328,12,3599,scored,perfect,-357348
17134347355,1,3600,scored,perfect,-90730
17137345002,4,3601,scored,perfect,210968
17142346397,6,3602,scored,perfect,456463
17143347028,9,3604,scored,perfect,66667
17143347726,11,3603,scored,perfect,147413
17143348110,13,3605,scored,perfect,23397
17148352033,0,3606,scored,perfect,181663
17152347279,7,3607,scored,perfect,453140
17156347279,3,3608,scored,perfect,-420296
17162343731,10,3609,scored,perfect,396287
17163345651,5,3610,scored,perfect,559529
17165350692,14,3611,scored,perfect,228159
17169347261,2,3612,scored,perfect,274562
17172347485,8,3613,scored,perfect,-156060
17173350864,15,3614,scored,perfect,353778
17174346966,12,3615,scored,perfect,-23191
17175347301,1,3616,scored,perfect,182595
17178347755,4,3617,scored,perfect,76779
17188343549,11,3618,scored,perfect,401306
17191347125,13,3619,scored,perfect,-25002
17195350284,0,3621,scored,perfect,-557337
17195350952,7,3622,scored,perfect,-565769
17195351363,9,3620,scored,perfect,-289202
17199346576,6,3623,scored,perfect,-190580
17208344478,3,3624,scored,perfect,260650
17211346910,10,3625,scored,perfect,-168711
17212349480,5,3626,scored,perfect,-113058
17216344110,8,3628,scored,perfect,-363166
17216344776,12,3627,scored,perfect,-186778
17217345857,15,3629,scored,perfect,-570749
17219352614,2,3630,scored,perfect,119508
17220346240,1,3631,scored,perfect,396405
17221349269,4,3633,scored,perfect,-291827
17221349800,14,3632,scored,perfect,-116246
17228347187,11,3634,scored,perfect,-147982
17232350311,13,3635,scored,perfect,-8935
17238344242,9,3636,scored,perfect,-114474
17239351475,0,3637,scored,perfect,280571
17242343706,7,3638,scored,perfect,431445
17242344337,6,3639,scored,perfect,-461539
17248347372,3,3640,scored,perfect,-262606
17252346502,10,3641,scored,perfect,469735
17255345839,5,3642,scored,perfect,392794
17257351324,8,3643,scored,perfect,-330919
17258343941,12,3644,scored,perfect,431830
17260349451,2,3645,scored,perfect,225133
17262346680,4,3646,scored,perfect,-180199
17272347361,14,3647,scored,perfect,410154
17278345082,11,3648,scored,perfect,-260825
17280345183,15,3649,scored,perfect,-331849
17282344994,13,3650,scored,perfect,-74352
17283348714,9,3651,scored,perfect,-520419
17284345044,1,3652,scored,perfect,210493
17286345784,7,3653,scored,perfect,306956
17286346341,0,3654,scored,perfect,-220573
17287347640,6,3655,scored,perfect,-222032
17292348802,3,3656,scored,perfect,-541130
17295345157,10,3657,scored,perfect,-526002
17297346250,5,3658,scored,perfect,-21947
17301345471,2,3659,scored,perfect,-49117
17301346235,8,3660,scored,perfect,-322805
17305345349,4,3661,scored,perfect,516605
17305346058,12,3662,scored,perfect,-179475
17312347951,14,3663,scored,perfect,-47273
17320345349,11,3664,scored,perfect,418379
17323352962,15,3665,scored,perfect,233473
17324345222,1,3666,scored,perfect,186256
17328347710,13,3667,scored,perfect,-530605
17338349266,0,3668,scored,perfect,54948
17338350066,5,3669,scored,perfect,-299086
17342348707,2,3670,scored,perfect,476224
17344355587,7,3671,scored,perfect,493806
17348353227,4,3672,scored,perfect,-326434
17350347936,9,3673,scored,perfect,-295626
17355346000,6,3674,scored,perfect,-427095
17359348215,8,3675,scored,perfect,-202490
17366346909,15,3676,scored,perfect,-346639
17367348633,14,3677,scored,perfect,-455575
17372351360,12,3678,scored,perfect,-201870
17373351638,3,3679,scored,perfect,23293
17374351039,1,3680,scored,perfect,64098
17375346927,10,3681,scored,perfect,102820
17375347442,11,3682,scored,perfect,100470
17379346692,5,3683,scored,perfect,326444
17384344389,7,3684,scored,perfect,-398706
17384345162,13,3685,scored,perfect,-512179
17395346964,4,3686,scored,perfect,-566479
17398349353,0,3687,scored,perfect,213601
17398350025,9,3688,scored,perfect,-161644
17401347321,8,3689,scored,perfect,97180
17403347572,2,3690,scored,perfect,44137
17404346786,6,3691,scored,perfect,-228471
17407353404,15,3692,scored,perfect,371005
17408350851,14,3693,scored,perfect,122285
17412348875,12,3694,scored,perfect,-276648
17415348518,1,3695,scored,perfect,-226254
17417348104,11,3696,scored,perfect,153567
17419356789,3,3698,scored,perfect,12609
17419358502,10,3697,scored,perfect,45461
17422347535,5,3699,scored,perfect,93164
17427352677,7,3700,scored,perfect,165216
17427353442,13,3701,scored,perfect,18299
17436348541,4,3702,scored,perfect,-181292
17443350873,9,3703,scored,perfect,-155350
17447351996,2,3704,scored,perfect,-165855
17449350592,15,3705,scored,perfect,-383642
17450344692,6,3706,scored,perfect,517009
17450345780,14,3707,scored,perfect,354684
17450346303,8,3708,scored,perfect,-471198
17451349782,0,3709,scored,perfect,-49272
17456347576,12,3710,scored,perfect,-441609
17459346480,1,3711,scored,perfect,-296067
17463344733,5,3712,scored,perfect,-374611
17464349608,10,3713,scored,perfect,-58444
17469348340,7,3714,scored,perfect,-31125
17470349329,3,3715,scored,perfect,-389094
17475346503,13,3716,scored,perfect,-456041
17477349943,11,3717,scored,perfect,-17229
17480343793,4,3718,scored,perfect,84732
17486350156,9,3719,scored,perfect,-442333
17488343646,2,3720,scored,perfect,383934
17492345977,6,3721,scored,perfect,-549626
17493350872,14,3722,scored,perfect,-441
17496344055,0,3723,scored,perfect,-275011
17498346041,8,3724,scored,perfect,44724
17505347893,15,3725,scored,perfect,-220679
17510353371,1,3726,scored,perfect,220989
17510354065,7,3727,scored,perfect,90544
17511347243,12,3728,scored,perfect,-368043
17513345029,5,3729,scored,perfect,460555
17518348782,3,3732,scored,perfect,-244088
17518349635,10,3730,scored,perfect,-62841
17518350194,11,3731,scored,perfect,-114809
17519347274,13,3733,scored,perfect,-367835
17522351191,4,3734,scored,perfect,-65259
17527347197,9,3735,scored,perfect,9008
17528347454,2,3736,scored,perfect,-420444
17534345480,6,3737,scored,perfect,-172633
17535352567,14,3738,scored,perfect,-272192
17540346036,0,3739,scored,perfect,223085
17541348694,8,3740,scored,perfect,-309286
17547349940,15,3741,scored,perfect,-129485
17551347431,1,3742,scored,perfect,-188861
17551348031,7,3743,scored,perfect,-263997
17552344521,12,3744,scored,perfect,342059
17563348673,10,3745,scored,perfect,-264559
17564345292,13,3746,scored,perfect,-562126
17565348551,4,3747,scored,perfect,-52631
17566344839,5,3748,scored,perfect,-89949
17566345437,11,3749,scored,perfect,-159543
17567346844,9,3750,scored,perfect,-574213
17570348674,3,3751,scored,perfect,463185
17570349309,2,3752,scored,perfect,-522202
17576348271,14,3753,scored,perfect,-255720
17580347592,0,3754,scored,perfect,-463726
17582348536,6,3755,scored,perfect,-34899
17584348543,8,3756,scored,perfect,193089
17588345461,15,3757,scored,perfect,-408312
17594346119,1,3758,scored,perfect,114788
17595347856,12,3759,scored,perfect,-133813
17595348445,7,3760,scored,perfect,-276831
17607349206,11,3761,scored,perfect,-248433
17616345094,9,3762,scored,perfect,522766
17618346001,3,3763,scored,perfect,361485
17619349122,13,3764,scored,perfect,-404749
17620345358,2,3765,scored,perfect,-319094
17621348869,4,3766,scored,perfect,240137
17623346486,5,3767,scored,perfect,75080
17626345977,8,3768,scored,perfect,339879
17626347007,14,3769,scored,perfect,205480
17627350954,10,3770,scored,perfect,556513
17631349050,6,3771,scored,perfect,-524075
17633347791,0,3772,scored,perfect,33918
17636347900,1,3773,scored,perfect,-470344
17638348173,7,3774,scored,perfect,608913
17639344961,12,3775,scored,perfect,308245
17639345709,15,3776,scored,perfect,147091
17649348192,11,3777,scored,perfect,89151
17656348259,9,3778,scored,perfect,458520
17658348284,3,3779,scored,perfect,31793
17661345077,13,3780,scored,perfect,-518555
17666348512,14,3781,scored,perfect,154600
17670348442,5,3782,scored,perfect,293391
17670349064,8,3783,scored,perfect,-553756
17672350836,4,3784,scored,perfect,419703
17673345723,6,3785,scored,perfect,32364
17674347861,0,3786,scored,perfect,97194
17677344680,10,3787,scored,perfect,169620
17684348160,1,3788,scored,perfect,-208948
17686348599,12,3789,scored,perfect,-467406
17695349520,2,3790,scored,perfect,390331
17697352163,11,3791,scored,perfect,-172060
17701350348,3,3792,scored,perfect,-49170
17701351028,7,3793,scored,perfect,-81272
17702347184,15,3794,scored,perfect,-198711
17705344379,13,3795,scored,perfect,-497347
17711351547,8,3796,scored,perfect,311503
17711352353,9,3797,scored,perfect,-238110
17712344677,4,3798,scored,perfect,-387512
17716344384,0,3799,scored,perfect,245110
17721346382,14,3800,scored,perfect,329156
17725348332,10,3801,scored,perfect,-206538
17725348987,5,3802,scored,perfect,-378770
17727349817,6,3803,scored,perfect,-330318
17728346759,1,3804,scored,perfect,-62172
17732350675,12,3805,scored,perfect,130294
17735354100,2,3806,scored,perfect,153972
17744353597,7,3807,scored,perfect,573185
17748352031,15,3808,scored,perfect,-589797
17749345854,11,3809,scored,perfect,-71704
17751346055,13,3810,scored,perfect,110032
17756346683,0,3811,scored,perfect,-471320
17757350497,3,3812,scored,perfect,45834
17759345810,8,3813,scored,perfect,283055
17761347643,4,3814,scored,perfect,427240
17763344914,9,3815,scored,perfect,-408683
17764350173,14,3816,scored,perfect,-576702
17765346718,10,3817,scored,perfect,-326802
17766347549,5,3818,scored,perfect,346863
17767344855,6,3819,scored,perfect,-609075
17769348727,1,3820,scored,perfect,454257
17776348379,2,3821,scored,perfect,124329
17777345309,12,3822,scored,perfect,-133255
17788345376,7,3823,scored,perfect,-262550
17789347805,11,3824,scored,perfect,-125594
17792347787,15,3825,scored,perfect,326081
17792348376,13,3826,scored,perfect,-404091
17797346778,3,3827,scored,perfect,-207024
17797348147,0,3828,scored,perfect,-393676
17799348493,8,3829,scored,perfect,-16734
17803347762,4,3830,scored,perfect,321560
17808345283,6,3831,scored,perfect,-343470
17808345963,9,3832,scored,perfect,-380250
17815349184,5,3834,scored,perfect,-319698
17815350319,14,3833,scored,perfect,-70962
17817345526,1,3835,scored,perfect,331616
17817346629,2,3836,scored,perfect,-131025
17820348186,10,3837,scored,perfect,-380133
17822351536,12,3838,scored,perfect,-348907
17829345128,7,3839,scored,perfect,-87006
17831346209,11,3840,scored,perfect,398525
17832348273,15,3841,scored,perfect,-220512
17833349564,13,3842,scored,perfect,244393
17837348527,3,3843,scored,perfect,-270907
17839348485,0,3844,scored,perfect,52185
17844346651,4,3845,scored,perfect,-504898
17845348153,8,3846,scored,perfect,-138860
17851349137,6,3847,scored,perfect,-37177
17855347977,9,3848,scored,perfect,597241
17862348333,1,3849,scored,perfect,-254334
17867347598,10,3850,scored,perfect,1154
17868344898,14,3851,scored,perfect,-86299
17869351636,5,3852,scored,perfect,121478
17873347592,7,3853,scored,perfect,331767
17873348114,13,3854,scored,perfect,-139300
17877344673,12,3855,scored,perfect,543252
17880349466,0,3857,scored,perfect,-276235
17880350266,2,3856,scored,perfect,-129311
17881345091,11,3858,scored,perfect,59723
17884348177,15,3859,scored,perfect,202669
17886348568,4,3860,scored,perfect,582673
17886349339,3,3861,scored,perfect,237700
17887349655,8,3862,scored,perfect,54152
17894346446,6,3863,scored,perfect,-29607
17900344991,9,3864,scored,perfect,448741
17903348463,1,3865,scored,perfect,307831
17908345250,10,3866,scored,perfect,191651
17909348559,14,3867,scored,perfect,288843
17911348109,5,3868,scored,perfect,366243
17921345730,7,3869,scored,perfect,110730
17922351091,0,3871,scored,perfect,-140467
17922351666,11,3870,scored,perfect,42812
17930345016,3,3872,scored,perfect,-147241
17938344895,8,3873,scored,perfect,-409593
17939353120,2,3874,scored,perfect,15682
17941348406,13,3875,scored,perfect,-57941
17941348939,9,3876,scored,perfect,-289062
17942345129,4,3877,scored,perfect,127610
17944348415,6,3878,scored,perfect,178154
17945348854,12,3879,scored,perfect,179260
17948352705,15,3880,scored,perfect,407248
17950347494,10,3881,scored,perfect,-188447
17951345666,14,3882,scored,perfect,-2636
17960351667,5,3883,scored,perfect,-65570
17970345436,11,3884,scored,perfect,-543056
17972346131,0,3885,scored,perfect,370650
17972347836,7,3886,scored,perfect,-461330
17977348512,3,3887,scored,perfect,-278669
17979348563,1,3888,scored,perfect,94383
17983348500,8,3889,scored,perfect,-79260
17984344805,2,3890,scored,perfect,-634469
17990346784,4,3891,scored,perfect,338055
17991348317,14,3892,scored,perfect,-429077
17994349513,13,3893,scored,perfect,-102266
17995349013,9,3894,scored,perfect,4121
17996348751,10,3895,scored,perfect,116719
17997345599,12,3896,scored,perfect,418767
17999345790,6,3897,scored,perfect,21711
18004347841,15,3898,scored,perfect,-55913
18018348359,5,3899,scored,perfect,-351285
18020345502,3,3900,scored,perfect,-600383
18022346239,0,3901,scored,perfect,488251
18023353051,7,3902,scored,perfect,100399
18025348647,1,3903,scored,perfect,-253205
18026344964,8,3904,scored,perfect,-200441
18030350105,11,3905,scored,perfect,-20715
18030350792,2,3906,scored,perfect,-264431
18034349280,4,3907,scored,perfect,-651178
18035351216,14,3908,scored,perfect,-206353
18038345976,12,3909,scored,perfect,34548
18040352275,10,3910,scored,perfect,-22046
18043345499,6,3911,scored,perfect,-5634
18047347014,9,3912,scored,perfect,-451986
18051345257,13,3913,scored,perfect,-17424
18052352488,15,3914,scored,perfect,-224323
18059348466,5,3915,scored,perfect,-572456
18061349258,3,3916,scored,perfect,-528892
18066345333,1,3917,scored,perfect,6865
18070345526,0,3918,scored,perfect,-316973
18072346204,2,3919,scored,perfect,430093
18075349341,11,3920,scored,perfect,347232
18075350250,8,3921,scored,perfect,-203269
18081352120,12,3922,scored,perfect,-128269
18082345264,14,3923,scored,perfect,-91388
18083348036,6,3924,scored,perfect,-275214
18084344887,10,3925,scored,perfect,-270486
18088344966,4,3926,scored,perfect,91689
18094349918,15,3927,scored,perfect,-89313
18097346774,9,3928,scored,perfect,252486
18098352258,13,3929,scored,perfect,212110
18100347666,7,3930,scored,perfect,-429075
18101344891,5,3931,scored,perfect,100071
18103346177,3,3932,scored,perfect,218973
18110351597,1,3933,scored,perfect,-204925
18113344952,2,3934,scored,perfect,-393112
18116349365,11,3935,scored,perfect,372017
18120348359,8,3936,scored,perfect,-124652
18122351425,14,3937,scored,perfect,-410441
18123348748,12,3938,scored,perfect,-289549
18125345104,0,3939,scored,perfect,239970
18126347681,6,3940,scored,perfect,371311
18126348191,10,3941,scored,perfect,272405
18129345295,4,3942,scored,perfect,55574
18137348125,15,3943,scored,perfect,111214
18139347851,9,3944,scored,perfect,350608
18144348882,7,3945,scored,perfect,407338
18150345316,5,3946,scored,perfect,-28564
18151347835,3,3947,scored,perfect,-143838
18161348951,2,3948,scored,perfect,-378154
18163348199,13,3949,scored,perfect,161043
18169353737,10,3950,scored,perfect,378318
18172346552,8,3951,scored,perfect,362707
18172347060,6,3952,scored,perfect,23070
18175348663,4,3953,scored,perfect,288316
18176344790,1,3954,scored,perfect,-329072
18177352235,12,3955,scored,perfect,-358643
18181352252,0,3956,scored,perfect,-564983
18185357040,11,3957,scored,perfect,286295
18187348232,14,3958,scored,perfect,-59745
18191348180,15,3959,scored,perfect,111854
18194349273,5,3960,scored,perfect,583956
18204345325,2,3961,scored,perfect,-162633
18204346067,13,3962,scored,perfect,-175669
18209345295,7,3963,scored,perfect,-514086
18214353169,6,3964,scored,perfect,75730
18216347760,8,3965,scored,perfect,65657
18221345284,1,3966,scored,perfect,330852
18222349180,9,3967,scored,perfect,305223
18223348856,0,3969,scored,perfect,228776
18223349599,12,3968,scored,perfect,325586
18225348561,4,3970,scored,perfect,-83802
18227352754,11,3971,scored,perfect,25907
18227353354,14,3972,scored,perfect,-408117
18236346809,5,3973,scored,perfect,303551
18241344634,10,3974,scored,perfect,230276
18244351962,2,3975,scored,perfect,-340322
18245346204,13,3976,scored,perfect,16181
18250345349,7,3977,scored,perfect,281970
18251348014,3,3978,scored,perfect,-39749
18252347692,15,3979,scored,perfect,-264546
18256353826,6,3980,scored,perfect,375957
18258347854,8,3981,scored,perfect,9060
18262345139,1,3982,scored,perfect,-533260
18263347836,0,3983,scored,perfect,-75477
18264349349,12,3984,scored,perfect,233093
18266348164,4,3985,scored,perfect,242627
18268348055,14,3986,scored,perfect,-218137
18270348526,11,3987,scored,perfect,-142242
18272348787,9,3988,scored,perfect,223741
18278349294,5,3989,scored,perfect,304749
18282348247,10,3990,scored,perfect,161258
18286348571,2,3991,scored,perfect,157535
18288344980,13,3992,scored,perfect,-306528
18291348806,3,3993,scored,perfect,-171495
18295349463,15,3994,scored,perfect,-408750
18299348414,7,3995,scored,perfect,-59008
18303348638,6,3996,scored,perfect,-544417
18304344988,0,3997,scored,perfect,-305357
18308345185,8,3998,scored,perfect,1040
18310352081,4,3999,scored,perfect,-44828
18311348634,11,4000,scored,perfect,272858
18312348407,9,4002,scored,perfect,77147
18312349028,14,4001,scored,perfect,257637
18312349487,12,4003,scored,perfect,52026
18319355277,5,4004,scored,perfect,-178312
18321347693,1,4005,scored,perfect,167
18325345343,10,4006,scored,perfect,214289
18328349617,2,4007,scored,perfect,-186898
18330348101,13,4008,scored,perfect,580757
18332348506,3,4009,scored,perfect,19291
18340352379,15,4010,scored,perfect,235751
18343349854,7,4011,scored,perfect,180510
18348348274,6,4013,scored,perfect,-591320
18348348961,8,4012,scored,perfect,-452055
18355349277,14,4014,scored,perfect,-20986
18355350037,9,4015,scored,perfect,-376158
18360355461,5,4016,scored,perfect,-91614
18361345236,0,4017,scored,perfect,-490537
18367346289,10,4018,scored,perfect,-516457
18368348017,1,4019,scored,perfect,316342
18368348647,12,4020,scored,perfect,45809
18369349282,4,4021,scored,perfect,520699
18369349942,11,4022,scored,perfect,-49620
18370348430,2,4023,scored,perfect,-541273
18374345640,3,4024,scored,perfect,-259974
18378349535,13,4025,scored,perfect,135765
18387345261,15,4026,scored,perfect,205052
18389344947,8,4027,scored,perfect,-227599
18390351577,7,4028,scored,perfect,99257
18391345807,6,4029,scored,perfect,-391842
18398352458,14,4030,scored,perfect,409072
18399345156,9,4031,scored,perfect,-380779
18402349920,0,4032,scored,perfect,103927
18406346673,5,4033,scored,perfect,337456
18408345602,10,4034,scored,perfect,263211
18410348959,11,4035,scored,perfect,100927
18412345594,4,4036,scored,perfect,290569
18414348820,12,4037,scored,perfect,435035
18416348241,2,4038,scored,perfect,572054
18419348750,1,4039,scored,perfect,389159
18419349747,13,4040,scored,perfect,-476678
18420348486,3,4041,scored,perfect,270721
18427352535,15,4042,scored,perfect,-23888
18430344704,7,4043,scored,perfect,87195
18431352447,6,4044,scored,perfect,-440486
18434347354,8,4045,scored,perfect,248527
18438344866,14,4046,scored,perfect,-180321
18448352673,10,4047,scored,perfect,12890
18451344584,5,4048,scored,perfect,363867
18451345044,9,4049,scored,perfect,86176
18458345141,12,4050,scored,perfect,511596
18459349296,11,4051,scored,perfect,-302081
18463345161,4,4052,scored,perfect,-55864
18465348661,3,4053,scored,perfect,-76533
18466348385,1,4054,scored,perfect,581733
18469351847,0,4055,scored,perfect,-268746
18472347560,13,4056,scored,perfect,-460835
18482345465,7,4057,scored,perfect,301966
18483347889,6,4058,scored,perfect,-124984
18484344956,8,4059,scored,perfect,-23999
18485356249,15,4060,scored,perfect,-344028
18487347912,2,4061,scored,perfect,-101451
18488344818,14,4062,scored,perfect,-19608
18492344838,5,4063,scored,perfect,-131774
18497346067,10,4064,scored,perfect,508514
18498352697,9,4065,scored,perfect,37295
18500347936,12,4066,scored,perfect,332875
18502348798,11,4067,scored,perfect,440783
18508348656,1,4068,scored,perfect,-289606
18511348345,4,4069,scored,perfect,70650
18519352940,0,4070,scored,perfect,484835
18520344856,3,4071,scored,perfect,-85403
18520345275,13,4072,scored,perfect,-320765
18524345360,7,4073,scored,perfect,166353
18524345863,8,4074,scored,perfect,-223599
18526345177,6,4075,scored,perfect,-243959
18528347194,15,4076,scored,perfect,436699
18528347728,2,4077,scored,perfect,159965
18534347520,14,4078,scored,perfect,73559
18535353203,5,4079,scored,perfect,-184587
18537349277,10,4080,scored,perfect,233057
18542344710,11,4081,scored,perfect,364037
18544348546,9,4082,scored,perfect,189402
18544349100,12,4083,scored,perfect,-369377
18555349317,1,4084,scored,perfect,30671
18556349205,4,4085,scored,perfect,-453298
18576345064,15,4086,scored,perfect,-309459
18577352845,0,4087,scored,perfect,-353659
18578345226,3,4088,scored,perfect,441175
18578345718,7,4089,scored,perfect,431316
18584345517,13,4090,scored,perfect,204235
18585353874,9,4091,scored,perfect,28989
18590345543,8,4092,scored,perfect,377957
18591347854,6,4093,scored,perfect,130711
18593348637,12,4094,scored,perfect,-107861
18596344957,5,4095,scored,perfect,335367
18597350489,4,4096,scored,perfect,-284058
18598348873,10,4097,scored,perfect,-398435
18602352293,2,4098,scored,perfect,-418498
18605345058,1,4100,scored,perfect,293091
18605345529,14,4099,scored,perfect,399347
18605345974,11,4101,scored,perfect,-205454
18617344965,15,4102,scored,perfect,-350739
18619348482,0,4103,scored,perfect,534644
18619349007,3,4105,scored,perfect,-497160
18619349397,7,4104,scored,perfect,-490853
18628346914,13,4106,scored,perfect,214921
18634351132,8,4107,scored,perfect,-592258
18635351764,12,4108,scored,perfect,213929
18636351855,5,4109,scored,perfect,-121858
18641347730,6,4111,scored,perfect,-1020
18641348243,10,4110,scored,perfect,199343
18642344832,4,4112,scored,perfect,30833
18642345327,9,4113,scored,perfect,-90819
18645348994,14,4114,scored,perfect,-575455
18646345768,2,4115,scored,perfect,330350
18646346345,1,4116,scored,perfect,-21373
18647348871,11,4117,scored,perfect,164427
18658348382,15,4118,scored,perfect,449821
18661345878,3,4119,scored,perfect,-394038
18666345764,7,4120,scored,perfect,-414839
18667347748,0,4121,scored,perfect,-141168
18670348462,13,4122,scored,perfect,-500591
18675345159,8,4123,scored,perfect,240316
18678348518,12,4124,scored,perfect,422891
18680348373,5,4125,scored,perfect,384299
18682347793,6,4126,scored,perfect,351921
18686345675,4,4127,scored,perfect,132903
18690347992,2,4128,scored,perfect,-76429
18691349408,10,4129,scored,perfect,236871
18692347814,9,4130,scored,perfect,-350449
18694352631,1,4131,scored,perfect,324634
18695345040,11,4132,scored,perfect,-520016
18697347763,14,4133,scored,perfect,420052
18698352365,15,4134,scored,perfect,230767
18702348308,3,4135,scored,perfect,590389
18706354917,7,4136,scored,perfect,-495806
18709344646,0,4137,scored,perfect,200591
18725347990,6,4138,scored,perfect,-559350
18726345382,5,4139,scored,perfect,-48474
18728344652,13,4140,scored,perfect,-91882
18742348840,14,4141,scored,perfect,-131028
18744348829,1,4143,scored,perfect,446469
18744349538,12,4142,scored,perfect,519650
18746345970,10,4144,scored,perfect,-38788
18753347836,3,4145,scored,perfect,-300338
18754344829,0,4146,scored,perfect,75869
18756345061,9,4147,scored,perfect,-93434
18764348995,2,4148,scored,perfect,532844
18764349696,4,4149,scored,perfect,100959
18766348689,11,4150,scored,perfect,252847
18769346864,8,4151,scored,perfect,179513
18770348712,15,4152,scored,perfect,-614257
18773348402,7,4153,scored,perfect,-546028
18774348356,13,4154,scored,perfect,-50433
18777344859,6,4155,scored,perfect,-163042
18778348669,5,4156,scored,perfect,-111094
18785347850,14,4157,scored,perfect,-320699
18796350090,3,4158,scored,perfect,-230311
18797355824,10,4159,scored,perfect,20282
18797356415,0,4160,scored,perfect,-460221
18798348262,1,4161,scored,perfect,-288564
18798348904,9,4162,scored,perfect,-309625
18800344965,12,4163,scored,perfect,-16675
18805348059,4,4164,scored,perfect,117043
18807348625,2,4165,scored,perfect,-4968
18810346411,8,4166,scored,perfect,603125
18810347836,11,4167,scored,perfect,-42285
18811348218,15,4168,scored,perfect,106075
18816349069,13,4169,scored,perfect,-238748
18822347683,6,4170,scored,perfect,-375908
18823348057,5,4171,scored,perfect,-595774
18826348670,14,4172,scored,perfect,-113750
18828347955,7,4173,scored,perfect,-546663
18842348240,1,4174,scored,perfect,-311481
18848348566,2,4175,scored,perfect,413562
18849347653,4,4176,scored,perfect,-394162
18857348355,13,4177,scored,perfect,299817
18858344611,9,4178,scored,perfect,598426
18860349263,10,4179,scored,perfect,-330322
18873348098,0,4180,scored,perfect,-458113
18878349126,7,4181,scored,perfect,476032
18886349234,12,4182,scored,perfect,403290
18888347914,5,4183,scored,perfect,527339
18890349063,15,4184,scored,perfect,137632
18892348010,1,4185,scored,perfect,-497082
18896344863,8,4186,scored,perfect,-103237
18897351592,2,4187,scored,perfect,-438649
18898345583,13,4188,scored,perfect,269951
18900344946,3,4189,scored,perfect,18986
18907348149,10,4190,scored,perfect,-369267
18909348020,14,4191,scored,perfect,-290142
18910347440,4,4192,scored,perfect,-404160
18911348227,9,4193,scored,perfect,-9696
18912348361,6,4194,scored,perfect,-223041
18914349253,0,4195,scored,perfect,-56195
18914350402,11,4196,scored,perfect,-152089
18922349149,7,4197,scored,perfect,520496
18926349033,12,4198,scored,perfect,123597
18928348266,5,4199,scored,perfect,411218
18932350460,15,4200,scored,perfect,328444
18943348754,13,4201,scored,perfect,-167903
18945348591,2,4202,scored,perfect,-107691
18947346998,1,4203,scored,perfect,501894
18948348319,8,4204,scored,perfect,269547
18950344639,10,4205,scored,perfect,-82665
18952353055,4,4206,scored,perfect,600751
18955350302,9,4207,scored,perfect,-130146
18955351056,14,4208,scored,perfect,-137590
18956348712,6,4209,scored,perfect,-615020
18957344619,11,4210,scored,perfect,17060
18958347956,0,4211,scored,perfect,-428762
18961344839,3,4212,scored,perfect,-6280
18967348609,7,4213,scored,perfect,-429084
18974347919,15,4214,scored,perfect,140087
18977346443,12,4215,scored,perfect,-279870
18978348560,5,4216,scored,perfect,412871
18984347930,13,4217,scored,perfect,-586084
18985347334,2,4218,scored,perfect,-284976
18987349089,1,4219,scored,perfect,-262493
18996345365,10,4220,scored,perfect,40041
19005345637,9,4221,scored,perfect,463674
19010351778,6,4222,scored,perfect,-328979
19010352411,14,4223,scored,perfect,-397756
19015345408,3,4224,scored,perfect,-196985
19017345438,15,4225,scored,perfect,469751
19019345359,8,4226,scored,perfect,-88013
19020348101,5,4227,scored,perfect,-31683
19020348775,7,4228,scored,perfect,-70193
19021344886,11,4229,scored,perfect,216497
19021345629,0,4230,scored,perfect,-246381
19025344757,12,4231,scored,perfect,-117790
19026347346,4,4232,scored,perfect,411194
19030348235,13,4233,scored,perfect,383385
19030348917,1,4235,scored,perfect,-195803
19030349341,2,4234,scored,perfect,-135664
19036351601,10,4236,scored,perfect,-54667
19047347079,9,4237,scored,perfect,557921
19051346855,6,4238,scored,perfect,-13559
19051347577,14,4239,scored,perfect,-152036
19060348404,3,4240,scored,perfect,136904
19063345464,15,4241,scored,perfect,-161193
19065344894,8,4242,scored,perfect,61853
19065345452,0,4245,scored,perfect,-322371
19065345830,7,4243,scored,perfect,-132496
19065346210,12,4244,scored,perfect,-265498
19066347890,11,4246,scored,perfect,441480
19070345225,13,4247,scored,perfect,-635950
19074348307,1,4248,scored,perfect,324758
19074348877,5,4249,scored,perfect,-367589
19076348773,10,4250,scored,perfect,-366944
19084348257,4,4251,scored,perfect,-44312
19085348341,2,4252,scored,perfect,-170090
19087348314,9,4253,scored,perfect,405237
19093345708,6,4254,scored,perfect,-129106
19094348708,14,4255,scored,perfect,-216619
19100348681,3,4256,scored,perfect,-311995
19105345114,15,4257,scored,perfect,388185
19107344830,8,4258,scored,perfect,182607
19109344675,0,4259,scored,perfect,318717
19111345689,12,4260,scored,perfect,105175
19112347946,7,4261,scored,perfect,-381148
19115345608,5,4262,scored,perfect,-173717
19116348115,11,4263,scored,perfect,-12933
19119345618,1,4265,scored,perfect,399190
19119346399,10,4264,scored,perfect,451467
19126344993,2,4266,scored,perfect,-243238
19127348177,9,4267,scored,perfect,-90193
19129345117,4,4268,scored,perfect,42723
19130347858,13,4269,scored,perfect,-433348
19134348881,6,4270,scored,perfect,360926
19139344841,14,4271,scored,perfect,-473619
19144349032,3,4272,scored,perfect,548633
19150345496,15,4273,scored,perfect,-311169
19155348765,12,4274,scored,perfect,-246616
19158345183,5,4275,scored,perfect,460488
19160348829,8,4276,scored,perfect,-280255
19161347910,10,4277,scored,perfect,494366
19163344671,1,4278,scored,perfect,-162810
19164347393,7,4279,scored,perfect,-349712
19165344730,0,4281,scored,perfect,-219372
19165345321,11,4280,scored,perfect,-92644
19167344072,2,4282,scored,perfect,384698
19168350362,9,4283,scored,perfect,333812
19171344879,4,4284,scored,perfect,328531
19171345434,13,4285,scored,perfect,-246835
19178348778,6,4286,scored,perfect,172127
19182348275,14,4287,scored,perfect,-81829
19184345218,3,4288,scored,perfect,-72466
19194346013,15,4289,scored,perfect,56193
19197350986,12,4290,scored,perfect,-480794
19200344874,5,4291,scored,perfect,124658
19200345449,8,4292,scored,perfect,-467689
19201347260,10,4293,scored,perfect,-207580
19203347808,1,4294,scored,perfect,-262197
19207347935,11,4295,scored,perfect,18979
19210348166,2,4296,scored,perfect,227934
19212348452,7,4297,scored,perfect,235982
19212349404,0,4298,scored,perfect,-422797
19214348896,4,4299,scored,perfect,-304504
19218348959,9,4300,scored,perfect,346964
19218349614,13,4301,scored,perfect,327664
19219345356,6,4302,scored,perfect,549534
19223346217,14,4303,scored,perfect,295261
19225344126,3,4304,scored,perfect,377646
19234348234,15,4305,scored,perfect,-508489
19241345087,12,4306,scored,perfect,-7664
19242348116,8,4307,scored,perfect,514320
19242348772,5,4308,scored,perfect,-365267
19244347873,10,4309,scored,perfect,387441
19252345589,1,4310,scored,perfect,631615
19263344157,0,4311,scored,perfect,39966
19265344691,6,4312,scored,perfect,105102
19266347820,9,4313,scored,perfect,419337
19266348400,11,4315,scored,perfect,16726
19266348859,13,4314,scored,perfect,186137
19270348225,14,4316,scored,perfect,-170690
19279349454,7,4317,scored,perfect,-262453
19282348004,8,4318,scored,perfect,37264
19285354725,4,4319,scored,perfect,-335884
19286348195,12,4320,scored,perfect,476853
19286348793,2,4321,scored,perfect,-271527
19288348789,15,4322,scored,perfect,236024
19288349484,3,4323,scored,perfect,-177812
19289345481,10,4324,scored,perfect,377753
19289346243,5,4325,scored,perfect,-55973
19292344834,1,4326,scored,perfect,-378927
19307349223,13,4327,scored,perfect,335038
19307350158,9,4328,scored,perfect,75351
19320347700,0,4329,scored,perfect,-46379
19324348297,8,4330,scored,perfect,-403172
19330348975,6,4331,scored,perfect,500384
19333344559,11,4332,scored,perfect,169907
19342349248,3,4333,scored,perfect,491341
19342350130,12,4334,scored,perfect,-433876
19347348480,13,4335,scored,perfect,-521572
19349349542,7,4336,scored,perfect,-7447
19354345328,1,4338,scored,perfect,-263949
19354345922,5,4337,scored,perfect,-130288
19366347400,9,4339,scored,perfect,267051
19367346270,15,4340,scored,perfect,-167721
19370350898,10,4341,scored,perfect,-415794
19375345458,0,4342,scored,perfect,-86881
19378349310,14,4343,scored,perfect,-200015
19381345813,8,4344,scored,perfect,-140102
19382349766,4,4345,scored,perfect,124057
19385350117,6,4346,scored,perfect,-280229
19386351093,2,4347,scored,perfect,-83823
19387349276,12,4348,scored,perfect,5793
19388345287,3,4349,scored,perfect,-154590
19394353848,13,4350,scored,perfect,334342
19394355171,7,4351,scored,perfect,180894
19398349663,11,4352,scored,perfect,-285844
19400347734,1,4353,scored,perfect,-356226
19402357208,5,4354,scored,perfect,487962
19407351245,9,4355,scored,perfect,-34270
19409347674,15,4356,scored,perfect,-384164
19419349797,14,4357,scored,perfect,574356
19419350618,10,4358,scored,perfect,-392496
19421350972,0,4359,scored,perfect,-69007
19430347869,8,4360,scored,perfect,-26813
19436351247,13,4361,scored,perfect,-132750
19438346737,7,4362,scored,perfect,573013
19444348889,6,4363,scored,perfect,172850
19449349432,1,4364,scored,perfect,57526
19449350130,12,4365,scored,perfect,-206258
19450344516,9,4366,scored,perfect,520897
19452345647,15,4367,scored,perfect,474369
19453347581,5,4368,scored,perfect,-522294
19455347090,4,4369,scored,perfect,290133
19456350578,2,4370,scored,perfect,-266601
19459348956,11,4371,scored,perfect,-574909
19460348148,10,4372,scored,perfect,54203
19462348309,3,4373,scored,perfect,322134
19463344736,14,4374,scored,perfect,537153
19470348231,8,4375,scored,perfect,-298991
19475345196,0,4376,scored,perfect,190843
19478348011,7,4377,scored,perfect,-17396
19478348562,13,4378,scored,perfect,-379118
19484348062,6,4379,scored,perfect,-177101
19490347754,9,4380,scored,perfect,-293198
19491345059,1,4381,scored,perfect,-114724
19494350474,12,4382,scored,perfect,100849
19494351162,15,4383,scored,perfect,-146120
19495344430,5,4384,scored,perfect,119466
19497346462,2,4385,scored,perfect,342406
19498349052,4,4386,scored,perfect,58950
19504348368,10,4387,scored,perfect,-2002
19506345596,14,4388,scored,perfect,-600055
19510350277,11,4389,scored,perfect,98294
19511345016,3,4390,scored,perfect,504604
19515345288,8,4391,scored,perfect,209528
19517345757,0,4392,scored,perfect,519971
19520348620,7,4393,scored,perfect,-608356
19521345927,13,4394,scored,perfect,225565
19526347606,6,4395,scored,perfect,-229153
19534347674,15,4396,scored,perfect,-433784
19536351875,1,4397,scored,perfect,434410
19539349167,9,4398,scored,perfect,-414011
19540348811,2,4399,scored,perfect,27011
19541347774,12,4400,scored,perfect,361012
19541348193,4,4401,scored,perfect,-327456
19552345625,11,4402,scored,perfect,468800
19552346418,14,4403,scored,perfect,57883
19553347423,3,4404,scored,perfect,-125895
19555344655,5,4405,scored,perfect,423033
19558345181,10,4406,scored,perfect,-286225
19559348097,0,4407,scored,perfect,69337
19561348153,13,4408,scored,perfect,-365580
19562348333,8,4409,scored,perfect,-203544
19569346302,6,4410,scored,perfect,461210
19570348096,7,4411,scored,perfect,415698
19580345497,9,4412,scored,perfect,-100552
19582347553,1,4413,scored,perfect,-101727
19584349402,4,4414,scored,perfect,77939
19591348339,12,4415,scored,perfect,310943
19591349066,2,4416,scored,perfect,-366460
19601344022,10,4417,scored,perfect,415449
19609408918,13,4418,scored,perfect,178324
19611347671,3,4419,scored,perfect,85911
19611348270,8,4420,scored,perfect,-535852
19614346658,7,4421,scored,perfect,-230041
19615343882,0,4422,scored,perfect,134044
19617343611,11,4423,scored,perfect,-599947
19620349432,5,4424,scored,perfect,260950
19621348122,15,4425,scored,perfect,131229
19622355445,6,4426,scored,perfect,-417830
19627346796,4,4427,scored,perfect,-8826
19629345512,1,4428,scored,perfect,-240080
19631346961,9,4429,scored,perfect,-101503
19637345753,14,4430,scored,perfect,362405
19642347851,10,4431,scored,perfect,71837
19643347880,2,4432,scored,perfect,262646
19647346842,12,4433,scored,perfect,508845
19653349051,8,4434,scored,perfect,145567
19659348298,0,4435,scored,perfect,-35073
19669348227,6,4436,scored,perfect,-176434
19670347611,3,4438,scored,perfect,453226
19670348200,5,4437,scored,perfect,467809
19670348719,13,4440,scored,perfect,-357216
19670349101,15,4439,scored,perfect,-352931
19673350250,7,4441,scored,perfect,37632
19674348798,9,4442,scored,perfect,-350617
19679345465,11,4443,scored,perfect,-148816
19680348240,1,4444,scored,perfect,354767
19681346827,4,4445,scored,perfect,1315
19684345856,2,4446,scored,perfect,-100583
19685353607,10,4447,scored,perfect,277410
19686348462,14,4448,scored,perfect,-98110
19688346161,12,4449,scored,perfect,436723
19693347828,8,4450,scored,perfect,-129837
19702346138,0,4451,scored,perfect,-346360
19717345150,7,4452,scored,perfect,-591170
19718350939,6,4453,scored,perfect,-158614
19719348703,13,4455,scored,perfect,-309802
19719349787,15,4454,scored,perfect,-298767
19720350606,11,4456,scored,perfect,374306
19723347385,3,4457,scored,perfect,410722
19725345593,5,4458,scored,perfect,-555747
19728351377,1,4459,scored,perfect,228857
19728352060,14,4460,scored,perfect,151355
19728352697,9,4461,scored,perfect,-441607
19729345333,2,4462,scored,perfect,114263
19730346926,4,4463,scored,perfect,57891
19730347423,10,4464,scored,perfect,23333
19730347869,12,4465,scored,perfect,-31471
19734344350,8,4466,scored,perfect,-384860
19745347693,0,4467,scored,perfect,187471
19761348926,11,4468,scored,perfect,425269
19764347024,13,4469,scored,perfect,-258044
19770346193,3,4470,scored,perfect,255956
19772345587,5,4471,scored,perfect,279370
19772346156,6,4472,scored,perfect,76683
19778346135,14,4473,scored,perfect,-120386
19781344264,4,4474,scored,perfect,-510935
19782348405,12,4475,scored,perfect,-165947
19790346040,7,4476,scored,perfect,49200
19791344993,1,4477,scored,perfect,-201312
19792348704,8,4478,scored,perfect,-489779
19794347679,9,4479,scored,perfect,-160211
19794348151,10,4480,scored,perfect,-393191
19796346128,2,4481,scored,perfect,-279378
19801345031,15,4482,scored,perfect,253612
19802348658,0,4483,scored,perfect,351753
19805345095,11,4484,scored,perfect,607341
19805345534,13,4485,scored,perfect,-239443
19813344539,5,4486,scored,perfect,-419519
19816348022,3,4487,scored,perfect,287754
19820347778,14,4488,scored,perfect,452333
19820348292,6,4489,scored,perfect,-206732
19823345298,12,4490,scored,perfect,234392
19829348066,4,4491,scored,perfect,-318015
19837346364,8,4492,scored,perfect,-231690
19844345076,15,4493,scored,perfect,-161452
19847351564,0,4494,scored,perfect,-476047
19848345576,13,4495,scored,perfect,-492515
19855349061,10,4496,scored,perfect,-127040
19856345260,5,4497,scored,perfect,229205
19858344893,7,4498,scored,perfect,179301
19860347635,14,4499,scored,perfect,92945
19864349623,11,4500,scored,perfect,-385573
19868345831,1,4501,scored,perfect,344882
19868346423,6,4502,scored,perfect,42116
19870344767,3,4503,scored,perfect,425228
19871347297,12,4504,scored,perfect,52628
19872346485,4,4505,scored,perfect,194706
19872347674,9,4506,scored,perfect,-209955
19875345334,2,4507,scored,perfect,-73317
19877345401,8,4508,scored,perfect,-416407
19890349122,13,4509,scored,perfect,9843
19891345392,0,4510,scored,perfect,446206
19892347597,15,4511,scored,perfect,29112
19906346189,10,4512,scored,perfect,-312921
19907348061,7,4513,scored,perfect,291408
19909345009,5,4514,scored,perfect,145035
19912344982,6,4515,scored,perfect,237658
19916345619,4,4517,scored,perfect,-53212
19916346192,12,4516,scored,perfect,196074
19917347944,14,4518,scored,perfect,340972
19919346070,11,4519,scored,perfect,59942
19920349119,8,4520,scored,perfect,-410219
19924348577,2,4522,scored,perfect,196147
19924349562,3,4521,scored,perfect,253396
19925344784,1,4523,scored,perfect,-445687
19926347776,9,4524,scored,perfect,-193276
19934347811,0,4525,scored,perfect,117144
19944348517,13,4526,scored,perfect,-260149
19950348438,15,4527,scored,perfect,-218699
19951344460,5,4528,scored,perfect,163284
19955345848,7,4529,scored,perfect,-116376
19957348312,12,4530,scored,perfect,-348500
19958344918,14,4531,scored,perfect,-205904
19965345475,2,4532,scored,perfect,168081
19966347998,6,4533,scored,perfect,-237067
19967344632,9,4534,scored,perfect,-606565
19970347644,8,4535,scored,perfect,254634
19978344176,11,4536,scored,perfect,-518945
19980345274,0,4537,scored,perfect,-297525
19984345138,10,4538,scored,perfect,226593
19993345230,4,4539,scored,perfect,366147
19997346641,13,4540,scored,perfect,141386
19999348008,7,4541,scored,perfect,234390
20002345131,1,4542,scored,perfect,369214
20009348335,15,4543,scored,perfect,158736
20011348352,3,4544,scored,perfect,285176
20011348880,9,4545,scored,perfect,250254
20014347730,2,4546,scored,perfect,-429949
20019350423,12,4547,scored,perfect,162002
20024347870,8,4548,scored,perfect,-368688
20030347959,11,4549,scored,perfect,322449
20036351231,4,4550,scored,perfect,376240
20036351820,10,4551,scored,perfect,-39021
20039345074,0,4554,scored,perfect,195221
20039346334,6,4552,scored,perfect,252972
20039346665,13,4553,scored,perfect,250867
20043348264,5,4555,scored,perfect,331598
20044344846,7,4556,scored,perfect,297162
20044345499,1,4557,scored,perfect,-64431
20045347287,14,4558,scored,perfect,7309
20049347422,15,4559,scored,perfect,-351204
20052344782,3,4560,scored,perfect,471111
20052345320,9,4561,scored,perfect,32839
20055350069,2,4562,scored,perfect,-113938
20060347173,12,4563,scored,perfect,-226997
20065348627,8,4564,scored,perfect,273031
20071347463,11,4565,scored,perfect,27724
20081345817,0,4566,scored,perfect,-61118
20082350055,4,4567,scored,perfect,53535
20083347468,6,4568,scored,perfect,-99062
20085350335,14,4569,scored,perfect,-3416
20088381851,7,4570,scored,perfect,-44102
20090352550,13,4571,scored,perfect,-358921
20091352799,15,4572,scored,perfect,132565
20093348222,3,4573,scored,perfect,45424
20093348900,1,4574,scored,perfect,-220679
20098345509,10,4575,scored,perfect,-544603
20099353024,5,4576,scored,perfect,-113423
20108344274,2,4578,scored,perfect,369116
20108344991,8,4577,scored,perfect,524670
20112348549,11,4579,scored,perfect,-130714
20112349240,9,4580,scored,perfect,-327473
20113346817,12,4581,scored,perfect,42707
20121344290,0,4582,scored,perfect,-327906
20123347496,6,4583,scored,perfect,-111593
20136349526,14,4584,scored,perfect,-129807
20136350150,3,4585,scored,perfect,-200429
20140352185,10,4586,scored,perfect,-274623
20147348755,1,4587,scored,perfect,23912
20152350580,4,4588,scored,perfect,-303172
20155344812,12,4589,scored,perfect,591570
20158346605,8,4590,scored,perfect,-297848
20162344171,2,4591,scored,perfect,42321
20169351399,9,4592,scored,perfect,220444
20171347445,5,4593,scored,perfect,148661
20172348180,0,4594,scored,perfect,500857
20177350107,7,4595,scored,perfect,211670
20177351165,11,4596,scored,perfect,197411
20180344013,13,4597,scored,perfect,76623
20188344679,3,4598,scored,perfect,-4810
20194347539,10,4599,scored,perfect,174113
20197352821,6,4600,scored,perfect,467559
20197354485,12,4601,scored,perfect,-264489
20205346244,1,4602,scored,perfect,-457905
20209347559,2,4603,scored,perfect,370055
20211350593,15,4604,scored,perfect,414234
20212349949,4,4605,scored,perfect,157772
20212350590,0,4606,scored,perfect,-424314
20217346753,8,4607,scored,perfect,308234
20219352460,5,4608,scored,perfect,-256844
20223351138,11,4609,scored,perfect,324813
20226347972,13,4610,scored,perfect,-680802
20231348234,7,4611,scored,perfect,145767
20231349032,9,4612,scored,perfect,-235617
20232352140,14,4613,scored,perfect,305717
20235348856,3,4614,scored,perfect,274352
20238345722,10,4615,scored,perfect,190998
20244350662,6,4616,scored,perfect,-22443
20253347991,4,4617,scored,perfect,-368579
20262344591,5,4618,scored,perfect,-207014
20263347384,8,4619,scored,perfect,101225
20267348454,1,4620,scored,perfect,63819
20267349279,0,4621,scored,perfect,-302976
20268347115,15,4622,scored,perfect,369824
20269358206,11,4623,scored,perfect,442082
20269359463,12,4624,scored,perfect,125754
20271346108,13,4625,scored,perfect,-412110
20274348181,14,4626,scored,perfect,27002
20274349476,9,4627,scored,perfect,-411581
20281346776,3,4628,scored,perfect,415118
20287348374,2,4629,scored,perfect,-461643
20288345058,10,4630,scored,perfect,99066
20288345590,7,4631,scored,perfect,-154373
20289350721,6,4632,scored,perfect,114601
20294348737,4,4633,scored,perfect,329310
20303348493,8,4634,scored,perfect,92051
20305350074,5,4635,scored,perfect,-311141
20307351463,1,4636,scored,perfect,-44072
20309344561,15,4637,scored,perfect,308752
20315349029,13,4638,scored,perfect,266411
20318351433,12,4639,scored,perfect,-342544
20323347698,9,4640,scored,perfect,-460707
20323348687,11,4641,scored,perfect,-612753
20324351593,3,4643,scored,perfect,-12399
20324352255,14,4642,scored,perfect,107973
20327346319,0,4644,scored,perfect,-112140
20330346840,2,4645,scored,perfect,601189
20337348532,7,4646,scored,perfect,-3808
20337349199,10,4647,scored,perfect,-169730
20338345158,6,4648,scored,perfect,-115593
20339352002,4,4649,scored,perfect,-231594
20344345340,8,4650,scored,perfect,233775
20348348445,5,4651,scored,perfect,127223
20352350529,1,4652,scored,perfect,74662
20353352302,15,4653,scored,perfect,151152
20358348633,13,4654,scored,perfect,-191397
20366352209,12,4655,scored,perfect,-455838
20368352186,11,4656,scored,perfect,-139528
20374353077,0,4657,scored,perfect,96730
20380345592,2,4658,scored,perfect,92232
20381351845,6,4659,scored,perfect,181982
20384345544,3,4660,scored,perfect,-204571
20387348370,4,4661,scored,perfect,144504
20389351337,10,4662,scored,perfect,-148715
20389351879,9,4663,scored,perfect,-585287
20392345335,7,4664,scored,perfect,-450009
20398351148,14,4665,scored,perfect,-27528
20401347422,15,4666,scored,perfect,155683
20403347912,8,4667,scored,perfect,-77646
20403348668,13,4668,scored,perfect,-525304
20405344629,1,4669,scored,perfect,244406
20406348030,5,4670,scored,perfect,-380566
20409347695,12,4671,scored,perfect,-152805
20410349411,11,4672,scored,perfect,209441
20414350448,0,4673,scored,perfect,87178
20420347864,2,4674,scored,perfect,-191727
20424351430,6,4675,scored,perfect,278
20427346743,3,4676,scored,perfect,-377864
20430347457,10,4677,scored,perfect,-336217
20432350981,9,4678,scored,perfect,-249987
20435353289,7,4679,scored,perfect,-144569
20436355239,4,4680,scored,perfect,468674
20442347079,14,4681,scored,perfect,-381568
20447348152,1,4683,scored,perfect,492810
20447348761,8,4682,scored,perfect,518566
20450347514,11,4684,scored,perfect,-83790
20450348183,5,4685,scored,perfect,-419269
20451347745,12,4686,scored,perfect,286451
20452356305,15,4687,scored,perfect,557476
20455344314,13,4688,scored,perfect,206978
20457347817,0,4689,scored,perfect,86487
20463346382,2,4690,scored,perfect,-182088
20468348409,3,4691,scored,perfect,182564
20470344328,6,4692,scored,perfect,431989
20474344789,9,4693,scored,perfect,355333
20475346203,10,4694,scored,perfect,-186630
20475346670,7,4695,scored,perfect,-508549
20479344006,4,4696,scored,perfect,380844
20483343579,14,4697,scored,perfect,376586
20493345414,15,4698,scored,perfect,-235870
20494354150,8,4699,scored,perfect,41959
20495344663,13,4700,scored,perfect,-307885
20498352829,11,4701,scored,perfect,-33005
20502349633,5,4702,scored,perfect,-396030
20504346214,1,4703,scored,perfect,-153162
20505344633,2,4705,scored,perfect,-14656
20505345171,12,4704,scored,perfect,107647
20508344352,0,4706,scored,perfect,188160
20508344814,3,4707,scored,perfect,-364738
20514350058,6,4708,scored,perfect,-368050
20515347862,9,4709,scored,perfect,381319
20522345415,4,4710,scored,perfect,504127
20527349288,10,4711,scored,perfect,-459414
20536351168,8,4712,scored,perfect,200386
20537347363,15,4713,scored,perfect,348265
20539350210,7,4714,scored,perfect,521040
20545347905,1,4715,scored,perfect,-471488
20552348680,13,4716,scored,perfect,87206
20568347357,10,4717,scored,perfect,110362
20569349568,11,4718,scored,perfect,405334
20569350786,6,4719,scored,perfect,13599
20570347749,12,4720,scored,perfect,353614
20575344977,0,4721,scored,perfect,-296201
20580347399,5,4722,scored,perfect,53299
20581356824,3,4723,scored,perfect,60612
20582345507,8,4724,scored,perfect,70574
20583349056,7,4725,scored,perfect,30173
20584346005,15,4726,scored,perfect,446887
20584347603,9,4727,scored,perfect,-306941
20585344478,2,4728,scored,perfect,-250603
20591349448,4,4729,scored,perfect,354200
20594346638,13,4730,scored,perfect,452158
20599347344,14,4731,scored,perfect,-22941
20600347296,1,4732,scored,perfect,515285
20608345773,10,4733,scored,perfect,-522065
20609353566,11,4734,scored,perfect,305322
20609354135,6,4735,scored,perfect,-120114
20610346825,12,4736,scored,perfect,-372623
20617344556,0,4737,scored,perfect,-383720
20622351322,3,4738,scored,perfect,-447364
20626345177,2,4739,scored,perfect,412293
20626345730,5,4740,scored,perfect,236944
20626346123,8,4741,scored,perfect,122318
20629343350,9,4742,scored,perfect,-60428
20636347470,7,4743,scored,perfect,-141146
20640344545,14,4744,scored,perfect,-48029
20645347288,15,4745,scored,perfect,157390
20648348998,4,4746,scored,perfect,-31351
20650343520,13,4747,scored,perfect,48322
20653343900,12,4748,scored,perfect,-34940
20654345861,11,4749,scored,perfect,-379167
20655349775,1,4750,scored,perfect,123898
20656348380,6,4751,scored,perfect,393630
20656349029,10,4752,scored,perfect,381104
20658343740,0,4753,scored,perfect,-9291
20667344010,5,4754,scored,perfect,-395821
20679348503,9,4755,scored,perfect,337602
20679349425,8,4756,scored,perfect,-82148
20683346428,2,4758,scored,perfect,-55180
20683347034,14,4757,scored,perfect,-52736
20694348164,7,4759,scored,perfect,588337
20697348943,13,4760,scored,perfect,-137851
20698347483,1,4761,scored,perfect,193161
20698348098,4,4762,scored,perfect,-609201
20700346661,0,4763,scored,perfect,-136037
20703344073,15,4764,scored,perfect,-279141
20707347794,10,4765,scored,perfect,-324843
20710353510,11,4766,scored,perfect,149892
20713346138,6,4767,scored,perfect,-238994
20714349469,5,4768,scored,perfect,-275618
20714350133,12,4769,scored,perfect,-460572
20715347291,3,4770,scored,perfect,-61387
20719347450,9,4771,scored,perfect,-126982
20720346947,8,4772,scored,perfect,-96121
20723344099,14,4773,scored,perfect,-430453
20729344899,2,4774,scored,perfect,120448
20734349014,7,4775,scored,perfect,-56561
20737344635,13,4776,scored,perfect,-330370
20738346966,1,4777,scored,perfect,-9053
20740347441,4,4778,scored,perfect,144289
20741346312,0,4779,scored,perfect,-48030
20748347368,10,4780,scored,perfect,333101
20748348427,15,4781,scored,perfect,-99732
20752347654,11,4782,scored,perfect,-67213
20758346802,5,4783,scored,perfect,149300
20758347513,6,4784,scored,perfect,98000
20761347672,3,4785,scored,perfect,438855
20765348689,12,4786,scored,perfect,-333772
20767345622,8,4787,scored,perfect,420411
20769348049,2,4789,scored,perfect,-39452
20769348652,14,4788,scored,perfect,84220
20774348320,9,4790,scored,perfect,240082
20776348653,7,4791,scored,perfect,26906
20781344681,0,4792,scored,perfect,-469737
20783345575,13,4793,scored,perfect,-286329
20784347168,1,4794,scored,perfect,-252058
20785354715,4,4795,scored,perfect,188223
20790344084,10,4797,scored,perfect,-283892
20790345073,15,4796,scored,perfect,-133959
20811346813,11,4798,scored,perfect,-343012
20812346967,6,4799,scored,perfect,246200
20820350811,5,4800,scored,perfect,323657
20821343937,12,4801,scored,perfect,-77263
20822351623,9,4802,scored,perfect,410431
20823345771,3,4803,scored,perfect,91119
20824346952,13,4804,scored,perfect,-318375
20828348060,0,4805,scored,perfect,-590596
20829343934,14,4806,scored,perfect,-360644
20830354736,7,4807,scored,perfect,21959
20833346494,1,4808,scored,perfect,-369125
20835351005,8,4809,scored,perfect,309465
20838343674,4,4810,scored,perfect,368397
20841344715,15,4811,scored,perfect,-268777
20844346332,10,4812,scored,perfect,301575
20844346851,2,4813,scored,perfect,-317412
20854343630,11,4814,scored,perfect,3069
20854344289,6,4815,scored,perfect,-73518
20860348960,5,4816,scored,perfect,-166431
20864353766,3,4817,scored,perfect,-144853
20864354596,9,4818,scored,perfect,-533001
20865344303,12,4819,scored,perfect,-378771
20871343845,13,4820,scored,perfect,122825
20871344508,14,4821,scored,perfect,-400248
20875345998,8,4822,scored,perfect,-549419
20877348341,1,4823,scored,perfect,56198
20881348592,0,4824,scored,perfect,196356
20884347152,4,4825,scored,perfect,257060
20888350931,7,4826,scored,perfect,-199442
20893352217,15,4827,scored,perfect,-220092
20895347177,2,4828,scored,perfect,54456
20896346534,10,4829,scored,perfect,-398535
20898347264,11,4830,scored,perfect,446397
20898347813,6,4831,scored,perfect,-608986
20901323827,5,4832,scored,perfect,-261061
20909351401,3,4833,scored,perfect,389918
20909352577,12,4834,scored,perfect,-180476
20912346384,9,4835,scored,perfect,175293
20926343993,1,4836,scored,perfect,276125
20928344075,0,4837,scored,perfect,-282094
20940345725,2,4838,scored,perfect,408254
20940346633,6,4839,scored,perfect,-273339
20944348982,14,4840,scored,perfect,282419
20945344652,11,4841,scored,perfect,-260468
20946346031,13,4842,scored,perfect,-417571
20953345910,12,4843,scored,perfect,-61214
20954316958,4,4844,scored,perfect,188104
20954317571,9,4845,scored,perfect,89793
20954318046,8,4846,scored,perfect,-15851
20956347553,3,4847,scored,perfect,-249369
20962346621,7,4848,scored,perfect,107942
20965347069,10,4849,scored,perfect,-229344
20966343471,1,4850,scored,perfect,-460212
20969346701,0,4851,scored,perfect,-168327
20982345279,2,4852,scored,perfect,-100589
20983346839,6,4853,scored,perfect,605522
20983347372,15,4854,scored,perfect,-315156
20986347188,14,4855,scored,perfect,328815
20987346361,11,4856,scored,perfect,226002
20989344133,13,4857,scored,perfect,29246
20990349122,5,4858,scored,perfect,-321226
20994347348,8,4859,scored,perfect,-143589
20995343625,9,4860,scored,perfect,94181
20999346444,12,4861,scored,perfect,-268266
21002343924,4,4862,scored,perfect,465749
21003346612,3,4863,scored,perfect,61020
21004323662,7,4864,scored,perfect,-19771
21006347357,10,4865,scored,perfect,-350558
21008345201,1,4866,scored,perfect,-109302
21010348201,0,4867,scored,perfect,-169951
21023344590,6,4868,scored,perfect,-135771
21024348958,2,4869,scored,perfect,21582
21025343425,15,4870,scored,perfect,-295562
21027344767,14,4871,scored,perfect,340968
21030347818,5,4872,scored,perfect,-469828
21030348566,13,4873,scored,perfect,-470016
21031344806,11,4874,scored,perfect,389600
21042343998,4,4875,scored,perfect,421369
21042344762,8,4876,scored,perfect,112804
21044347392,3,4877,scored,perfect,549630
21044348159,12,4878,scored,perfect,455604
21049346757,9,4879,scored,perfect,21674
21053344851,7,4880,scored,perfect,-69233
21053345715,10,4881,scored,perfect,-106543
21053346390,1,4882,scored,perfect,-267384
21053347034,0,4883,scored,perfect,-348324
21067344251,2,4884,scored,perfect,-278159
21070346310,6,4885,scored,perfect,-549023
21073348843,13,4886,scored,perfect,-187640
21075344680,5,4887,scored,perfect,-235912
21075345381,14,4888,scored,perfect,-444065
21077344370,11,4889,scored,perfect,-417342
21078347295,15,4890,scored,perfect,-136035
21085352343,4,4891,scored,perfect,118764
21085353122,8,4892,scored,perfect,-237872
21089343933,9,4893,scored,perfect,-221475
21092345864,3,4894,scored,perfect,-57208
21093346418,12,4895,scored,perfect,313585
21095343545,0,4896,scored,perfect,-59629
21095344078,10,4897,scored,perfect,-260462
21103346574,7,4898,scored,perfect,-369365
21104307028,1,4899,scored,perfect,-70725
21110349840,2,4900,scored,perfect,119292
21111344921,6,4901,scored,perfect,298516
21119345378,14,4902,scored,perfect,11078
21120345676,13,4903,scored,perfect,166282
21120346195,15,4904,scored,perfect,-335053
21123344771,11,4905,scored,perfect,-181981
21125345870,5,4906,scored,perfect,280681
21125346328,4,4907,scored,perfect,-22479
21125346766,8,4908,scored,perfect,-403477
21134345558,3,4909,scored,perfect,-207109
21137346947,12,4910,scored,perfect,-1822
21138344191,9,4911,scored,perfect,281961
21138344618,0,4912,scored,perfect,-14425
21140346398,10,4913,scored,perfect,-18457
21153349283,2,4914,scored,perfect,-100868
21155345650,6,4915,scored,perfect,48471
21156344854,7,4916,scored,perfect,48310
21158343647,1,4917,scored,perfect,96924
21161347478,15,4918,scored,perfect,54815
21162346685,13,4919,scored,perfect,357416
21169344040,5,4920,scored,perfect,-138507
21174493465,11,4921,scored,perfect,-496855
21179417234,14,4922,scored,perfect,301518
21179417678,0,4923,scored,perfect,-639418
21181349608,8,4924,scored,perfect,-471564
21189348229,12,4925,scored,perfect,45178
21191350855,4,4926,scored,perfect,501810
21192351080,9,4927,scored,perfect,77921
21192351661,3,4928,scored,perfect,-215648
21194347812,2,4929,scored,perfect,-15454
21199494073,6,4930,scored,perfect,208974
21199494789,10,4931,scored,perfect,-542519
21201343680,1,4932,scored,perfect,-197315
21202348002,7,4933,scored,perfect,-439205
21206344752,13,4934,scored,perfect,420753
21208347115,15,4935,scored,perfect,-448940
21213344854,5,4936,scored,perfect,-436324
21215401538,11,4937,scored,perfect,-435604
21219348349,14,4938,scored,perfect,-423318
21221464159,0,4939,scored,perfect,-233764
21221464588,8,4940,scored,perfect,-431661
21229346891,12,4941,scored,perfect,-294592
21235349969,9,4942,scored,perfect,-72670
21239348092,4,4943,scored,perfect,-386018
21240344247,2,4944,scored,perfect,-11907
21240344868,10,4945,scored,perfect,-154497
21243345163,7,4946,scored,perfect,-25808
21244347015,3,4947,scored,perfect,-328673
21245367509,1,4948,scored,perfect,-459948
21247347571,13,4949,scored,perfect,428708
21251347128,6,4950,scored,perfect,-217632
21252347309,15,4951,scored,perfect,210717
21254348415,5,4952,scored,perfect,-283858
21258343562,11,4953,scored,perfect,123536
21262373269,8,4954,scored,perfect,-363236
21267348241,14,4955,scored,perfect,120938
21269347616,0,4956,scored,perfect,-155483
21273361857,12,4957,scored,perfect,-591897
21278346902,9,4958,scored,perfect,132058
21280345847,4,4959,scored,perfect,236969
21288345059,10,4960,scored,perfect,217042
21290345092,1,4961,scored,perfect,-248122
21293348071,2,4962,scored,perfect,-363368
21300345668,3,4963,scored,perfect,-548017
21301346589,13,4964,scored,perfect,133350
21303344053,11,4965,scored,perfect,327179
21305345678,5,4966,scored,perfect,-297777
21307343884,7,4967,scored,perfect,-388598
21309344624,14,4968,scored,perfect,-353152
21310349235,6,4969,scored,perfect,389350
21312343776,0,4970,scored,perfect,197996
21312344395,8,4971,scored,perfect,-33658
21313346895,15,4972,scored,perfect,293382
21314343918,12,4973,scored,perfect,-370709
21323344553,9,4974,scored,perfect,126656
21328344873,10,4975,scored,perfect,198336
21330348807,4,4976,scored,perfect,-416602
21332343862,1,4977,scored,perfect,54848
21337345272,2,4978,scored,perfect,287767
21349348576,11,4979,scored,perfect,95337
21349349112,7,4980,scored,perfect,-64456
21349349507,5,4981,scored,perfect,-324225
21350344154,13,4982,scored,perfect,362383
21354344955,3,4983,scored,perfect,-42538
21373345334,10,4984,scored,perfect,-131587
21380353223,6,4985,scored,perfect,13587
21380354131,12,4986,scored,perfect,2279
21384354507,14,4987,scored,perfect,-450392
21388352342,1,4988,scored,perfect,-55957
21398347883,13,4989,scored,perfect,403154
21399345776,15,4990,scored,perfect,190124
21400348701,8,4991,scored,perfect,-22497
21401348749,2,4992,scored,perfect,62451
21404346998,5,4993,scored,perfect,99835
21406348677,0,4994,scored,perfect,-342721
21411348420,7,4995,scored,perfect,-188010
21411348909,11,4996,scored,perfect,-433060
21413435940,10,4997,scored,perfect,-249631
21413436379,3,4998,scored,perfect,-372369
21416347307,9,4999,scored,perfect,423057
21420347567,12,5000,scored,perfect,-225795
21420348158,6,5001,scored,perfect,-396924
21421353392,4,5002,scored,perfect,-389493
21427347241,14,5003,scored,perfect,251982
21431344805,1,5004,scored,perfect,-475366
21442351984,15,5005,scored,perfect,438712
21445346696,2,5006,scored,perfect,161433
21450349896,0,5007,scored,perfect,524270
21450350525,5,5008,scored,perfect,245151
21452347211,8,5009,scored,perfect,105736
21455348197,3,5011,scored,perfect,-387798
21455349102,11,5010,scored,perfect,-258251
21456347143,7,5013,scored,perfect,184688
21456347717,10,5012,scored,perfect,401708
21457344476,9,5014,scored,perfect,-79882
21467340801,6,5015,scored,perfect,-583428
21473347932,12,5016,scored,perfect,-225049
21474347007,4,5017,scored,perfect,547705
21475353137,14,5018,scored,perfect,304449
21476343630,13,5019,scored,perfect,371479
21477347411,1,5020,scored,perfect,-3185
21482348088,15,5021,scored,perfect,219342
21487351562,2,5022,scored,perfect,56068
21498347452,7,5023,scored,perfect,-215163
21502344619,3,5024,scored,perfect,174502
21506344734,8,5025,scored,perfect,168141
21507350588,9,5026,scored,perfect,-128977
21508344061,11,5027,scored,perfect,-99539
21514347616,0,5028,scored,perfect,443825
21514348243,6,5029,scored,perfect,374792
21519344676,10,5030,scored,perfect,-392928
21520346148,13,5031,scored,perfect,-607969
21522347566,5,5032,scored,perfect,418807
21524346564,15,5033,scored,perfect,-160347
21529346814,4,5034,scored,perfect,170549
21530343667,14,5035,scored,perfect,-31124
21530344461,12,5036,scored,perfect,-221475
21532343966,1,5037,scored,perfect,-229031
21535352421,2,5038,scored,perfect,-68660
21542344201,7,5039,scored,perfect,-541047
21544347173,3,5040,scored,perfect,-105346
21547349819,9,5041,scored,perfect,-330297
21550343923,8,5042,scored,perfect,-463748
21554346870,0,5043,scored,perfect,335160
21554347490,6,5044,scored,perfect,244035
21560346788,10,5045,scored,perfect,581761
21560348751,11,5046,scored,perfect,-109600
21567347015,15,5047,scored,perfect,-93774
21571344449,4,5049,scored,perfect,-393742
21571345130,5,5048,scored,perfect,-371097
21572348606,13,5050,scored,perfect,3273
21577346386,12,5051,scored,perfect,-32004
21579343919,14,5052,scored,perfect,-26484
21581345452,1,5053,scored,perfect,-81030
21584344366,2,5054,scored,perfect,296652
21585348410,3,5055,scored,perfect,352587
21589345097,9,5056,scored,perfect,-119663
21591346736,8,5057,scored,perfect,-104313
21594344105,7,5058,scored,perfect,385394
21599347171,6,5059,scored,perfect,-313603
21603344189,11,5060,scored,perfect,125125
21605348541,10,5061,scored,perfect,513573
21606344221,0,5062,scored,perfect,392800
21609346807,15,5063,scored,perfect,-1918
21613343997,13,5064,scored,perfect,-5999
21614346317,5,5065,scored,perfect,182976
21615343644,4,5066,scored,perfect,-327036
21617344027,12,5067,scored,perfect,-67707
21622348099,1,5069,scored,perfect,-518029
21622348613,14,5068,scored,perfect,-317006
21624347102,2,5070,scored,perfect,-214853
21628348449,3,5071,scored,perfect,-390977
21638347168,9,5072,scored,perfect,208197
21640408287,6,5073,scored,perfect,-438100
21645347380,11,5074,scored,perfect,240647
21647352818,8,5075,scored,perfect,-176739
21647354101,0,5076,scored,perfect,-216042
21648347825,10,5077,scored,perfect,448673
21652349869,7,5078,scored,perfect,634503
21652350602,15,5079,scored,perfect,392994
21656348373,13,5080,scored,perfect,-365811
21659346408,12,5081,scored,perfect,105387
21660352190,5,5082,scored,perfect,511901
21663347164,4,5083,scored,perfect,173847
21664344337,1,5084,scored,perfect,-135880
21669344782,2,5085,scored,perfect,383240
21669345706,14,5086,scored,perfect,175660
21670347254,3,5087,scored,perfect,-86351
21681346065,6,5088,scored,perfect,-530711
21682346872,9,5089,scored,perfect,-55418
21689349532,10,5090,scored,perfect,77917
21693344456,0,5091,scored,perfect,-286174
21699346739,8,5092,scored,perfect,-28952
21702344576,7,5093,scored,perfect,367316
21703345743,12,5095,scored,perfect,-155119
21703346263,13,5094,scored,perfect,-83803
21705346897,5,5096,scored,perfect,537325
21707346265,15,5097,scored,perfect,-261559
21708345706,1,5098,scored,perfect,-286042
21708346281,4,5099,scored,perfect,-367379
21711346843,2,5100,scored,perfect,-35528
21711347904,14,5101,scored,perfect,-155895
21711348357,3,5102,scored,perfect,-418136
21714343890,11,5103,scored,perfect,-66766
21723343818,6,5104,scored,perfect,429277
21726347795,9,5105,scored,perfect,309992
21731344164,10,5106,scored,perfect,208363
21737344607,0,5107,scored,perfect,-231167
21741345839,8,5108,scored,perfect,592663
21743348813,7,5110,scored,perfect,-273432
21743349492,13,5109,scored,perfect,-133611
21760350388,14,5111,scored,perfect,50456
21763347686,5,5112,scored,perfect,221727
21765344010,3,5113,scored,perfect,231828
21768347512,15,5114,scored,perfect,-57728
21770348835,2,5115,scored,perfect,467946
21770349353,1,5116,scored,perfect,-260644
21771343396,11,5117,scored,perfect,-249660
21772348210,6,5118,scored,perfect,485589
21772348972,12,5119,scored,perfect,-171852
21776344429,4,5120,scored,perfect,-215436
21781345557,8,5121,scored,perfect,-489349
21783346605,0,5122,scored,perfect,37028
21784344884,13,5123,scored,perfect,231986
21789344666,9,5124,scored,perfect,-373604
21791344473,10,5125,scored,perfect,-68048
21793442800,7,5126,scored,perfect,-519446
21803348083,14,5127,scored,perfect,-219620
21806349511,3,5128,scored,perfect,400288
21810488028,15,5129,scored,perfect,-467748
21811347101,5,5130,scored,perfect,-26767
21811347476,1,5131,scored,perfect,-456289
21821347074,11,5132,scored,perfect,346061
21821347679,12,5133,scored,perfect,148720
21827345463,8,5134,scored,perfect,455779
21827346038,4,5135,scored,perfect,108413
21829345646,6,5137,scored,perfect,-346802
21829346230,13,5136,scored,perfect,-111949
21830345988,2,5138,scored,perfect,255892
21833347114,9,5139,scored,perfect,-235345
21837347996,7,5140,scored,perfect,386235
21837348553,0,5141,scored,perfect,242208
21840345017,10,5142,scored,perfect,186140
21844347778,14,5143,scored,perfect,254512
21851343922,5,5144,scored,perfect,-340934
21853343775,3,5145,scored,perfect,-416125
21853344442,15,5146,scored,perfect,-530460
21857346497,1,5147,scored,perfect,140883
21862346149,12,5148,scored,perfect,-198941
21864344684,11,5149,scored,perfect,50965
21870349029,8,5151,scored,perfect,-638642
21870349804,13,5150,scored,perfect,-528799
21872344591,2,5152,scored,perfect,202476
21874346942,6,5153,scored,perfect,473000
21874347543,4,5154,scored,perfect,235120
21874347933,9,5155,scored,perfect,-79179
21880345076,10,5156,scored,perfect,-206586
21883345858,0,5157,scored,perfect,64102
21883346344,7,5158,scored,perfect,-192036
21888346478,14,5159,scored,perfect,117370
21895345445,5,5160,scored,perfect,413382
21896346653,15,5161,scored,perfect,-225994
21899319258,3,5162,scored,perfect,-52926
21901346128,1,5163,scored,perfect,361083
21906348946,12,5164,scored,perfect,-19295
21910347685,11,5165,scored,perfect,263972
21911346386,13,5166,scored,perfect,5025
21913347189,2,5167,scored,perfect,-38316
21914344312,6,5168,scored,perfect,-4179
21914344936,9,5169,scored,perfect,-83936
21916343424,8,5170,scored,perfect,490944
21916343882,4,5171,scored,perfect,-14160
21921345812,10,5172,scored,perfect,169455
21923345692,0,5173,scored,perfect,-62785
21924346015,7,5174,scored,perfect,-80052
21930346346,14,5175,scored,perfect,-322063
21936350905,15,5176,scored,perfect,-491942
21937344384,5,5177,scored,perfect,-194734
21940346138,3,5178,scored,perfect,-279098
21943348992,1,5179,scored,perfect,376663
21950349144,12,5180,scored,perfect,112317
21951343513,11,5181,scored,perfect,286731
21953344337,13,5182,scored,perfect,424166
21955344198,9,5183,scored,perfect,71816
21956346817,6,5184,scored,perfect,126312
21956347573,2,5185,scored,perfect,26691
21958345722,8,5186,scored,perfect,336310
21959346523,4,5187,scored,perfect,470220
21966346328,7,5188,scored,perfect,-287118
21968349808,10,5189,scored,perfect,-319743
21970346365,0,5190,scored,perfect,-376352
21977344731,15,5191,scored,perfect,459997
21982343994,5,5192,scored,perfect,-135703
21987346334,3,5193,scored,perfect,359636
21989350436,1,5194,scored,perfect,173305
21989351036,14,5195,scored,perfect,83231
21991345611,11,5196,scored,perfect,154317
21991346086,12,5197,scored,perfect,-250957
21993347895,13,5198,scored,perfect,140450
21995346058,9,5199,scored,perfect,-43428
22000344136,2,5200,scored,perfect,258566
22000344676,6,5201,scored,perfect,62296
22001322819,8,5202,scored,perfect,-178828
22003346386,4,5203,scored,perfect,250886
22008344374,7,5204,scored,perfect,175
22010345387,10,5205,scored,perfect,-78488
22011349592,0,5206,scored,perfect,251885
22027346365,3,5207,scored,perfect,303776
22031347113,12,5208,scored,perfect,-354507
22032345994,1,5209,scored,perfect,17431
22037344506,15,5210,scored,perfect,34482
22041343620,11,5211,scored,perfect,-257312
22043346119,8,5212,scored,perfect,78745
22044347623,2,5213,scored,perfect,-292659
22045343221,9,5214,scored,perfect,-598902
22048350398,13,5215,scored,perfect,424903
22050346665,6,5216,scored,perfect,303292
22051345398,7,5217,scored,perfect,-164471
22053343424,4,5218,scored,perfect,-98111
22060351789,0,5219,scored,perfect,343334
22061343520,5,5220,scored,perfect,-497172
22062320245,14,5221,scored,perfect,374209
22065346279,10,5222,scored,perfect,-262138
22068871424,3,5223,scored,perfect,571936
22078348317,1,5224,scored,perfect,-359571
22084356971,11,5225,scored,perfect,-125990
22085355822,12,5226,scored,perfect,-166874
22086373702,2,5227,scored,perfect,26917
22086374344,15,5228,scored,perfect,-314581
22088357978,9,5229,scored,perfect,596774
22089356647,13,5230,scored,perfect,46497
22094355835,6,5231,scored,perfect,-208399
22098356685,8,5232,scored,perfect,65529
22098357563,7,5233,scored,perfect,-202525
22102355206,5,5234,scored,perfect,-144461
22103348305,14,5235,scored,perfect,287563
22110356504,10,5236,scored,perfect,135941
22119345963,4,5237,scored,perfect,45783
22119346833,1,5238,scored,perfect,-492169
22123347438,0,5239,scored,perfect,3953
22126398508,12,5240,scored,perfect,-426094
22128348125,3,5241,scored,perfect,301675
22128348846,2,5242,scored,perfect,-253855
22132355292,11,5243,scored,perfect,-113539
22136354086,9,5244,scored,perfect,-136880
22139347336,15,5245,scored,perfect,-542599
22140347764,13,5246,scored,perfect,-110400
22141344030,7,5247,scored,perfect,502172
22150347468,5,5248,scored,perfect,408129
22154348389,8,5249,scored,perfect,176117
22155348066,6,5250,scored,perfect,-335920
22160346939,10,5251,scored,perfect,-186739
22162346078,14,5252,scored,perfect,433893
22164349681,1,5253,scored,perfect,227736
22165344573,0,5254,scored,perfect,-267332
22166345975,4,5255,scored,perfect,-18750
22168348586,12,5256,scored,perfect,-379367
22175344847,11,5257,scored,perfect,275470
22176347140,2,5258,scored,perfect,197545
22190349217,7,5259,scored,perfect,-120010
22192347588,15,5260,scored,perfect,-125749
22195347204,8,5261,scored,perfect,-109978
22197348072,13,5262,scored,perfect,131751
22201354941,9,5263,scored,perfect,177477
22201355370,5,5264,scored,perfect,-375331
22205345020,3,5265,scored,perfect,18994
22206346829,10,5266,scored,perfect,-553638
22210354888,6,5267,scored,perfect,-252777
22212377975,4,5268,scored,perfect,-564070
22219347956,0,5269,scored,perfect,51914
22224346864,14,5270,scored,perfect,576152
22224347323,11,5271,scored,perfect,-375434
22225343711,2,5272,scored,perfect,64220
22225344132,12,5273,scored,perfect,-299885
22228344338,1,5274,scored,perfect,-581772
22230411819,7,5275,scored,perfect,-446139
22238352846,13,5276,scored,perfect,467763
22239361024,15,5277,scored,perfect,-87322
22241350280,8,5278,scored,perfect,-189392
22241351323,9,5279,scored,perfect,-353490
22245357385,5,5280,scored,perfect,499968
22249355842,3,5281,scored,perfect,570385
22250350748,10,5282,scored,perfect,-190853
22252350254,6,5283,scored,perfect,-329571
22258350745,4,5284,scored,perfect,330436
22262350795,0,5285,scored,perfect,334603
22264350971,14,5286,scored,perfect,296950
22265356358,11,5287,scored,perfect,-275305
22269355896,2,5288,scored,perfect,608188
22276350876,12,5289,scored,perfect,48335
22278350140,7,5290,scored,perfect,31518
22280350749,13,5291,scored,perfect,21611
22283355972,1,5292,scored,perfect,152894
22291354914,8,5293,scored,perfect,173658
22295355363,3,5294,scored,perfect,-115182
22296350504,9,5295,scored,perfect,334342
22297355670,5,5296,scored,perfect,296718
22297357743,6,5297,scored,perfect,-454530
22300349312,15,5298,scored,perfect,291966
22304350792,10,5299,scored,perfect,-292407
22305355759,4,5300,scored,perfect,490877
22305356434,14,5301,scored,perfect,-202315
22306351232,0,5302,scored,perfect,235938
22308350708,11,5303,scored,perfect,555282
22313350846,2,5304,scored,perfect,99439
22316356213,12,5305,scored,perfect,-199316
22320356420,7,5306,scored,perfect,162345
22321350305,13,5307,scored,perfect,62963
22324356170,1,5308,scored,perfect,459732
22334356329,8,5309,scored,perfect,-586600
22335354249,3,5310,scored,perfect,-290159
22336357665,9,5311,scored,perfect,117227
22337355525,5,5312,scored,perfect,-221207
22338350998,6,5313,scored,perfect,114942
22345355887,4,5314,scored,perfect,162638
22345356978,10,5315,scored,perfect,73207
22345357512,15,5316,scored,perfect,-550403
22349352736,0,5318,scored,perfect,170386
22349353349,14,5317,scored,perfect,186288
22349353720,11,5319,scored,perfect,-111367
22355357025,2,5320,scored,perfect,333341
22360351779,12,5321,scored,perfect,133119
22367356473,13,5322,scored,perfect,282163
22367357409,7,5323,scored,perfect,-537294
22370350733,1,5324,scored,perfect,-105575
22375344147,8,5325,scored,perfect,127367
22380356399,5,5326,scored,perfect,-201749
22381351850,3,5327,scored,perfect,-312461
22381353155,6,5328,scored,perfect,-412290
22389349855,4,5329,scored,perfect,424548
22394349302,14,5330,scored,perfect,-243531
22395348687,9,5331,scored,perfect,312825
22396345879,2,5332,scored,perfect,302311
22398345627,0,5333,scored,perfect,-265294
22399350425,15,5334,scored,perfect,-246350
22400346484,12,5335,scored,perfect,107625
22400347120,10,5336,scored,perfect,-391173
22401348656,11,5337,scored,perfect,253124
22409347315,13,5338,scored,perfect,3213
22410352540,7,5339,scored,perfect,238864
22411345872,1,5340,scored,perfect,-455363
22419345547,8,5341,scored,perfect,393967
22426349284,3,5343,scored,perfect,138823
22426350534,6,5342,scored,perfect,260565
22427345714,5,5344,scored,perfect,190448
22437348743,2,5345,scored,perfect,-124429
22441345088,12,5346,scored,perfect,-70851
22441345740,11,5347,scored,perfect,-241953
22442348185,4,5348,scored,perfect,-84224
22446348113,10,5349,scored,perfect,-208129
22452345344,13,5350,scored,perfect,-221731
22453349190,7,5351,scored,perfect,302861
22454346386,0,5353,scored,perfect,115396
22454347176,15,5352,scored,perfect,373677
22454347630,1,5354,scored,perfect,-57572
22457347847,9,5355,scored,perfect,120015
22458344989,14,5356,scored,perfect,6799
22461347608,8,5357,scored,perfect,351139
22469345475,5,5358,scored,perfect,-107432
22470347359,3,5359,scored,perfect,-404051
22473346034,6,5360,scored,perfect,-352984
22485350824,12,5361,scored,perfect,-307027
22486344976,2,5362,scored,perfect,-397483
22488345360,4,5363,scored,perfect,432650
22488345799,11,5364,scored,perfect,149896
22490416524,10,5365,scored,perfect,-589620
22495348553,0,5366,scored,perfect,296511
22501348362,1,5367,scored,perfect,-177262
22509348361,7,5368,scored,perfect,293235
22514346238,3,5369,scored,perfect,21444
22517348302,15,5370,scored,perfect,-110558
22518345141,8,5371,scored,perfect,-199944
22523345421,13,5372,scored,perfect,-2788
22526348568,5,5373,scored,perfect,347008
22526349089,6,5374,scored,perfect,-320157
22529345554,2,5375,scored,perfect,316129
22537345609,0,5376,scored,perfect,-194551
22540348845,11,5377,scored,perfect,315190
22542348260,1,5378,scored,perfect,232824
22543347936,9,5379,scored,perfect,156193
22544348029,4,5381,scored,perfect,-469518
22544348539,14,5380,scored,perfect,-160504
22545347103,10,5382,scored,perfect,-128411
22545347527,12,5383,scored,perfect,-274816
22550343724,7,5384,scored,perfect,-351435
22556345718,3,5385,scored,perfect,-257265
22557347502,15,5386,scored,perfect,-260492
22562345146,8,5387,scored,perfect,-34730
22565348283,13,5388,scored,perfect,-20321
22567347846,5,5389,scored,perfect,-428639
22570344934,6,5390,scored,perfect,-609586
22575344698,2,5391,scored,perfect,-472577
22580350063,0,5392,scored,perfect,171289
22581344489,11,5393,scored,perfect,-497813
22583345119,9,5394,scored,perfect,-336539
22585346541,14,5395,scored,perfect,-217865
22589348333,1,5396,scored,perfect,-61577
22589348834,4,5397,scored,perfect,-132849
22590345270,10,5398,scored,perfect,93527
22591347993,12,5399,scored,perfect,243492
22601347805,7,5400,scored,perfect,-230753
22602345681,15,5401,scored,perfect,-269810
22604345308,3,5402,scored,perfect,-31794
22610487419,8,5403,scored,perfect,-291448
22617347324,6,5404,scored,perfect,-389710
22619348749,5,5405,scored,perfect,-311197
22620348408,0,5406,scored,perfect,24106
22621469923,13,5407,scored,perfect,-626041
22623348533,2,5408,scored,perfect,362138
22624460785,9,5409,scored,perfect,-113664
22624461185,11,5410,scored,perfect,-367343
22627347997,14,5411,scored,perfect,-370184
22631348727,12,5412,scored,perfect,-241345
22633349397,1,5413,scored,perfect,120805
22634348746,4,5415,scored,perfect,-89286
22634349144,10,5414,scored,perfect,52523
22641348254,7,5416,scored,perfect,-409253
22653347707,3,5417,scored,perfect,-449471
22654350012,15,5418,scored,perfect,-259921
22655347503,8,5419,scored,perfect,349108
22660486859,0,5421,scored,perfect,-469006
22660487207,5,5420,scored,perfect,-459256
22662349144,6,5422,scored,perfect,249804
22662349613,13,5423,scored,perfect,-261361
22664347023,2,5424,scored,perfect,175353
22664347429,9,5425,scored,perfect,-405585
22667344300,11,5426,scored,perfect,-459136
22669345109,14,5427,scored,perfect,156667
22672349734,12,5428,scored,perfect,-315003
22678348700,4,5429,scored,perfect,-115020
22686347429,7,5431,scored,perfect,-118665
22686347845,10,5430,scored,perfect,123918
22686348194,1,5432,scored,perfect,-359688
22696348590,3,5433,scored,perfect,221836
22697345894,15,5434,scored,perfect,-381472
22698349515,8,5435,scored,perfect,-158199
22701349100,5,5436,scored,perfect,218574
22703345542,0,5437,scored,perfect,39498
22703345980,6,5438,scored,perfect,-240994
22707462054,2,5439,scored,perfect,-647436
22711348177,11,5440,scored,perfect,-379030
22712347864,9,5441,scored,perfect,-554456
22716348244,13,5442,scored,perfect,530480
22718353220,12,5443,scored,perfect,102360
22719350560,4,5444,scored,perfect,-423630
22721347955,14,5445,scored,perfect,59321
22742349010,3,5446,scored,perfect,-325346
22746347611,5,5447,scored,perfect,-175160
22749345067,6,5448,scored,perfect,179026
22754348841,11,5449,scored,perfect,117548
22756349981,10,5450,scored,perfect,147541
22756350336,8,5451,scored,perfect,62643
22760351906,9,5452,scored,perfect,126935
22763345273,1,5453,scored,perfect,-369290
22763345696,12,5454,scored,perfect,-373563
22766347944,15,5455,scored,perfect,141087
22770349479,13,5456,scored,perfect,433564
22774347585,7,5457,scored,perfect,-326229
22778347575,0,5458,scored,perfect,-256765
22779344959,4,5459,scored,perfect,355589
22781345762,14,5460,scored,perfect,208538
22784348913,3,5461,scored,perfect,351502
22787346988,2,5462,scored,perfect,56315
22788347842,5,5463,scored,perfect,54496
22795347961,11,5464,scored,perfect,-378047
22802347558,8,5465,scored,perfect,-69275
22802348136,6,5466,scored,perfect,-203597
22808345457,12,5467,scored,perfect,146547
22812346513,10,5468,scored,perfect,47028
22812346893,9,5469,scored,perfect,-482905
22814345744,7,5470,scored,perfect,-484554
22816345979,1,5471,scored,perfect,-31755
22819345334,0,5472,scored,perfect,-242694
22821436048,14,5473,scored,perfect,-562369
22825348570,13,5475,scored,perfect,-11230
22825349081,15,5474,scored,perfect,63779
22828347637,2,5476,scored,perfect,-341873
22835487661,4,5477,scored,perfect,383467
22835488121,11,5478,scored,perfect,-620696
22836349319,5,5479,scored,perfect,-463405
22839349189,3,5480,scored,perfect,523839
22845348233,6,5481,scored,perfect,-438609
22847350938,8,5482,scored,perfect,-466709
22849346132,12,5483,scored,perfect,665886
22854348216,10,5484,scored,perfect,29037
22856348579,9,5485,scored,perfect,390713
22857344982,1,5486,scored,perfect,131960
22862348618,0,5487,scored,perfect,135968
22862349263,14,5488,scored,perfect,-326548
22863345141,7,5489,scored,perfect,316802
22869345601,2,5490,scored,perfect,338417
22870347695,13,5491,scored,perfect,-503988
22875344893,15,5492,scored,perfect,-95197
22880346865,11,5493,scored,perfect,298908
22884348080,4,5494,scored,perfect,205587
22884348547,3,5496,scored,perfect,-143875
22884348998,5,5495,scored,perfect,-30607
22886349532,6,5497,scored,perfect,390493
22888348268,8,5498,scored,perfect,-397393
22889345130,12,5499,scored,perfect,-435824
22895346003,10,5500,scored,perfect,130267
22900347827,1,5501,scored,perfect,495846
22901344786,9,5502,scored,perfect,372160
22905346120,7,5503,scored,perfect,-486855
22910347000,2,5504,scored,perfect,-269556
22912344757,13,5505,scored,perfect,378196
22914344839,0,5506,scored,perfect,-242259
22919347177,15,5507,scored,perfect,461975
22920345430,14,5508,scored,perfect,438960
22922346623,11,5509,scored,perfect,-41435
22935350433,3,5510,scored,perfect,209633
22936347880,4,5511,scored,perfect,558043
22937348740,12,5512,scored,perfect,-208780
22939345436,10,5513,scored,perfect,-192729
22941345704,5,5514,scored,perfect,253166
22956346155,7,5515,scored,perfect,186062
22959345394,2,5516,scored,perfect,136142
22963345080,6,5517,scored,perfect,-306550
22965344719,9,5518,scored,perfect,320839
22968349330,11,5519,scored,perfect,-297288
22970347637,0,5520,scored,perfect,-532083
22970348079,15,5521,scored,perfect,-545308
22971345024,13,5522,scored,perfect,-241345
22974347971,1,5523,scored,perfect,-172834
22974348408,8,5524,scored,perfect,-235944
22976348500,4,5525,scored,perfect,-149715
22983345444,14,5526,scored,perfect,-476476
22986348686,3,5527,scored,perfect,-496975
22991347795,5,5528,scored,perfect,612180
22994346247,10,5529,scored,perfect,473291
22996347809,12,5530,scored,perfect,330668
22997346862,7,5531,scored,perfect,-268157
23002348047,2,5532,scored,perfect,435120
23005346038,9,5533,scored,perfect,-482262
23008347917,6,5534,scored,perfect,-72946
23009344995,11,5535,scored,perfect,-244562
23012349104,15,5536,scored,perfect,411578
23012349514,0,5537,scored,perfect,-562808
23016347986,1,5538,scored,perfect,233711
23017345009,4,5539,scored,perfect,-505349
23021345957,8,5540,scored,perfect,219590
23023345897,13,5541,scored,perfect,408978
23030349160,14,5542,scored,perfect,-44176
23030354635,3,5543,scored,perfect,-187432
23033345230,5,5544,scored,perfect,319084
23047352091,12,5545,scored,perfect,322680
23049347892,7,5546,scored,perfect,193519
23050345135,6,5547,scored,perfect,-175232
23054344110,9,5548,scored,perfect,393436
23054344549,0,5549,scored,perfect,-162479
23059348157,4,5550,scored,perfect,-120967
23060347081,1,5551,scored,perfect,485197
23061348431,2,5552,scored,perfect,493525
23064347956,10,5553,scored,perfect,-548808
23065345644,13,5554,scored,perfect,117595
23066347889,8,5555,scored,perfect,586036
23072349028,15,5556,scored,perfect,316731
23072349586,11,5557,scored,perfect,-21147
23075347143,14,5558,scored,perfect,419841
23079344991,3,5559,scored,perfect,22983
23088348288,12,5560,scored,perfect,-118653
23095345130,6,5561,scored,perfect,-198612
23100348421,4,5562,scored,perfect,-143131
23102349858,1,5563,scored,perfect,615037
23102350529,2,5564,scored,perfect,479927
23107347966,10,5565,scored,perfect,322774
23107348480,9,5566,scored,perfect,-229656
23108344965,0,5567,scored,perfect,320971
23110347352,8,5568,scored,perfect,274194
23110347811,5,5569,scored,perfect,-364648
23114347507,11,5570,scored,perfect,-361246
23117344515,13,5571,scored,perfect,-476113
23120349018,15,5572,scored,perfect,278565
23120349547,14,5573,scored,perfect,-180667
23123345893,7,5574,scored,perfect,262917
23123346386,3,5575,scored,perfect,-50912
23129348849,12,5576,scored,perfect,285326
23139349176,6,5577,scored,perfect,-219215
23142344578,1,5578,scored,perfect,-548328
23144344957,2,5579,scored,perfect,148063
23148365667,4,5580,scored,perfect,-447766
23153348455,9,5581,scored,perfect,291554
23153349039,8,5582,scored,perfect,-20511
23154348016,5,5583,scored,perfect,155941
23160487405,0,5584,scored,perfect,-632194
23162348098,15,5585,scored,perfect,-49029
23164348578,13,5586,scored,perfect,63751
23166348083,14,5587,scored,perfect,189320
23168441864,10,5588,scored,perfect,-393037
23169348274,7,5589,scored,perfect,-397019
23176348526,11,5590,scored,perfect,-299194
23178348200,12,5591,scored,perfect,29869
23183348523,1,5592,scored,perfect,-472800
23188348438,2,5594,scored,perfect,405333
23188348915,3,5593,scored,perfect,497174
23191348943,6,5595,scored,perfect,-247253
23194348633,9,5596,scored,perfect,-138540
23194349166,5,5597,scored,perfect,-357457
23198347257,4,5598,scored,perfect,-297661
23199345065,8,5599,scored,perfect,311339
23201397328,0,5600,scored,perfect,-492986
23203347905,15,5601,scored,perfect,-337984
23204348055,13,5602,scored,perfect,-153388
23207348281,14,5603,scored,perfect,-135992
23209348336,10,5604,scored,perfect,-250196
23211348900,7,5605,scored,perfect,-120687
23218408442,12,5606,scored,perfect,-371447
23219350118,11,5607,scored,perfect,235639
23228349750,2,5608,scored,perfect,-43593
23233348035,6,5609,scored,perfect,-383710
23239348209,4,5610,scored,perfect,420419
23244345157,15,5611,scored,perfect,-272652
23245348476,0,5612,scored,perfect,336172
23250344561,8,5613,scored,perfect,-288423
23260350443,12,5614,scored,perfect,-242086
23261345860,14,5615,scored,perfect,145782
23263349857,1,5616,scored,perfect,-374978
23266345099,3,5617,scored,perfect,-167174
23268345578,11,5618,scored,perfect,60869
23272347052,7,5620,scored,perfect,43800
23272347443,13,5619,scored,perfect,129175
23278347810,2,5621,scored,perfect,-146723
23281346596,6,5622,scored,perfect,422315
23285346588,10,5623,scored,perfect,-197475
23290345244,4,5624,scored,perfect,-177179
23294345413,15,5625,scored,perfect,-320147
23294345833,0,5626,scored,perfect,-451559
23294346156,5,5627,scored,perfect,-482756
23295354411,8,5628,scored,perfect,-183903
23295354889,9,5629,scored,perfect,-255687
23308345327,12,5630,scored,perfect,144879
23311348259,3,5631,scored,perfect,-293070
23314345362,11,5632,scored,perfect,352508
23315347797,1,5633,scored,perfect,289663
23317347678,13,5634,scored,perfect,75609
23318345781,7,5635,scored,perfect,-104459
23319349103,2,5636,scored,perfect,365085
23319349653,14,5637,scored,perfect,177252
23321350654,6,5638,scored,perfect,3121
23327349923,10,5639,scored,perfect,-88841
23332348416,4,5640,scored,perfect,-78867
23334359967,15,5641,scored,perfect,-342772
23341345624,5,5642,scored,perfect,-158371
23342347879,9,5643,scored,perfect,-294352
23349348169,0,5644,scored,perfect,201926
23351397357,12,5645,scored,perfect,-43478
23351397753,8,5646,scored,perfect,-293404
23355349658,11,5647,scored,perfect,-346032
23358349211,3,5648,scored,perfect,36357
23370345119,6,5649,scored,perfect,-12211
23376397023,7,5650,scored,perfect,-514164
23379345374,14,5651,scored,perfect,-310176
23381347883,5,5652,scored,perfect,-421381
23384344974,2,5653,scored,perfect,-311572
23385351778,15,5654,scored,perfect,14265
23387348202,1,5655,scored,perfect,167892
23388346119,10,5656,scored,perfect,-60127
23389350803,13,5657,scored,perfect,523619
23389351486,4,5658,scored,perfect,-42731
23391350428,9,5659,scored,perfect,608859
23392345119,0,5660,scored,perfect,239807
23396345190,8,5661,scored,perfect,327238
23397356094,11,5662,scored,perfect,-388564
23399350520,3,5663,scored,perfect,-86188
23400345059,12,5664,scored,perfect,320933
23412348059,6,5665,scored,perfect,-45870
23420345097,7,5666,scored,perfect,-424008
23421348403,14,5667,scored,perfect,-396624
23424349443,5,5668,scored,perfect,-81084
23427346184,1,5670,scored,perfect,-76325
23427346796,2,5669,scored,perfect,-52946
23428350371,15,5671,scored,perfect,-24031
23432350336,0,5672,scored,perfect,226230
23433344174,10,5673,scored,perfect,-168910
23435347940,9,5674,scored,perfect,532110
23438344211,4,5675,scored,perfect,70577
23439348201,8,5676,scored,perfect,-361797
23442344022,13,5677,scored,perfect,227377
23442344515,3,5678,scored,perfect,-258037
23443443228,12,5679,scored,perfect,-372808
23448347681,11,5680,scored,perfect,319111
23458344144,6,5681,scored,perfect,106908
23461349450,7,5682,scored,perfect,-286383
23462345823,14,5683,scored,perfect,-87257
23468347842,2,5684,scored,perfect,-224616
23469350578,15,5685,scored,perfect,-311617
23474345377,5,5686,scored,perfect,-118376
23476346642,1,5687,scored,perfect,-243589
23480346196,10,5688,scored,perfect,219241
23481349611,0,5689,scored,perfect,20599
23482346885,9,5690,scored,perfect,332342
23484344006,12,5691,scored,perfect,341441
23485350601,13,5692,scored,perfect,233386
23485351026,4,5693,scored,perfect,-155807
23488345924,3,5694,scored,perfect,507841
23488346465,8,5695,scored,perfect,484606
23489351931,11,5696,scored,perfect,234192
23499347621,6,5697,scored,perfect,544261
23502350555,7,5698,scored,perfect,-286778
23503349241,14,5699,scored,perfect,466150
23520345394,10,5700,scored,perfect,57396
23521347630,2,5701,scored,perfect,-371263
23523346140,9,5702,scored,perfect,126875
23524349347,1,5704,scored,perfect,-420660
23524349822,5,5703,scored,perfect,-293605
23525345833,13,5705,scored,perfect,-214457
23526350154,4,5706,scored,perfect,-168061
23527346072,12,5707,scored,perfect,200106
23527346498,0,5708,scored,perfect,-239034
23527346845,15,5709,scored,perfect,-353808
23528348412,3,5710,scored,perfect,-138268
23528348813,8,5711,scored,perfect,-593962
23530346580,11,5712,scored,perfect,-401658
23541344420,6,5713,scored,perfect,-53018
23542347115,7,5714,scored,perfect,-311688
23547347850,14,5715,scored,perfect,-29859
23563344373,9,5716,scored,perfect,-280278
23575343925,1,5717,scored,perfect,-281232
23578348081,10,5718,scored,perfect,-143709
23578349058,0,5719,scored,perfect,-472902
23581347101,13,5720,scored,perfect,329206
23582349104,12,5721,scored,perfect,20560
23582349696,15,5722,scored,perfect,-363038
23586346908,3,5723,scored,perfect,-163216
23597346791,4,5724,scored,perfect,160245
23601399487,8,5725,scored,perfect,-501778
23604355069,2,5726,scored,perfect,294609
23610349390,5,5727,scored,perfect,597234
23610351093,14,5728,scored,perfect,-261070
23613346704,11,5729,scored,perfect,477067
23618346263,1,5730,scored,perfect,197338
23621343822,10,5731,scored,perfect,-215102
23622349368,6,5732,scored,perfect,127008
23625348625,12,5733,scored,perfect,-130016
23629427609,9,5734,scored,perfect,-357393
23630347402,3,5735,scored,perfect,-332722
23630347768,15,5736,scored,perfect,-420495
23632456935,7,5737,scored,perfect,-359569
23634350868,13,5738,scored,perfect,365080
23634351455,0,5739,scored,perfect,-283073
23640351464,4,5740,scored,perfect,348755
23649348965,2,5741,scored,perfect,25298
23661347982,14,5742,scored,perfect,-172336
23672347755,10,5743,scored,perfect,528876
23673351229,9,5745,scored,perfect,178476
23673351743,11,5744,scored,perfect,271424
23685348383,13,5746,scored,perfect,231618
23687347170,1,5747,scored,perfect,190758
23688345167,6,5748,scored,perfect,-247725
23688345547,12,5749,scored,perfect,-429230
23693446100,15,5750,scored,perfect,-41049
23693446688,3,5751,scored,perfect,-427080
23697353869,5,5752,scored,perfect,94392
23697355445,8,5753,scored,perfect,-81960
23698351419,4,5754,scored,perfect,-278828
23702349855,7,5755,scored,perfect,104604
23705348505,14,5756,scored,perfect,400732
23706347327,0,5757,scored,perfect,-106493
23706347840,2,5758,scored,perfect,-272103
23712347241,10,5759,scored,perfect,-12152
23714348290,9,5760,scored,perfect,-99460
23716347230,11,5761,scored,perfect,-290883
23726398798,13,5762,scored,perfect,-449541
23731345190,1,5763,scored,perfect,231944
23757348103,2,5764,scored,perfect,302792
23765345306,5,5765,scored,perfect,1808
23774347818,15,5766,scored,perfect,226039
23775344596,10,5767,scored,perfect,-243172
23778347189,0,5768,scored,perfect,-319053
23779343992,12,5769,scored,perfect,329434
23780347007,3,5770,scored,perfect,-38939
23781344858,14,5771,scored,perfect,-398272
23785348895,7,5772,scored,perfect,-277512
23787349697,1,5773,scored,perfect,445719
23789344509,6,5774,scored,perfect,-358674
23792346439,8,5775,scored,perfect,-578783
23795346031,11,5776,scored,perfect,-267566
23798365896,13,5777,scored,perfect,-291406
23800347377,4,5778,scored,perfect,8254
23801347935,9,5779,scored,perfect,377765
23803347791,2,5780,scored,perfect,-186996
23813350538,5,5781,scored,perfect,-393331
23816343942,10,5783,scored,perfect,-11065
23816344317,15,5782,scored,perfect,166090
23818443063,0,5784,scored,perfect,-555153
23819347910,12,5785,scored,perfect,-484706
23826348133,14,5786,scored,perfect,75618
23832348392,7,5787,scored,perfect,91096
23835349727,1,5788,scored,perfect,430782
23842346818,11,5789,scored,perfect,472763
23843349917,2,5790,scored,perfect,-232598
23850347283,6,5791,scored,perfect,-477242
23860490549,3,5792,scored,perfect,-513475
23864347990,15,5793,scored,perfect,54077
23866346909,10,5794,scored,perfect,400168
23869349960,4,5795,scored,perfect,49678
23871347521,8,5796,scored,perfect,245670
23871347930,13,5797,scored,perfect,-113672
23876348298,12,5798,scored,perfect,76918
23879347758,7,5799,scored,perfect,12412
23879348184,1,5800,scored,perfect,-310385
23881349424,0,5801,scored,perfect,304413
23883346968,11,5802,scored,perfect,-461167
23885351864,9,5803,scored,perfect,-214258
23894348906,6,5804,scored,perfect,367664
23896476030,5,5805,scored,perfect,-356967
23897351227,14,5806,scored,perfect,-337103
23898347065,2,5807,scored,perfect,453565
23904348045,15,5808,scored,perfect,-333951
23905346341,3,5809,scored,perfect,589208
23914348332,8,5810,scored,perfect,141895
23914348876,13,5811,scored,perfect,-376588
23915344777,4,5812,scored,perfect,379584
23917343386,12,5813,scored,perfect,328819
23918349242,10,5814,scored,perfect,331238
23921345028,0,5815,scored,perfect,-320598
23924348241,7,5816,scored,perfect,240810
23925343609,1,5817,scored,perfect,378895
23927344875,11,5818,scored,perfect,645129
23928347635,9,5819,scored,perfect,-216945
23936351627,6,5820,scored,perfect,-5829
23937346702,5,5821,scored,perfect,-341605
23941345051,14,5822,scored,perfect,161122
23941345585,2,5823,scored,perfect,-435491
23951398724,3,5824,scored,perfect,-550933
23952348224,15,5825,scored,perfect,-245505
23955347710,13,5826,scored,perfect,-372104
23957457687,12,5827,scored,perfect,-517964
23966348324,1,5828,scored,perfect,-65039
23968444054,0,5829,scored,perfect,-503496
23974349561,9,5830,scored,perfect,657546
23978347882,6,5831,scored,perfect,491687
23987347161,2,5832,scored,perfect,-197113
23996348281,15,5833,scored,perfect,-194069
23999348711,14,5834,scored,perfect,356326
24002345931,3,5835,scored,perfect,53098
24004426923,13,5836,scored,perfect,3897
24004427401,5,5837,scored,perfect,-326902
24005347328,7,5838,scored,perfect,147067
24005347680,8,5839,scored,perfect,143847
24013346901,11,5840,scored,perfect,220931
24013347367,12,5841,scored,perfect,177851
24015348083,9,5842,scored,perfect,-165103
24016346853,0,5843,scored,perfect,509484
24017346065,1,5844,scored,perfect,-312504
24020348330,10,5845,scored,perfect,88826
24021346905,6,5846,scored,perfect,-397768
24027348598,4,5847,scored,perfect,547088
24034344761,2,5848,scored,perfect,155999
24037348417,15,5849,scored,perfect,-300462
24042343543,14,5850,scored,perfect,-343387
24045347274,5,5851,scored,perfect,-314401
24047352497,7,5852,scored,perfect,-226710
24048367488,13,5853,scored,perfect,-283346
24049346790,3,5854,scored,perfect,-143537
24051348129,8,5855,scored,perfect,331960
24054347548,11,5856,scored,perfect,-279343
24060347127,10,5857,scored,perfect,11233
24060347498,1,5858,scored,perfect,-293211
24070346816,4,5859,scored,perfect,331504
24072349432,6,5860,scored,perfect,-325320
24076345062,2,5861,scored,perfect,52577
24076345525,12,5862,scored,perfect,-80056
24081345690,9,5863,scored,perfect,265386
24090347803,13,5864,scored,perfect,357011
24090348266,14,5865,scored,perfect,-360409
24092345624,5,5866,scored,perfect,288500
24094345280,3,5867,scored,perfect,5067
24096477160,11,5868,scored,perfect,-430077
24100347432,1,5869,scored,perfect,-350490
24108344206,15,5870,scored,perfect,1834
24110348188,0,5871,scored,perfect,-111557
24111348374,8,5872,scored,perfect,-73285
24113344162,10,5873,scored,perfect,472466
24120348381,7,5874,scored,perfect,155608
24123347679,9,5875,scored,perfect,134925
24126344880,4,5876,scored,perfect,280914
24129347708,2,5877,scored,perfect,-82814
24129348193,12,5878,scored,perfect,-279048
24134365191,13,5879,scored,perfect,-415121
24136351711,6,5880,scored,perfect,235954
24137348134,5,5881,scored,perfect,-198219
24140349404,11,5882,scored,perfect,419450
24140349894,3,5883,scored,perfect,326506
24142343713,14,5884,scored,perfect,-467908
24147354990,1,5885,scored,perfect,32252
24150344103,15,5886,scored,perfect,477564
24152347018,8,5887,scored,perfect,6035
24154344980,10,5888,scored,perfect,65932
24162347018,0,5889,scored,perfect,111193
24162347608,7,5890,scored,perfect,-42105
24164345977,9,5891,scored,perfect,-535944
24169350979,4,5892,scored,perfect,247534
24171479385,2,5893,scored,perfect,-456343
24172347517,12,5894,scored,perfect,-72862
24175343951,13,5895,scored,perfect,-514200
24177348555,6,5896,scored,perfect,490479
24179344529,5,5897,scored,perfect,143823
24181345519,11,5898,scored,perfect,-607542
24187344092,14,5899,scored,perfect,95534
24188346165,3,5900,scored,perfect,54674
24190350814,15,5901,scored,perfect,-112576
24193448883,8,5902,scored,perfect,-466342
24195347826,1,5903,scored,perfect,162581
24198347193,10,5904,scored,perfect,34645
24202349752,7,5905,scored,perfect,-167648
24209350305,0,5906,scored,perfect,-262255
24210490743,4,5907,scored,perfect,-470064
24217347286,9,5908,scored,perfect,510957
24219351818,5,5909,scored,perfect,-363285
24224349827,12,5910,scored,perfect,296999
24225346442,2,5911,scored,perfect,-384864
24228345549,3,5912,scored,perfect,-368272
24231347850,13,5913,scored,perfect,389569
24236354245,8,5914,scored,perfect,-353264
24246479722,6,5915,scored,perfect,-605251
24248351978,14,5916,scored,perfect,-154260
24255492677,4,5917,scored,perfect,256484
24255493453,7,5918,scored,perfect,-365267
24256348258,10,5919,scored,perfect,-346958
24262348166,9,5920,scored,perfect,268904
24269350584,3,5921,scored,perfect,-174078
24271348079,11,5922,scored,perfect,327779
24275348276,12,5923,scored,perfect,-521399
24277349323,13,5924,scored,perfect,-319107
24278349213,2,5925,scored,perfect,-46580
24281350475,0,5926,scored,perfect,-67583
24281350994,1,5927,scored,perfect,-406305
24283347294,5,5928,scored,perfect,-499788
24285492518,8,5929,scored,perfect,-449563
24288347708,15,5930,scored,perfect,-168603
24290350805,6,5931,scored,perfect,-242830
24293351307,14,5932,scored,perfect,326410
24303345179,10,5933,scored,perfect,-417257
24307463441,9,5934,scored,perfect,-591428
24309349203,4,5936,scored,perfect,202449
24309349681,7,5935,scored,perfect,340875
24312347483,3,5937,scored,perfect,39754
24312347972,11,5938,scored,perfect,-188772
24317347062,13,5939,scored,perfect,-596898
24322353269,1,5940,scored,perfect,-395219
24325346897,0,5942,scored,perfect,-185519
24325347370,12,5941,scored,perfect,16880
24325347718,5,5943,scored,perfect,-498482
24327351529,2,5944,scored,perfect,398597
24331345769,6,5945,scored,perfect,-161198
24332460469,8,5946,scored,perfect,-417638
24333344349,14,5947,scored,perfect,227343
24333344745,15,5948,scored,perfect,-423155
24344348358,10,5949,scored,perfect,-344594
24350344007,9,5950,scored,perfect,116429
24352347327,4,5951,scored,perfect,648401
24356347498,3,5952,scored,perfect,422012
24363346049,13,5953,scored,perfect,-342027
24364349839,11,5954,scored,perfect,355006
24364350369,7,5955,scored,perfect,-496757
24366346372,5,5956,scored,perfect,323575
24368353816,2,5957,scored,perfect,-238338
24371351588,1,5958,scored,perfect,216960
24375345038,0,5959,scored,perfect,-213588
24379347092,14,5960,scored,perfect,155772
24380345084,12,5961,scored,perfect,-232967
24381350931,8,5962,scored,perfect,370509
24381351550,6,5963,scored,perfect,64203
24387344648,15,5964,scored,perfect,417922
24390350939,9,5965,scored,perfect,-77381
24392348152,10,5966,scored,perfect,303923
24392348708,4,5967,scored,perfect,69272
24396348091,3,5968,scored,perfect,259138
24410349030,13,5969,scored,perfect,22194
24415351154,11,5970,scored,perfect,405979
24419354380,2,5971,scored,perfect,-115267
24422347345,12,5972,scored,perfect,480091
24425345065,5,5973,scored,perfect,-206793
24427347432,0,5974,scored,perfect,-301000
24434344117,6,5976,scored,perfect,105595
24434344782,15,5975,scored,perfect,361495
24435351241,8,5977,scored,perfect,-384364
24439350593,3,5978,scored,perfect,-12380
24439351062,14,5979,scored,perfect,-101450
24441347457,1,5980,scored,perfect,67336
24443347581,10,5981,scored,perfect,45191
24447347420,9,5982,scored,perfect,119448
24448351143,7,5983,scored,perfect,-178985
24450345010,4,5984,scored,perfect,473316
24453350330,13,5985,scored,perfect,-314065
24458344986,11,5986,scored,perfect,522856
24464350925,2,5987,scored,perfect,-29625
24467345273,5,5988,scored,perfect,170761
24468350556,12,5989,scored,perfect,-30870
24475343954,0,5990,scored,perfect,404253
24475344523,15,5991,scored,perfect,216715
24476349656,6,5992,scored,perfect,-239443
24476350153,8,5993,scored,perfect,-276192
24481350133,3,5994,scored,perfect,153017
24481350920,14,5995,scored,perfect,96785
24483350795,10,5996,scored,perfect,-152255
24485350533,1,5997,scored,perfect,668129
24496347283,7,5998,scored,perfect,-54896
24497348463,4,5999,scored,perfect,32637
24499350137,13,6000,scored,perfect,-313860
24501398958,11,6001,scored,perfect,-573404
24510347757,9,6002,scored,perfect,-304232
24517348259,0,6004,scored,perfect,19076
24517348826,2,6003,scored,perfect,96431
24518348238,15,6005,scored,perfect,262989
24524350875,8,6006,scored,perfect,370697
24524351441,3,6007,scored,perfect,-200297
24525345113,14,6008,scored,perfect,212293
24525345596,10,6009,scored,perfect,-332587
24526351584,1,6010,scored,perfect,210873
24528350760,5,6011,scored,perfect,-373107
24530347240,6,6012,scored,perfect,-452472
24531346839,12,6013,scored,perfect,-128338
24537344851,7,6014,scored,perfect,52143
24541344988,13,6015,scored,perfect,269631
24542347324,4,6016,scored,perfect,92105
24543346690,11,6017,scored,perfect,-226475
24553350934,9,6018,scored,perfect,395707
24559344214,0,6019,scored,perfect,308413
24561344131,15,6020,scored,perfect,-242021
24567344011,1,6021,scored,perfect,112470
24571344969,6,6022,scored,perfect,256638
24571345397,2,6023,scored,perfect,-352860
24575344280,12,6024,scored,perfect,-111349
24578351667,7,6025,scored,perfect,217953
24581350921,8,6026,scored,perfect,455371
24581351572,3,6027,scored,perfect,32831
24582347348,13,6028,scored,perfect,28179
24587382326,14,6029,scored,perfect,-574732
24589348739,4,6030,scored,perfect,-338535
24591347294,11,6031,scored,perfect,-174702
24592347035,10,6032,scored,perfect,-84920
24599347009,9,6033,scored,perfect,629119
24599347471,0,6034,scored,perfect,198540
24600351797,5,6035,scored,perfect,234126
24602350189,15,6036,scored,perfect,124323
24607351247,1,6037,scored,perfect,32802
24620347636,12,6038,scored,perfect,306955
24621344640,2,6039,scored,perfect,83920
24628347016,3,6040,scored,perfect,-549410
24631344312,4,6042,scored,perfect,-167194
24631344779,13,6041,scored,perfect,93399
24631345151,11,6043,scored,perfect,-409215
24635490388,14,6044,scored,perfect,-468936
24636346614,6,6045,scored,perfect,-497680
24643350285,10,6046,scored,perfect,-9439
24653346326,1,6047,scored,perfect,-110118
24654429564,0,6048,scored,perfect,346382
24654430041,5,6049,scored,perfect,-300641
24655347498,8,6050,scored,perfect,-41321
24655347838,15,6051,scored,perfect,-421309
24662346698,7,6052,scored,perfect,18196
24663346868,12,6053,scored,perfect,-430464
24664346492,2,6054,scored,perfect,-497348
24666346649,9,6055,scored,perfect,-66952
24671475979,3,6056,scored,perfect,176596
24671476587,11,6057,scored,perfect,-345635
24672348812,13,6058,scored,perfect,14354
24672350760,4,6059,scored,perfect,-379827
24676473382,14,6060,scored,perfect,-582035
24679346870,6,6061,scored,perfect,-224338
24684347265,10,6062,scored,perfect,30407
24694346075,1,6063,scored,perfect,-308555
24696347713,15,6064,scored,perfect,-205297
24699344439,0,6066,scored,perfect,472474
24699344854,5,6065,scored,perfect,698647
24703346247,8,6067,scored,perfect,-573755
24710349837,9,6068,scored,perfect,16482
24713344197,3,6069,scored,perfect,266634
24715414147,13,6070,scored,perfect,-642530
24716347713,2,6071,scored,perfect,206216
24721346910,11,6072,scored,perfect,15614
24721347308,14,6073,scored,perfect,-125793
24725346874,4,6074,scored,perfect,345030
24729346705,10,6075,scored,perfect,379567
24735347401,7,6076,scored,perfect,-89940
24749345084,8,6077,scored,perfect,667821
24751345615,5,6078,scored,perfect,7115
24753347923,9,6079,scored,perfect,-393076
24759349508,15,6080,scored,perfect,-6025
24760350375,6,6081,scored,perfect,-30718
24765348249,2,6082,scored,perfect,-72367
24765348712,13,6083,scored,perfect,-269941
24768452331,3,6084,scored,perfect,392446
24768452779,1,6085,scored,perfect,-107634
24768453197,12,6086,scored,perfect,-138316
24768456164,0,6088,scored,perfect,-480674
24768456521,11,6087,scored,perfect,-332801
24777348422,10,6089,scored,perfect,-364703
24778346884,4,6090,scored,perfect,-491684
24779347211,7,6091,scored,perfect,344730
24780348255,14,6092,scored,perfect,-385390
24790348397,8,6093,scored,perfect,360564
24792346544,5,6094,scored,perfect,122140
24805349718,2,6096,scored,perfect,-73752
24805350310,15,6095,scored,perfect,116695
24810489133,12,6097,scored,perfect,-599317
24811343531,6,6098,scored,perfect,-343153
24814347725,13,6099,scored,perfect,-444065
24815412982,3,6101,scored,perfect,-144559
24815413404,11,6100,scored,perfect,21589
24815413709,1,6102,scored,perfect,-487947
24824346505,14,6103,scored,perfect,178018
24825347023,9,6104,scored,perfect,-477724
24828346720,4,6105,scored,perfect,-561315
24832347585,8,6106,scored,perfect,166965
24834349158,7,6107,scored,perfect,261213
24836352081,5,6108,scored,perfect,89823
24837348624,10,6109,scored,perfect,424212
24837349099,0,6110,scored,perfect,-38256
24850344946,2,6111,scored,perfect,-458502
24852345399,12,6112,scored,perfect,650238
24853346999,6,6113,scored,perfect,-326115
24857347932,13,6114,scored,perfect,-362243
24860493361,1,6115,scored,perfect,-412010
24860493728,3,6116,scored,perfect,-526453
24862349012,15,6117,scored,perfect,104642
24866348631,9,6118,scored,perfect,375580
24867349054,11,6119,scored,perfect,-221137
24874348694,8,6120,scored,perfect,24843
24881349689,4,6121,scored,perfect,431756
24882348128,10,6122,scored,perfect,-67054
24885492918,7,6123,scored,perfect,-631218
24886348000,5,6124,scored,perfect,-250090
24888347767,0,6125,scored,perfect,-89583
24891348278,14,6126,scored,perfect,244020
24892348326,2,6127,scored,perfect,301882
24893349088,12,6128,scored,perfect,223426
24902349132,6,6129,scored,perfect,470666
24903348461,3,6130,scored,perfect,-47171
24912386700,15,6131,scored,perfect,-480928
24913348096,13,6132,scored,perfect,-233218
24914347624,9,6133,scored,perfect,-246306
24915347928,1,6134,scored,perfect,248484
24916349270,8,6135,scored,perfect,295997
24917348117,11,6136,scored,perfect,498107
24920347503,4,6137,scored,perfect,-602686
24926347657,10,6138,scored,perfect,85951
24927344996,7,6139,scored,perfect,81488
24935350878,12,6140,scored,perfect,10392
24940345607,2,6141,scored,perfect,-89648
24941349054,0,6142,scored,perfect,267591
24943349515,6,6143,scored,perfect,222404
24958346013,13,6144,scored,perfect,-237723
24960350815,15,6145,scored,perfect,-279516
24965345445,5,6146,scored,perfect,194292
24967345161,1,6147,scored,perfect,257164
24970348481,8,6148,scored,perfect,-209787
24972349230,7,6149,scored,perfect,108246
24979429066,10,6150,scored,perfect,-378426
24985358594,9,6151,scored,perfect,181268
24986348633,11,6152,scored,perfect,139772
24987348109,6,6153,scored,perfect,3962
24991348343,0,6154,scored,perfect,484716
24991348868,2,6155,scored,perfect,433074
24995348642,12,6156,scored,perfect,101391
25003345093,4,6158,scored,perfect,242829
25003345699,13,6157,scored,perfect,488456
25005345168,15,6159,scored,perfect,-204315
25009345082,3,6160,scored,perfect,-261352
25017345367,14,6161,scored,perfect,17911
25018443653,1,6162,scored,perfect,-471644
25022346335,7,6163,scored,perfect,17311
25027345419,9,6164,scored,perfect,-302290
25031345842,11,6165,scored,perfect,369920
25033346100,10,6166,scored,perfect,-471410
25039346439,8,6167,scored,perfect,348559
25042344949,0,6168,scored,perfect,463068
25045347438,12,6169,scored,perfect,-358686
25047349668,4,6170,scored,perfect,213414
25047351325,15,6171,scored,perfect,-319813
25051348080,5,6172,scored,perfect,264030
25052345183,6,6173,scored,perfect,-452041
25053346837,13,6174,scored,perfect,-511113
25056346205,2,6175,scored,perfect,-558613
25058344769,3,6176,scored,perfect,-67504
25060347115,14,6177,scored,perfect,-70224
25064344624,1,6178,scored,perfect,-86986
25064345116,7,6179,scored,perfect,-403412
25068444215,9,6180,scored,perfect,-378540
25071348079,11,6181,scored,perfect,-27443
25075348711,10,6182,scored,perfect,518933
25079348208,8,6183,scored,perfect,-287492
25082348532,0,6184,scored,perfect,10067
25088362706,15,6185,scored,perfect,320244
25089344500,12,6186,scored,perfect,-476353
25090410697,4,6187,scored,perfect,-412396
25093443348,5,6188,scored,perfect,-592949
25098348235,6,6189,scored,perfect,439173
25104348881,13,6190,scored,perfect,-71581
25116349536,1,6191,scored,perfect,258781
25119346046,14,6192,scored,perfect,125478
25119346637,11,6193,scored,perfect,-194556
25122345700,7,6194,scored,perfect,-37723
25122347079,10,6195,scored,perfect,-382058
25123349123,8,6196,scored,perfect,406797
25126347854,3,6197,scored,perfect,-303105
25128348822,9,6198,scored,perfect,-91095
25131344423,0,6199,scored,perfect,-312330
25131345207,4,6200,scored,perfect,-379715
25133345074,2,6202,scored,perfect,-96848
25133345510,15,6201,scored,perfect,80933
25133345831,12,6203,scored,perfect,-509942
25141344939,6,6204,scored,perfect,175018
25141345589,5,6205,scored,perfect,-366819
25145348798,13,6206,scored,perfect,364334
25158349049,1,6207,scored,perfect,-346736
25163345400,8,6208,scored,perfect,-246536
25167345615,3,6209,scored,perfect,261725
25168349687,10,6211,scored,perfect,41082
25168350172,14,6210,scored,perfect,78223
25173367694,15,6212,scored,perfect,-340417
25174348798,0,6213,scored,perfect,-84051
25177348251,4,6214,scored,perfect,24880
25178347692,12,6215,scored,perfect,-303349
25181345116,2,6216,scored,perfect,-256396
25181345522,11,6217,scored,perfect,-385180
25182349130,5,6218,scored,perfect,-295721
25186349243,7,6219,scored,perfect,96933
25196478266,6,6220,scored,perfect,-302827
25197350225,9,6222,scored,perfect,-365725
25197350662,13,6221,scored,perfect,-359158
25199347242,1,6223,scored,perfect,-300871
25205355946,8,6224,scored,perfect,-104326
25217347003,10,6225,scored,perfect,480506
25218352961,3,6226,scored,perfect,-34054
25222350691,4,6227,scored,perfect,25570
25223348074,12,6228,scored,perfect,-189929
25226348315,0,6229,scored,perfect,-136718
25229350216,15,6230,scored,perfect,47387
25230348109,2,6231,scored,perfect,253267
25230348497,11,6232,scored,perfect,-287538
25231348321,5,6233,scored,perfect,341769
25232348074,7,6235,scored,perfect,91539
25232348497,14,6234,scored,perfect,282572
25243345552,6,6236,scored,perfect,219055
25243346239,1,6237,scored,perfect,6695
25245347896,13,6238,scored,perfect,-314735
25249346748,9,6239,scored,perfect,-48451
25254349087,8,6240,scored,perfect,291981
25257456324,10,6241,scored,perfect,-386528
25260349941,3,6242,scored,perfect,104263
25271472957,2,6243,scored,perfect,-400049
25274347821,5,6244,scored,perfect,581745
25274348261,0,6245,scored,perfect,-303391
25277347066,7,6246,scored,perfect,303798
25278349867,11,6247,scored,perfect,158391
25280347937,4,6248,scored,perfect,-209060
25283348191,1,6249,scored,perfect,-419291
25291346932,9,6250,scored,perfect,112174
25292346948,13,6251,scored,perfect,-410163
25296472591,6,6252,scored,perfect,-239916
25296473054,15,6253,scored,perfect,-304279
25298351381,8,6254,scored,perfect,134190
25301347073,12,6255,scored,perfect,11924
25305346927,10,6256,scored,perfect,475719
25309353576,14,6257,scored,perfect,235535
25312346269,2,6258,scored,perfect,106528
25314346587,5,6259,scored,perfect,-249572
25319346256,7,6260,scored,perfect,68382
25327345887,4,6261,scored,perfect,-244868
25330346911,11,6262,scored,perfect,44452
25335488271,1,6263,scored,perfect,-490833
25338349998,13,6264,scored,perfect,447721
25339348749,9,6265,scored,perfect,-440603
25344352143,3,6266,scored,perfect,166865
25347349496,10,6267,scored,perfect,-12176
25348348346,8,6268,scored,perfect,54245
25349350324,6,6269,scored,perfect,206844
25350348834,15,6270,scored,perfect,197038
25358345831,5,6271,scored,perfect,-306631
25361345049,7,6273,scored,perfect,-158139
25361345438,14,6272,scored,perfect,16551
25365345563,0,6275,scored,perfect,-8087
25365346090,12,6274,scored,perfect,24244
25367348578,2,6276,scored,perfect,-4023
25369348450,4,6277,scored,perfect,235116
25370344466,11,6278,scored,perfect,-533249
25377345709,1,6279,scored,perfect,20891
25378347460,13,6280,scored,perfect,-441430
25386348850,9,6281,scored,perfect,113354
25392350095,8,6282,scored,perfect,237646
25392350794,10,6283,scored,perfect,73935
25395344671,3,6284,scored,perfect,245187
25396347886,6,6286,scored,perfect,-266439
25396348557,15,6285,scored,perfect,-252959
25400350374,5,6287,scored,perfect,82873
25403344708,14,6288,scored,perfect,-254689
25408346188,2,6290,scored,perfect,-125069
25408346691,7,6289,scored,perfect,126903
25418350220,4,6291,scored,perfect,44473
25420347161,0,6292,scored,perfect,-307211
25421344885,13,6293,scored,perfect,-19516
25422349496,12,6294,scored,perfect,-216939
25423344915,11,6295,scored,perfect,198020
25428348495,9,6296,scored,perfect,259570
25428349065,1,6297,scored,perfect,70585
25437348197,15,6298,scored,perfect,118562
25437348715,8,6299,scored,perfect,-292479
25439347405,10,6300,scored,perfect,-12431
25439347829,3,6301,scored,perfect,-221493
25440401067,5,6302,scored,perfect,50517
25440401497,6,6303,scored,perfect,-656870
25448349428,14,6304,scored,perfect,247240
25450347566,7,6305,scored,perfect,-562547
25451348542,2,6306,scored,perfect,241941
25461346197,0,6307,scored,perfect,9228
25463345862,13,6308,scored,perfect,-21600
25468434268,1,6309,scored,perfect,-570112
25469347802,4,6310,scored,perfect,-426000
25473349762,11,6311,scored,perfect,74195
25474348048,12,6312,scored,perfect,112450
25477348257,9,6313,scored,perfect,16789
25483348995,5,6314,scored,perfect,605904
25490349521,6,6315,scored,perfect,288812
25491348490,14,6316,scored,perfect,18408
25491348899,7,6317,scored,perfect,-144072
25497348333,2,6318,scored,perfect,-467776
25499345772,8,6319,scored,perfect,375936
25503347857,15,6320,scored,perfect,-178177
25508345509,10,6321,scored,perfect,-378584
25512347860,1,6322,scored,perfect,416453
25514347376,11,6323,scored,perfect,-146261
25514347785,13,6324,scored,perfect,-290423
25516347962,4,6325,scored,perfect,-7740
25516348337,0,6326,scored,perfect,-394527
25520347630,3,6327,scored,perfect,-306172
25520348125,12,6328,scored,perfect,-565298
25521345038,9,6329,scored,perfect,288504
25524350629,5,6330,scored,perfect,-25956
25531345046,6,6331,scored,perfect,-141907
25533347847,7,6332,scored,perfect,-486538
25536345252,14,6333,scored,perfect,-451782
25539347670,2,6334,scored,perfect,236505
25539348165,8,6335,scored,perfect,-118329
25546348909,15,6336,scored,perfect,230230
25551347797,10,6337,scored,perfect,349788
25554345327,1,6338,scored,perfect,5651
25557449534,4,6339,scored,perfect,-346636
25560350252,0,6340,scored,perfect,520832
25560350798,13,6341,scored,perfect,456240
25561350186,12,6342,scored,perfect,-124049
25563348578,11,6343,scored,perfect,369518
25565348583,9,6344,scored,perfect,-331823
25569349023,5,6345,scored,perfect,417507
25570347890,3,6346,scored,perfect,-319468
25572349296,6,6347,scored,perfect,87621
25576348489,7,6348,scored,perfect,636
25580349635,14,6349,scored,perfect,521918
25584348507,8,6350,scored,perfect,359551
25591349815,2,6351,scored,perfect,-384778
25593349595,15,6352,scored,perfect,16006
25598347074,10,6353,scored,perfect,331059
25606356966,12,6354,scored,perfect,418222
25607346745,11,6355,scored,perfect,-80764
25611345388,3,6356,scored,perfect,-210083
25614347958,13,6357,scored,perfect,-347218
25617344581,1,6358,scored,perfect,-571940
25619345099,9,6359,scored,perfect,-149553
25626386645,8,6360,scored,perfect,160496
25626387210,4,6361,scored,perfect,-572392
25630347974,6,6362,scored,perfect,584758
25632349315,2,6363,scored,perfect,264571
25642351120,14,6364,scored,perfect,406317
25642351886,15,6365,scored,perfect,22579
25644349652,5,6366,scored,perfect,167756
25645346023,0,6367,scored,perfect,189979
25648348726,11,6368,scored,perfect,62859
25650347981,12,6369,scored,perfect,-501806
25652348937,3,6370,scored,perfect,-220286
25653345404,7,6371,scored,perfect,-121867
25657344798,10,6372,scored,perfect,-33506
25666345151,9,6373,scored,perfect,-294467
25668345700,4,6374,scored,perfect,36344
25669362021,13,6375,scored,perfect,64471
25673349477,2,6376,scored,perfect,264457
25676383342,8,6377,scored,perfect,-455157
25677349552,6,6378,scored,perfect,173071
25678359286,1,6379,scored,perfect,-182370
25682349021,14,6380,scored,perfect,-262469
25684348258,15,6381,scored,perfect,400182
25684348938,5,6382,scored,perfect,-280040
25690345764,0,6383,scored,perfect,-109963
25699349422,7,6384,scored,perfect,83003
25700345172,3,6385,scored,perfect,-348469
25702346316,11,6386,scored,perfect,197739
25705352650,10,6387,scored,perfect,227811
25707349140,9,6388,scored,perfect,256108
25709348011,13,6389,scored,perfect,-609787
25710474870,12,6390,scored,perfect,-542295
25712349068,4,6391,scored,perfect,-70744
25714354265,2,6392,scored,perfect,135414
25718348701,6,6393,scored,perfect,12803
25720347744,1,6395,scored,perfect,-528697
25720348142,8,6394,scored,perfect,-508382
25729349348,15,6396,scored,perfect,149786
25733352860,14,6397,scored,perfect,-486898
25734349248,5,6398,scored,perfect,356723
25739345206,0,6399,scored,perfect,-292416
25741355700,3,6400,scored,perfect,154566
25742348994,11,6401,scored,perfect,-132625
25746348816,7,6402,scored,perfect,28452
25746349309,10,6403,scored,perfect,-207765
25747346894,9,6404,scored,perfect,86656
25762372127,12,6405,scored,perfect,-605007
25764348945,2,6406,scored,perfect,-481006
25770349736,13,6407,scored,perfect,-71508
25770350607,6,6408,scored,perfect,-291026
25772349664,8,6409,scored,perfect,-350618
25783346763,11,6410,scored,perfect,-443893
25784348840,5,6411,scored,perfect,337865
25785476694,15,6412,scored,perfect,-647441
25787360141,14,6413,scored,perfect,-284399
25789348052,9,6414,scored,perfect,152560
25789348517,4,6415,scored,perfect,-542347
25799348472,1,6416,scored,perfect,-33091
25802407084,0,6417,scored,perfect,-421779
25803349557,10,6418,scored,perfect,-134754
25805355089,7,6419,scored,perfect,-354504
25806353741,3,6420,scored,perfect,44213
25808345635,12,6421,scored,perfect,517642
25812349023,13,6422,scored,perfect,-267544
25819349530,2,6423,scored,perfect,223766
25819350502,8,6424,scored,perfect,-279644
25822347004,6,6425,scored,perfect,-467048
25827350225,15,6426,scored,perfect,96319
25832451909,5,6427,scored,perfect,-339275
25839349260,14,6428,scored,perfect,238399
25841347380,1,6429,scored,perfect,239318
25842354616,4,6430,scored,perfect,-231547
25850348237,7,6431,scored,perfect,-429480
25852351224,10,6432,scored,perfect,434426
25853347807,12,6433,scored,perfect,-585395
25854350093,0,6434,scored,perfect,356244
25856349533,13,6435,scored,perfect,-55517
25858347656,9,6436,scored,perfect,-182190
25858348200,11,6437,scored,perfect,-503861
25863349980,6,6438,scored,perfect,478880
25875344967,5,6439,scored,perfect,-187061
25880348670,14,6440,scored,perfect,164326
25884348756,8,6441,scored,perfect,69471
25887373904,4,6442,scored,perfect,-431165
25894346368,2,6443,scored,perfect,455963
25895347029,3,6444,scored,perfect,-388367
25897349184,7,6445,scored,perfect,-100403
25903349564,1,6446,scored,perfect,6767
25911347769,15,6447,scored,perfect,-251323
25914353933,0,6448,scored,perfect,-343568
25915346654,13,6449,scored,perfect,349561
25920348283,5,6450,scored,perfect,97024
25921345048,9,6451,scored,perfect,166602
25923353795,6,6452,scored,perfect,-257995
25926344915,10,6453,scored,perfect,281337
25928344987,14,6454,scored,perfect,135784
25928345342,11,6455,scored,perfect,-569448
25930345092,8,6456,scored,perfect,-262636
25935346987,12,6457,scored,perfect,75491
25936348217,2,6458,scored,perfect,158723
25937348271,4,6459,scored,perfect,27878
25939348576,7,6460,scored,perfect,129845
25945347264,1,6461,scored,perfect,-482727
25962345634,15,6462,scored,perfect,194516
25964346536,5,6463,scored,perfect,442765
25965349527,0,6464,scored,perfect,287849
25967348179,3,6465,scored,perfect,42080
25967348752,13,6466,scored,perfect,-522222
25968355536,14,6467,scored,perfect,-97877
25969349906,6,6468,scored,perfect,537039
25972346984,9,6469,scored,perfect,-492763
25973348957,8,6470,scored,perfect,125591
25977350985,11,6471,scored,perfect,-189603
25978350183,4,6472,scored,perfect,-290717
25978350758,12,6473,scored,perfect,-584765
25979345534,10,6474,scored,perfect,-272559
25980347469,2,6475,scored,perfect,-98455
25981345086,7,6476,scored,perfect,-179940
25989345243,1,6477,scored,perfect,-340179
26004352445,5,6478,scored,perfect,-117198
26005350619,15,6479,scored,perfect,256931
26005351215,0,6480,scored,perfect,-225024
26008345592,3,6481,scored,perfect,-69323
26009350653,13,6482,scored,perfect,258175
26020349149,11,6483,scored,perfect,82955
26021465417,2,6484,scored,perfect,-377854
26023354523,7,6485,scored,perfect,-77069
26025348477,6,6487,scored,perfect,-558099
26025348892,12,6486,scored,perfect,-451711
26026349292,8,6488,scored,perfect,99288
26031344521,9,6489,scored,perfect,-35455
26031344932,10,6490,scored,perfect,-506854
26032354662,14,6491,scored,perfect,369977
26034350815,4,6492,scored,perfect,-562386
26038345805,1,6493,scored,perfect,180650
26048350857,5,6494,scored,perfect,-54832
26049347991,15,6495,scored,perfect,559806
26050348031,0,6496,scored,perfect,-262169
26052345918,13,6497,scored,perfect,464593
26052346543,3,6498,scored,perfect,143962
26060482978,11,6499,scored,perfect,-449985
26062348961,2,6500,scored,perfect,-299577
26066349214,12,6501,scored,perfect,240577
26069350624,6,6502,scored,perfect,-266081
26073348928,10,6503,scored,perfect,217503
26074348991,8,6504,scored,perfect,-52632
26075348928,14,6505,scored,perfect,52470
26078349323,9,6506,scored,perfect,-96821
26080348348,7,6507,scored,perfect,217144
26088474351,15,6508,scored,perfect,-355356
26089348661,4,6509,scored,perfect,-562780
26090349866,5,6510,scored,perfect,-13337
26091349580,0,6511,scored,perfect,624846
26092348199,1,6512,scored,perfect,-215160
26099349400,3,6513,scored,perfect,284406
26108346315,11,6514,scored,perfect,-148116
26110479729,2,6515,scored,perfect,737885
26110481514,13,6516,scored,perfect,-418413
26114350141,6,6517,scored,perfect,-24410
26116349677,14,6518,scored,perfect,144493
26118349279,12,6519,scored,perfect,169366
26119349226,9,6520,scored,perfect,-499327
26126349091,10,6521,scored,perfect,427116
26126349734,8,6522,scored,perfect,-96732
26129348241,7,6523,scored,perfect,379491
26135349688,1,6524,scored,perfect,459082
26139349037,4,6525,scored,perfect,289890
26144350089,5,6526,scored,perfect,491367
26144350975,15,6527,scored,perfect,-218088
26146348566,3,6528,scored,perfect,315915
26149354153,0,6529,scored,perfect,-243532
26152346170,2,6530,scored,perfect,486640
26153348737,13,6531,scored,perfect,-74006
26153349151,11,6532,scored,perfect,-464693
26154344846,6,6533,scored,perfect,-165052
26157345627,14,6534,scored,perfect,324755
26162348842,9,6535,scored,perfect,-103707
26164344691,12,6536,scored,perfect,-538033
26172346252,7,6538,scored,perfect,53857
26172347114,8,6537,scored,perfect,126884
26173347825,10,6539,scored,perfect,-330068
26176394184,1,6540,scored,perfect,-416083
26182450384,4,6541,scored,perfect,-499869
26186351374,3,6542,scored,perfect,264104
26191349648,0,6543,scored,perfect,-72642
26193348279,5,6544,scored,perfect,32252
26194363794,15,6545,scored,perfect,466701
26195347870,2,6546,scored,perfect,432930
26198348597,14,6547,scored,perfect,210260
26204353197,13,6548,scored,perfect,168916
26206349009,6,6549,scored,perfect,232132
26206349643,11,6550,scored,perfect,-598570
26210350823,12,6551,scored,perfect,45824
26211345358,9,6552,scored,perfect,310804
26215345447,10,6553,scored,perfect,361043
26217345416,7,6554,scored,perfect,-302842
26222348324,1,6555,scored,perfect,75654
26224349114,8,6556,scored,perfect,417231
26228351142,3,6557,scored,perfect,-70843
26231350217,4,6558,scored,perfect,477402
26232350470,0,6559,scored,perfect,-192824
26233349021,5,6560,scored,perfect,-630
26235354625,15,6561,scored,perfect,-355192
26243350158,14,6562,scored,perfect,43861
26244345558,2,6563,scored,perfect,457194
26245348995,13,6564,scored,perfect,221508
26249354648,11,6565,scored,perfect,-210548
26251348554,9,6566,scored,perfect,-239256
26258351813,10,6567,scored,perfect,226801
26259349736,12,6568,scored,perfect,199929
26260351657,6,6569,scored,perfect,177632
26261345938,7,6570,scored,perfect,55642
26263344102,1,6571,scored,perfect,388345
26264349155,8,6572,scored,perfect,114962
26269346038,3,6573,scored,perfect,308354
26279350130,15,6574,scored,perfect,-77347
26280344350,5,6575,scored,perfect,397452
26288345626,4,6576,scored,perfect,-202422
26290345436,2,6577,scored,perfect,358120
26292345101,0,6578,scored,perfect,-200893
26294351507,13,6579,scored,perfect,329539
26295349694,11,6580,scored,perfect,-191527
26301345407,7,6581,scored,perfect,-215626
26303351362,1,6582,scored,perfect,338552
26303352195,6,6584,scored,perfect,45111
26303352734,10,6583,scored,perfect,93845
26306350013,8,6585,scored,perfect,65739
26311345081,12,6586,scored,perfect,575753
26311345834,3,6587,scored,perfect,-428983
26313347657,9,6588,scored,perfect,400302
26314347642,14,6589,scored,perfect,-90398
26320345680,15,6590,scored,perfect,-265818
26321354290,5,6591,scored,perfect,12209
26328345299,4,6592,scored,perfect,-242817
26331349663,2,6593,scored,perfect,-298476
26333347167,0,6594,scored,perfect,-134182
26337349505,11,6595,scored,perfect,-152282
26338345715,13,6596,scored,perfect,575425
26344346055,10,6597,scored,perfect,486716
26347347286,1,6599,scored,perfect,-468711
26347348350,6,6598,scored,perfect,-431001
26351346056,7,6600,scored,perfect,106948
26356345289,8,6601,scored,perfect,-381337
26359349282,12,6602,scored,perfect,127434
26360347312,14,6603,scored,perfect,-224999
26368346937,5,6604,scored,perfect,-127561
26373345692,9,6605,scored,perfect,-103011
26378349299,3,6606,scored,perfect,367676
26379345999,0,6607,scored,perfect,218787
26379347166,11,6608,scored,perfect,90595
26382346082,15,6609,scored,perfect,81268
26392349480,6,6610,scored,perfect,112454
26395346433,7,6611,scored,perfect,-384720
26396350944,1,6612,scored,perfect,-346160
26398348692,4,6613,scored,perfect,-13782
26402348547,13,6614,scored,perfect,-449983
26403351291,12,6615,scored,perfect,-425590
26406349940,14,6616,scored,perfect,-51896
26407345526,2,6617,scored,perfect,-58081
26410350169,5,6618,scored,perfect,364839
26413345385,10,6619,scored,perfect,8097
26414348970,8,6620,scored,perfect,-400521
26422350420,9,6621,scored,perfect,435591
26427345158,0,6622,scored,perfect,371604
26433346313,6,6623,scored,perfect,-101040
26433347221,11,6624,scored,perfect,-281710
26436352716,7,6625,scored,perfect,132867
26437346319,15,6626,scored,perfect,-993
26439354912,1,6627,scored,perfect,-186769
26449351580,13,6628,scored,perfect,370707
26450346052,4,6629,scored,perfect,-238716
26450346832,12,6630,scored,perfect,-529683
26451348793,14,6631,scored,perfect,-353056
26452345631,3,6632,scored,perfect,-80156
26453350329,5,6634,scored,perfect,-199920
26453350858,10,6633,scored,perfect,-97237
26453351350,2,6635,scored,perfect,-573902
26456345574,8,6636,scored,perfect,-345571
26463355773,9,6637,scored,perfect,198566
26469346988,0,6638,scored,perfect,560060
26476352765,11,6639,scored,perfect,-192524
26479345599,7,6640,scored,perfect,387724
26482348897,15,6641,scored,perfect,146295
26483345919,1,6642,scored,perfect,159632
26489349634,6,6643,scored,perfect,-171016
26490345783,13,6644,scored,perfect,7253
26496345980,5,6645,scored,perfect,264673
26497350506,14,6646,scored,perfect,-328008
26499349654,8,6647,scored,perfect,75479
26500345573,4,6648,scored,perfect,501100
26502349265,3,6649,scored,perfect,-136065
26503353883,10,6650,scored,perfect,330257
26504345532,9,6652,scored,perfect,-246960
26504346183,12,6651,scored,perfect,-88356
26506345718,2,6653,scored,perfect,444864
26510346755,0,6654,scored,perfect,489266
26517346198,11,6655,scored,perfect,199091
26524348586,7,6656,scored,perfect,-3307
26527345086,1,6657,scored,perfect,406975
26528350229,15,6658,scored,perfect,462548
26530353791,6,6659,scored,perfect,-142382
26531345426,13,6660,scored,perfect,81346
26538356195,5,6661,scored,perfect,258338
26540349691,8,6662,scored,perfect,185386
26544346092,3,6663,scored,perfect,-84034
26545348707,9,6664,scored,perfect,-416049
26552346490,4,6666,scored,perfect,386422
26552347375,14,6665,scored,perfect,455101
26553349353,2,6668,scored,perfect,-33759
26553350104,12,6667,scored,perfect,10513
26554349368,10,6669,scored,perfect,-378990
26556345413,0,6670,scored,perfect,117421
26557354579,11,6671,scored,perfect,-181971
26567352510,1,6672,scored,perfect,30813
26570348947,7,6673,scored,perfect,99146
26571345416,6,6674,scored,perfect,-302114
26573344989,13,6675,scored,perfect,-333121
26574347652,15,6676,scored,perfect,-401972
26580348105,8,6677,scored,perfect,-211926
26584354321,5,6678,scored,perfect,380711
26585347292,3,6679,scored,perfect,443725
26589349689,9,6680,scored,perfect,72507
26593349816,4,6681,scored,perfect,205935
26594349675,14,6682,scored,perfect,431704
26595349118,10,6683,scored,perfect,227290
26599348505,2,6684,scored,perfect,515349
26603349548,0,6685,scored,perfect,250861
26606346926,12,6686,scored,perfect,-352358
26608345678,1,6687,scored,perfect,45186
26618346230,11,6688,scored,perfect,245252
26618347240,13,6689,scored,perfect,-160193
26620354129,7,6690,scored,perfect,-335103
26622349625,15,6691,scored,perfect,-298564
26624354315,8,6692,scored,perfect,426169
26627346102,5,6693,scored,perfect,215475
26629348754,9,6694,scored,perfect,-11471
26632348470,3,6695,scored,perfect,-158444
26634348546,4,6696,scored,perfect,74841
26645344840,2,6697,scored,perfect,-552766
26655348985,12,6698,scored,perfect,-4603
26665349726,8,6699,scored,perfect,93800
26666349697,13,6700,scored,perfect,528939
26670345755,11,6701,scored,perfect,-589768
26678345841,14,6702,scored,perfect,13112
26681344757,7,6703,scored,perfect,248527
26683349291,10,6704,scored,perfect,573269
26684348960,0,6705,scored,perfect,-144880
26685351522,9,6706,scored,perfect,-277617
26688345517,15,6707,scored,perfect,217544
26689349604,5,6708,scored,perfect,-477668
26692349658,1,6709,scored,perfect,322543
26692350306,4,6710,scored,perfect,-91075
26694345392,3,6711,scored,perfect,-490954
26695349206,6,6712,scored,perfect,347628
26695349839,12,6713,scored,perfect,-93925
26697350237,2,6714,scored,perfect,373236
26709350619,8,6715,scored,perfect,-229853
26710352023,13,6716,scored,perfect,-153462
26711350360,11,6717,scored,perfect,-449192
26722346284,14,6718,scored,perfect,298200
26724347633,7,6719,scored,perfect,598075
26725345461,0,6720,scored,perfect,-233857
26729346818,10,6721,scored,perfect,-259052
26731345640,5,6722,scored,perfect,28979
26735351363,1,6723,scored,perfect,95679
26735351990,4,6724,scored,perfect,-136825
26736347757,3,6725,scored,perfect,371967
26739349991,9,6726,scored,perfect,58521
26741348255,12,6727,scored,perfect,457063
26742345433,15,6728,scored,perfect,-321974
26744345624,2,6729,scored,perfect,204464
26747350822,6,6730,scored,perfect,127228
26755360249,8,6731,scored,perfect,-275666
26760347556,13,6732,scored,perfect,-368932
26761348935,11,6733,scored,perfect,424660
26762349978,14,6734,scored,perfect,133707
26767346015,0,6735,scored,perfect,359514
26769346349,7,6736,scored,perfect,-159367
26769346841,10,6737,scored,perfect,-472624
26772351118,5,6738,scored,perfect,-385778
26778349010,1,6739,scored,perfect,208612
26778349874,3,6741,scored,perfect,-143466
26778350318,4,6740,scored,perfect,-116932
26787349081,12,6742,scored,perfect,20976
26787349866,6,6743,scored,perfect,-367449
26789349400,15,6744,scored,perfect,282059
26789349929,2,6745,scored,perfect,-187666
26789350755,9,6746,scored,perfect,-212634
26798344156,8,6747,scored,perfect,377042
26801349413,13,6748,scored,perfect,23188
26803348614,11,6749,scored,perfect,108567
26803349194,14,6750,scored,perfect,-536389
26809356474,0,6751,scored,perfect,165000
26812346016,7,6752,scored,perfect,-96431
26819350388,5,6753,scored,perfect,425081
26822347080,10,6754,scored,perfect,-29059
26824348896,3,6755,scored,perfect,129822
26824349564,4,6756,scored,perfect,-6404
26827349869,1,6757,scored,perfect,327790
26828349560,12,6758,scored,perfect,-49092
26829349874,15,6759,scored,perfect,225989
26832347158,2,6760,scored,perfect,293755
26834348470,9,6761,scored,perfect,-252078
26835345995,6,6762,scored,perfect,546565
26841347236,8,6763,scored,perfect,319810
26855345256,13,6764,scored,perfect,557814
26861344759,7,6765,scored,perfect,40842
26863349442,10,6766,scored,perfect,165265
26867344314,0,6767,scored,perfect,399644
26867345305,3,6768,scored,perfect,220783
26867345782,14,6769,scored,perfect,-473493
26872346421,2,6770,scored,perfect,287882
26874347958,15,6771,scored,perfect,87225
26875344449,1,6772,scored,perfect,-225343
26876346739,9,6773,scored,perfect,-111820
26878347379,5,6774,scored,perfect,-296789
26878347919,11,6775,scored,perfect,-403705
26880347304,12,6776,scored,perfect,559222
26883348118,4,6777,scored,perfect,342019
26886343868,6,6778,scored,perfect,-539910
26887346010,8,6779,scored,perfect,154776
26900345498,13,6780,scored,perfect,352508
26903343820,10,6781,scored,perfect,-269445
26904346161,7,6782,scored,perfect,-326243
26915344566,1,6783,scored,perfect,-267115
26916345878,0,6784,scored,perfect,327685
26920346972,15,6785,scored,perfect,360814
26924346594,12,6786,scored,perfect,-344771
26927345990,11,6787,scored,perfect,434460
26928346374,3,6788,scored,perfect,97068
26929343579,5,6789,scored,perfect,373474
26934343882,4,6790,scored,perfect,10283
26938344341,2,6791,scored,perfect,-221769
26939346969,8,6792,scored,perfect,26356
26945345608,13,6793,scored,perfect,452342
26946347331,14,6794,scored,perfect,-9261
26950345534,6,6795,scored,perfect,-513820
26956345241,9,6796,scored,perfect,-47145
26964346463,10,6797,scored,perfect,-266022
26966346729,0,6798,scored,perfect,119166
26967343554,7,6799,scored,perfect,-8719
26970348641,11,6800,scored,perfect,-234174
26974355235,5,6801,scored,perfect,491246
26979343745,2,6802,scored,perfect,248164
26980346345,3,6803,scored,perfect,507237
26982348551,15,6804,scored,perfect,223621
26982349429,12,6805,scored,perfect,-205164
26984344593,1,6806,scored,perfect,-275550
26985352700,4,6807,scored,perfect,-321738
26989344987,13,6808,scored,perfect,-587667
26991344406,14,6809,scored,perfect,140485
26992343874,8,6810,scored,perfect,141801
26993348195,6,6811,scored,perfect,369986
26996344469,9,6812,scored,perfect,-59382
27006344959,10,6813,scored,perfect,122777
27009353821,0,6814,scored,perfect,-26524
27010356419,7,6815,scored,perfect,435625
27011346022,11,6816,scored,perfect,-393167
27015345683,5,6817,scored,perfect,-245649
27023349349,12,6818,scored,perfect,91120
27025345256,3,6819,scored,perfect,-63220
27027349745,2,6820,scored,perfect,176542
27028354379,1,6821,scored,perfect,17356
27030348839,4,6822,scored,perfect,-4165
27039344029,14,6823,scored,perfect,-577237
27041343286,8,6824,scored,perfect,320613
27042346418,6,6825,scored,perfect,433865
27047350355,15,6826,scored,perfect,99028
27050344218,13,6827,scored,perfect,333988
27050344876,0,6828,scored,perfect,-469261
27055347788,10,6829,scored,perfect,427207
27058344318,7,6830,scored,perfect,-29090
27058344798,9,6831,scored,perfect,-453101
27060352727,11,6832,scored,perfect,-117833
27063343231,5,6833,scored,perfect,-17061
27065343956,12,6834,scored,perfect,328699
27073354491,1,6835,scored,perfect,226543
27073355478,3,6836,scored,perfect,-116494
27074351481,4,6837,scored,perfect,608425
27075345966,2,6838,scored,perfect,357048
27083348809,6,6839,scored,perfect,509869
27084356524,14,6840,scored,perfect,-116277
27085347808,8,6841,scored,perfect,-328592
27087348470,15,6842,scored,perfect,-223843
27093349327,0,6844,scored,perfect,-131964
27093350204,13,6843,scored,perfect,-57289
27096345074,10,6845,scored,perfect,146080
27099347924,9,6846,scored,perfect,77970
27099348503,7,6847,scored,perfect,-381775
27101349043,11,6848,scored,perfect,323977
27106345268,12,6849,scored,perfect,328147
27106346505,5,6850,scored,perfect,-107232
27116343627,2,6851,scored,perfect,407022
27119357129,4,6852,scored,perfect,571020
27120345672,1,6853,scored,perfect,477996
27125348309,6,6854,scored,perfect,-442237
27126345495,8,6855,scored,perfect,205552
27131346910,15,6856,scored,perfect,61298
27132348759,3,6857,scored,perfect,93793
27134345252,0,6858,scored,perfect,152270
27141345667,13,6859,scored,perfect,-93983
27144347265,9,6860,scored,perfect,25224
27145345423,14,6861,scored,perfect,115559
27145345946,7,6862,scored,perfect,5379
27147346503,11,6863,scored,perfect,40084
27150345314,10,6864,scored,perfect,-201630
27151349644,12,6865,scored,perfect,357327
27151350151,5,6866,scored,perfect,-237516
27159346087,2,6867,scored,perfect,-324175
27166348932,8,6868,scored,perfect,-251424
27168349160,6,6869,scored,perfect,-375359
27170348739,4,6870,scored,perfect,370196
27170349302,1,6871,scored,perfect,-106045
27171345955,15,6872,scored,perfect,-61669
27174349348,0,6873,scored,perfect,-71416
27174349955,3,6874,scored,perfect,-168069
27183346073,13,6875,scored,perfect,-525024
27184348792,9,6876,scored,perfect,-189991
27185347791,7,6877,scored,perfect,-197024
27186348985,14,6878,scored,perfect,-501
27188348639,11,6879,scored,perfect,-189970
27192349275,12,6880,scored,perfect,294103
27192350509,10,6881,scored,perfect,-388749
27194348897,5,6882,scored,perfect,-427912
27202346426,2,6883,scored,perfect,546950
27211346582,1,6884,scored,perfect,-339470
27211347209,6,6885,scored,perfect,-473805
27226345378,3,6886,scored,perfect,51245
27231348744,7,6887,scored,perfect,173
27240345716,14,6888,scored,perfect,-182425
27249348734,9,6889,scored,perfect,-427524
27250345473,2,6890,scored,perfect,-497482
27255349250,12,6891,scored,perfect,640204
27256346209,15,6892,scored,perfect,267984
27258345502,1,6893,scored,perfect,-493554
27270346905,3,6894,scored,perfect,-396809
27272354001,7,6895,scored,perfect,248005
27276345767,6,6896,scored,perfect,27758
27277348845,13,6897,scored,perfect,-138176
27278345467,4,6898,scored,perfect,7351
27283349600,0,6899,scored,perfect,-318158
27285350666,14,6900,scored,perfect,603873
27285352522,10,6901,scored,perfect,21923
27286345348,8,6902,scored,perfect,-6702
27287349052,11,6903,scored,perfect,-102609
27290355048,9,6904,scored,perfect,-283775
27293353156,5,6905,scored,perfect,375011
27296345662,2,6906,scored,perfect,47479
27297348437,12,6907,scored,perfect,-116025
27299353887,15,6908,scored,perfect,346883
27299354727,1,6909,scored,perfect,40620
27311345165,3,6910,scored,perfect,-569701
27315344144,7,6911,scored,perfect,-91580
27316348320,6,6912,scored,perfect,-132311
27318349407,4,6913,scored,perfect,-134017
27324344488,0,6914,scored,perfect,554879
27324345046,13,6915,scored,perfect,-18875
27330346715,11,6916,scored,perfect,606734
27330347914,8,6917,scored,perfect,83670
27330348460,14,6918,scored,perfect,-115327
27333345664,9,6919,scored,perfect,597825
27334346929,10,6920,scored,perfect,96903
27336353153,2,6921,scored,perfect,-533514
27344353281,1,6922,scored,perfect,180188
27355345223,5,6923,scored,perfect,217393
27363346203,7,6924,scored,perfect,268791
27368349659,3,6925,scored,perfect,-182492
27371354762,8,6926,scored,perfect,300514
27376345922,4,6927,scored,perfect,379854
27378345093,13,6928,scored,perfect,-337105
27380358456,10,6929,scored,perfect,217764
27383346323,0,6930,scored,perfect,-28787
27385348040,6,6931,scored,perfect,-320958
27387348742,2,6932,scored,perfect,75591
27387349324,1,6933,scored,perfect,-409381
27389359333,9,6934,scored,perfect,548194
27392345913,12,6935,scored,perfect,-621931
27393348611,11,6937,scored,perfect,-266532
27393349217,15,6936,scored,perfect,-60915
27395348335,14,6938,scored,perfect,85790
27396352547,5,6939,scored,perfect,3423
27406347135,7,6940,scored,perfect,-229378
27409346423,3,6941,scored,perfect,-156320
27414345528,8,6942,scored,perfect,-573071
27416351668,4,6943,scored,perfect,-153054
27425355686,13,6944,scored,perfect,132535
27434344846,6,6945,scored,perfect,246671
27435357007,0,6946,scored,perfect,443348
27437350078,9,6947,scored,perfect,-247487
27445350181,5,6948,scored,perfect,287203
27445350902,15,6949,scored,perfect,-605311
27456346022,14,6950,scored,perfect,-424452
27457346819,10,6951,scored,perfect,-356817
27458349531,3,6952,scored,perfect,306071
27458350025,11,6953,scored,perfect,-5104
27458350430,8,6954,scored,perfect,-172552
27459345513,2,6956,scored,perfect,176279
27459346003,12,6955,scored,perfect,217874
27460350673,4,6957,scored,perfect,554954
27461345622,7,6958,scored,perfect,-323
27463345864,1,6959,scored,perfect,-403314
27470349355,13,6960,scored,perfect,-225427
27474349371,6,6961,scored,perfect,234517
27477345201,0,6962,scored,perfect,-251886
27484349611,9,6963,scored,perfect,28830
27485347143,5,6964,scored,perfect,-29726
27488345181,15,6965,scored,perfect,-102079
27502349329,8,6966,scored,perfect,154228
27502350199,2,6969,scored,perfect,-254597
27502350682,4,6967,scored,perfect,-136023
27502351097,10,6968,scored,perfect,-157694
27504345774,3,6970,scored,perfect,226518
27509350577,14,6971,scored,perfect,312915
27510346866,7,6972,scored,perfect,569355
27511348927,12,6973,scored,perfect,-430236
27514350181,11,6974,scored,perfect,385822
27515345338,1,6975,scored,perfect,-113606
27517349210,0,6976,scored,perfect,-278414
27519345552,6,6977,scored,perfect,-442060
27521345180,13,6978,scored,perfect,-94313
27527349103,9,6979,scored,perfect,636065
27528345328,5,6980,scored,perfect,347428
27530345490,15,6981,scored,perfect,502527
27543356974,8,6982,scored,perfect,-293728
27544349409,3,6984,scored,perfect,-71520
27544350671,4,6983,scored,perfect,195869
27544351079,10,6985,scored,perfect,-186955
27546349098,2,6986,scored,perfect,-230629
27555346185,14,6987,scored,perfect,321433
27557345499,1,6988,scored,perfect,131865
27557346198,12,6989,scored,perfect,-154354
27558348509,7,6990,scored,perfect,457276
27560351783,6,6991,scored,perfect,180188
27567345940,13,6992,scored,perfect,-490474
27571354391,11,6993,scored,perfect,178718
27591345658,8,6994,scored,perfect,442706
27592348306,9,6995,scored,perfect,172982
27593346131,0,6996,scored,perfect,163905
27596345529,3,6997,scored,perfect,-51064
27597349313,5,6998,scored,perfect,87699
27599349289,2,6999,scored,perfect,547274
27602345622,1,7000,scored,perfect,-369070
27605346804,10,7001,scored,perfect,486153
27605347214,12,7002,scored,perfect,-83360
27608349092,6,7003,scored,perfect,357123
27610351800,4,7004,scored,perfect,-173647
27611345601,15,7005,scored,perfect,182234
27611346450,13,7006,scored,perfect,130818
27614345702,11,7007,scored,perfect,466197
27614346166,7,7008,scored,perfect,-361214
27617345819,14,7009,scored,perfect,491634
27633348981,0,7010,scored,perfect,-507352
27635349972,8,7011,scored,perfect,451161
27642348446,3,7013,scored,perfect,-570011
27642349143,5,7012,scored,perfect,-308690
27646349238,10,7014,scored,perfect,-346848
27647346507,12,7015,scored,perfect,517451
27647347163,1,7016,scored,perfect,405569
27648353080,6,7017,scored,perfect,359693
27653349700,13,7018,scored,perfect,-316355
27656346188,4,7019,scored,perfect,-317311
27660349777,14,7020,scored,perfect,364298
27660351579,11,7021,scored,perfect,320945
27662349659,2,7022,scored,perfect,193094
27668349671,15,7023,scored,perfect,132099
27671346308,7,7024,scored,perfect,12281
27672348935,9,7025,scored,perfect,-216611
27681349807,0,7026,scored,perfect,122218
27682345632,8,7027,scored,perfect,327387
27686350159,3,7028,scored,perfect,420869
27689350876,6,7029,scored,perfect,-340513
27690345445,1,7030,scored,perfect,262245
27692344783,10,7031,scored,perfect,-470000
27695348350,12,7032,scored,perfect,-307885
27701348428,13,7033,scored,perfect,243586
27706351283,14,7034,scored,perfect,467078
27706352165,2,7035,scored,perfect,183134
27708349304,15,7036,scored,perfect,-248710
27710358802,11,7037,scored,perfect,-33305
27713349647,4,7038,scored,perfect,-200407
27716345573,7,7039,scored,perfect,244032
27719348192,5,7040,scored,perfect,280127
27719349190,9,7041,scored,perfect,143245
27722346045,8,7042,scored,perfect,50253
27727345503,0,7043,scored,perfect,-361704
27734350817,10,7044,scored,perfect,-154764
27739345736,1,7045,scored,perfect,140170
27744349098,12,7046,scored,perfect,-300911
27746348778,6,7047,scored,perfect,294999
27746349228,13,7048,scored,perfect,-356408
27748348583,14,7049,scored,perfect,410526
27758348624,3,7050,scored,perfect,-355568
27764348828,2,7051,scored,perfect,-41325
27770348898,11,7052,scored,perfect,-141719
27770349711,5,7053,scored,perfect,-258799
27775345591,0,7054,scored,perfect,336325
27777345184,9,7055,scored,perfect,510047
27778354687,4,7056,scored,perfect,181307
27780350901,15,7057,scored,perfect,-336287
27785347490,12,7058,scored,perfect,-404822
27786349092,6,7059,scored,perfect,-301937
27787357793,13,7060,scored,perfect,62291
27800345667,8,7061,scored,perfect,352958
27800346462,10,7062,scored,perfect,-529300
27802345331,14,7063,scored,perfect,-422720
27803348253,3,7064,scored,perfect,289997
27803349230,1,7065,scored,perfect,-40932
27809348835,2,7066,scored,perfect,401342
27811348746,5,7067,scored,perfect,-60540
27813345241,11,7068,scored,perfect,-110573
27814346743,7,7069,scored,perfect,478779
27815355251,0,7070,scored,perfect,-165087
27820345964,4,7071,scored,perfect,30149
27820346826,15,7072,scored,perfect,-653652
27821348563,9,7073,scored,perfect,25119
27825345780,12,7074,scored,perfect,-463230
27828349055,13,7075,scored,perfect,374752
27829345515,6,7076,scored,perfect,-62978
27842344403,10,7077,scored,perfect,-34210
27845346968,8,7079,scored,perfect,225723
27845347533,14,7078,scored,perfect,463802
27848346600,1,7080,scored,perfect,92369
27848347090,3,7081,scored,perfect,-235234
27851346755,2,7082,scored,perfect,166924
27851347868,5,7083,scored,perfect,-176610
27853346688,11,7084,scored,perfect,-414079
27859344248,0,7085,scored,perfect,356458
27859344900,7,7086,scored,perfect,-222145
27867345830,12,7087,scored,perfect,215412
27868346641,4,7088,scored,perfect,152221
27882344635,9,7089,scored,perfect,-6806
27885347879,15,7090,scored,perfect,403847
27886346183,8,7091,scored,perfect,220477
27886346698,13,7092,scored,perfect,-510807
27889344301,10,7093,scored,perfect,237612
27889345461,14,7094,scored,perfect,-353047
27891346559,6,7095,scored,perfect,-136225
27892346123,2,7096,scored,perfect,-24765
27892346591,1,7097,scored,perfect,-415370
27895343966,3,7098,scored,perfect,-115520
27895344612,5,7099,scored,perfect,-598321
27896347634,11,7100,scored,perfect,302184
27903344012,7,7101,scored,perfect,395149
27904346060,0,7102,scored,perfect,226242
27908344301,12,7103,scored,perfect,-521381
27909346558,4,7104,scored,perfect,-226152
27926344152,8,7105,scored,perfect,-214963
27928343569,13,7106,scored,perfect,128956
27929346572,9,7107,scored,perfect,-54224
27936346106,2,7108,scored,perfect,361151
27939343974,3,7109,scored,perfect,-338032
27943345890,6,7110,scored,perfect,-245080
27948346104,0,7111,scored,perfect,-249125
27949346478,12,7112,scored,perfect,-413267
27950343451,10,7113,scored,perfect,445121
27950343845,5,7114,scored,perfect,93311
27953347531,1,7115,scored,perfect,-426225
27954343567,14,7116,scored,perfect,302708
27959344836,4,7117,scored,perfect,118343
27965345151,15,7118,scored,perfect,270433
27969346776,13,7119,scored,perfect,-505621
27974345476,8,7120,scored,perfect,552420
27975348591,7,7121,scored,perfect,-350167
27976346081,9,7122,scored,perfect,173924
27980350521,3,7123,scored,perfect,-163900
27982348728,11,7124,scored,perfect,-228254
27983345118,2,7125,scored,perfect,42325
27984349013,6,7126,scored,perfect,-215615
27989350191,0,7127,scored,perfect,-504193
27990349794,12,7128,scored,perfect,-121740
27992345902,10,7129,scored,perfect,509004
27993348702,5,7130,scored,perfect,-173676
28000345722,4,7131,scored,perfect,239983
28000346457,14,7132,scored,perfect,-72392
28004345249,1,7133,scored,perfect,152767
28016354091,8,7134,scored,perfect,557963
28019345529,13,7135,scored,perfect,139703
28025354577,2,7136,scored,perfect,517496
28027349290,9,7137,scored,perfect,92425
28030346954,7,7138,scored,perfect,137579
28033348385,10,7139,scored,perfect,-109649
28035353527,0,7140,scored,perfect,-143379
28037348819,11,7141,scored,perfect,-368328
28039348671,15,7142,scored,perfect,155600
28039349274,5,7143,scored,perfect,-447176
28047350894,3,7144,scored,perfect,-513036
28049348193,6,7145,scored,perfect,553530
28050345308,12,7146,scored,perfect,163633
28051348503,1,7147,scored,perfect,244245
28062347795,13,7148,scored,perfect,218730
28063348680,4,7149,scored,perfect,541563
28066345850,8,7150,scored,perfect,52532
28067348511,2,7151,scored,perfect,193369
28067349054,9,7152,scored,perfect,-92600
28071349695,14,7153,scored,perfect,312272
28073349881,7,7154,scored,perfect,38561
28077345330,10,7155,scored,perfect,-353179
28079350365,0,7156,scored,perfect,223672
28080350002,11,7157,scored,perfect,-415286
28081345702,5,7158,scored,perfect,19180
28084345773,15,7159,scored,perfect,-14514
28091346199,1,7160,scored,perfect,-265026
28093345443,12,7161,scored,perfect,198282
28093345976,6,7162,scored,perfect,4003
28095345392,3,7163,scored,perfect,-27626
28103345498,13,7164,scored,perfect,17016
28104348990,4,7165,scored,perfect,150016
28108344680,8,7166,scored,perfect,-438173
28109349089,9,7167,scored,perfect,-507249
28111348929,2,7168,scored,perfect,-181740
28113349745,14,7169,scored,perfect,290518
28117349164,7,7170,scored,perfect,-184677
28117349975,10,7171,scored,perfect,-394551
28124349975,15,7172,scored,perfect,-456758
28126345414,5,7173,scored,perfect,308657
28126346365,11,7174,scored,perfect,-228675
28131345419,0,7175,scored,perfect,311965
28133351167,1,7176,scored,perfect,-92976
28137348790,3,7177,scored,perfect,-4994
28137349545,6,7178,scored,perfect,-231863
28139348356,12,7179,scored,perfect,93636
28145349355,4,7181,scored,perfect,285106
28145350306,13,7180,scored,perfect,344442
28150345004,8,7182,scored,perfect,-355892
28154346193,9,7183,scored,perfect,7767
28154346858,14,7184,scored,perfect,3963
28156348968,2,7185,scored,perfect,-601430
28160372692,10,7186,scored,perfect,-176609
28161348285,7,7187,scored,perfect,506713
28172349641,15,7188,scored,perfect,-477308
28177345460,1,7189,scored,perfect,425581
28179348112,6,7190,scored,perfect,254760
28183345330,5,7191,scored,perfect,365009
28186348612,11,7192,scored,perfect,396166
28189345883,4,7193,scored,perfect,548582
28191345521,12,7194,scored,perfect,438118
28202348916,13,7195,scored,perfect,90189
28203345968,9,7196,scored,perfect,-573265
28204348531,2,7197,scored,perfect,18078
28206351382,7,7198,scored,perfect,280979
28213345734,8,7199,scored,perfect,235386
28214355785,14,7200,scored,perfect,-384424
28219345968,3,7201,scored,perfect,393815
28220348361,15,7202,scored,perfect,-193491
28226348986,10,7203,scored,perfect,40225
28229348747,6,7204,scored,perfect,4685
28229349293,1,7205,scored,perfect,-291888
28238348563,4,7206,scored,perfect,358069
28239348842,5,7207,scored,perfect,294701
28241347342,12,7208,scored,perfect,406387
28241347734,0,7209,scored,perfect,7795
28244345880,9,7210,scored,perfect,-22506
28245348454,11,7211,scored,perfect,-614767
28248345594,7,7212,scored,perfect,-32140
28251349005,2,7213,scored,perfect,285156
28252349740,13,7214,scored,perfect,335454
28253346155,8,7215,scored,perfect,-275550
28262348721,14,7216,scored,perfect,-37750
28263345753,3,7217,scored,perfect,164315
28264348368,15,7218,scored,perfect,140487
28270350756,1,7219,scored,perfect,-442590
28276349036,6,7220,scored,perfect,-249882
28279345965,5,7221,scored,perfect,-324951
28283345558,12,7222,scored,perfect,-463890
28286348383,4,7223,scored,perfect,515018
28288349090,10,7224,scored,perfect,604667
28288349719,0,7225,scored,perfect,97785
28298349426,9,7226,scored,perfect,391376
28298350077,8,7227,scored,perfect,27551
28306345998,7,7228,scored,perfect,411974
28310347753,2,7229,scored,perfect,73214
28310348815,13,7230,scored,perfect,-307202
28318349683,11,7231,scored,perfect,169853
28322350453,15,7232,scored,perfect,-45326
28325346035,14,7233,scored,perfect,425945
28325347060,12,7234,scored,perfect,-234696
28328345445,0,7235,scored,perfect,-492651
28331348468,5,7236,scored,perfect,-572442
28332349739,1,7237,scored,perfect,200402
28333348967,10,7238,scored,perfect,556879
28342349962,4,7239,scored,perfect,99075
28342350697,9,7240,scored,perfect,29580
28344349760,8,7241,scored,perfect,-253889
28345346257,3,7242,scored,perfect,141330
28351346185,6,7243,scored,perfect,-169652
28355345743,2,7245,scored,perfect,20918
28355346275,7,7244,scored,perfect,70561
28356347039,13,7246,scored,perfect,58149
28358348132,11,7247,scored,perfect,-88640
28363345339,15,7248,scored,perfect,404188
28366345550,14,7249,scored,perfect,-317505
28367348718,12,7250,scored,perfect,-512482
28377355301,10,7251,scored,perfect,18654
28378346866,1,7252,scored,perfect,135666
28379347173,5,7253,scored,perfect,-40479
28380346307,0,7254,scored,perfect,96544
28382345449,9,7255,scored,perfect,-222036
28389349601,4,7256,scored,perfect,403947
28389350562,8,7257,scored,perfect,250044
28389350951,3,7258,scored,perfect,115639
28392348192,6,7259,scored,perfect,494085
28396350597,2,7260,scored,perfect,-176624
28403345843,15,7261,scored,perfect,-283427
28405348795,13,7262,scored,perfect,86443
28406348922,7,7263,scored,perfect,353551
28406349873,11,7264,scored,perfect,-116624
28408345470,14,7265,scored,perfect,-449331
28420348789,1,7266,scored,perfect,178012
28420349519,0,7267,scored,perfect,-96642
28422360155,12,7268,scored,perfect,-97340
28425346065,10,7269,scored,perfect,160508
28429345863,5,7270,scored,perfect,381993
28433346276,8,7271,scored,perfect,317482
28434349050,9,7272,scored,perfect,141955
28436348739,6,7273,scored,perfect,-297415
28443346233,4,7274,scored,perfect,67706
28443347177,2,7275,scored,perfect,-196337
28444349228,3,7276,scored,perfect,537968
28445355914,15,7277,scored,perfect,441959
28447350300,7,7278,scored,perfect,-394471
28449355294,14,7279,scored,perfect,278981
28449355983,13,7280,scored,perfect,-374564
28453348640,11,7281,scored,perfect,390942
28463345399,1,7282,scored,perfect,98333
28465345484,0,7283,scored,perfect,-40390
28466349316,12,7284,scored,perfect,453056
28474348946,5,7285,scored,perfect,153169
28474350010,9,7286,scored,perfect,-213000
28478349406,8,7287,scored,perfect,-443228
28486349356,3,7288,scored,perfect,-98922
28490349389,2,7289,scored,perfect,158255
28492348420,4,7290,scored,perfect,-251832
28497347160,11,7291,scored,perfect,60425
28502345240,7,7292,scored,perfect,525648
28502345983,10,7293,scored,perfect,-187843
28504348904,1,7294,scored,perfect,-164163
28505349154,14,7295,scored,perfect,-372983
28508348657,0,7296,scored,perfect,422666
28513353896,6,7297,scored,perfect,160637
28513355130,12,7298,scored,perfect,-378862
28520345776,5,7299,scored,perfect,-316500
28521348488,13,7300,scored,perfect,110948
28521349156,8,7301,scored,perfect,-304965
28522348749,15,7302,scored,perfect,674
28528348599,3,7303,scored,perfect,438211
28528349199,9,7304,scored,perfect,244577
28530348014,2,7305,scored,perfect,95510
28535347080,4,7306,scored,perfect,-7300
28539345200,11,7307,scored,perfect,486671
28549350100,0,7308,scored,perfect,-279729
28550349326,10,7309,scored,perfect,-22813
28550350094,14,7310,scored,perfect,-133471
28550350491,7,7311,scored,perfect,-541540
28552343822,1,7312,scored,perfect,-487535
28561347714,5,7313,scored,perfect,270490
28561348667,8,7314,scored,perfect,-512881
28566348385,12,7315,scored,perfect,381618
28569346221,9,7316,scored,perfect,-96110
28572348772,6,7317,scored,perfect,-483103
28573348567,15,7318,scored,perfect,285868
28581346192,3,7319,scored,perfect,363925
28581347017,13,7320,scored,perfect,313053
28583348658,4,7321,scored,perfect,-414263
28586349906,2,7322,scored,perfect,183724
28590345409,11,7323,scored,perfect,-31328
28601349351,14,7324,scored,perfect,-114901
28610346889,1,7325,scored,perfect,-130263
28611348780,5,7326,scored,perfect,-33011
28613348083,9,7327,scored,perfect,618445
28616349853,15,7328,scored,perfect,-796
28617345284,0,7329,scored,perfect,519860
28620348786,12,7330,scored,perfect,-501598
28621354384,7,7331,scored,perfect,143967
28622352673,10,7332,scored,perfect,-319610
28623345980,3,7333,scored,perfect,358735
28623346616,8,7334,scored,perfect,-599
28627344959,2,7335,scored,perfect,-238595
28636349288,13,7336,scored,perfect,-470479
28640353876,6,7337,scored,perfect,56475
28640354613,11,7338,scored,perfect,-43252
28645345386,14,7339,scored,perfect,-95708
28648357114,4,7340,scored,perfect,-561819
28651345517,1,7341,scored,perfect,-98873
28661349461,9,7342,scored,perfect,185663
28666344677,15,7343,scored,perfect,-175589
28668346149,8,7344,scored,perfect,28058
28672353889,5,7345,scored,perfect,-357967
28675347407,12,7346,scored,perfect,189332
28680349155,7,7347,scored,perfect,102671
28686349436,10,7348,scored,perfect,417146
28686350057,6,7349,scored,perfect,-424585
28692345167,3,7350,scored,perfect,160739
28693349027,0,7351,scored,perfect,-67862
28694350782,14,7352,scored,perfect,-360699
28695349209,1,7353,scored,perfect,-158648
28696345894,13,7354,scored,perfect,-125405
28698343757,4,7355,scored,perfect,456195
28702344977,11,7356,scored,perfect,647847
28708346111,2,7357,scored,perfect,49589
28711348645,15,7358,scored,perfect,121104
28716346550,5,7359,scored,perfect,-183634
28717348942,8,7360,scored,perfect,-479264
28718349530,12,7361,scored,perfect,62822
28721349189,7,7362,scored,perfect,271611
28721350010,9,7363,scored,perfect,116320
28726346857,10,7364,scored,perfect,-268041
28727345510,6,7365,scored,perfect,-405319
28735348939,14,7366,scored,perfect,-124736
28736349817,0,7367,scored,perfect,537241
28736350574,1,7368,scored,perfect,-398847
28739354088,13,7369,scored,perfect,475237
28742345324,3,7370,scored,perfect,140078
28743348925,4,7371,scored,perfect,-43689
28746348288,11,7372,scored,perfect,168282
28748353516,2,7373,scored,perfect,-126785
28751345889,15,7374,scored,perfect,-287049
28757355126,5,7375,scored,perfect,-19982
28759349498,8,7376,scored,perfect,-70090
28761349587,9,7377,scored,perfect,-233783
28765348674,7,7378,scored,perfect,-371650
28766349322,12,7379,scored,perfect,602490
28769345755,10,7380,scored,perfect,310819
28770348444,6,7381,scored,perfect,-481123
28783348933,0,7382,scored,perfect,149566
28783349836,14,7383,scored,perfect,-503098
28786345802,4,7384,scored,perfect,421152
28786346493,13,7385,scored,perfect,140505
28792348340,1,7386,scored,perfect,-259900
28796349612,15,7387,scored,perfect,100341
28799348485,5,7388,scored,perfect,604124
28799349155,11,7389,scored,perfect,290803
28802349372,8,7390,scored,perfect,672956
28803349232,2,7391,scored,perfect,303539
28810350712,3,7392,scored,perfect,-213008
28811350767,10,7393,scored,perfect,422227
28819345717,7,7394,scored,perfect,80887
28819346435,9,7395,scored,perfect,-482272
28820353904,6,7396,scored,perfect,222154
28820354514,12,7397,scored,perfect,-74926
28827346151,14,7398,scored,perfect,-212287
28831346725,13,7399,scored,perfect,-164732
28838349625,0,7400,scored,perfect,301900
28841345831,4,7401,scored,perfect,-289142
28842348597,11,7402,scored,perfect,208178
28845345619,15,7403,scored,perfect,329660
28848349975,5,7404,scored,perfect,-184669
28856350463,10,7405,scored,perfect,2823
28860346787,1,7406,scored,perfect,-253746
28861346137,6,7407,scored,perfect,-193714
28862346535,7,7408,scored,perfect,-281109
28863343527,12,7409,scored,perfect,98797
28867346222,8,7410,scored,perfect,278035
28867346968,9,7411,scored,perfect,-108846
28868345420,2,7412,scored,perfect,254672
28868346040,14,7413,scored,perfect,-74525
28869346969,3,7414,scored,perfect,175768
28872347576,13,7415,scored,perfect,340344
28886343484,0,7416,scored,perfect,410259
28886344210,11,7417,scored,perfect,9076
28888343525,4,7418,scored,perfect,365117
28888343994,15,7419,scored,perfect,97128
28889346606,5,7420,scored,perfect,236500
28901343471,6,7422,scored,perfect,-289348
28901344064,10,7421,scored,perfect,-49271
28903344461,7,7423,scored,perfect,187304
28904346430,1,7424,scored,perfect,-14021
28906345001,12,7425,scored,perfect,391548
28917343834,14,7426,scored,perfect,-487000
28918350493,2,7427,scored,perfect,-26401
28920348838,9,7428,scored,perfect,-632767
28923343830,3,7430,scored,perfect,-254353
28923344335,13,7429,scored,perfect,-143470
28924346922,8,7431,scored,perfect,535482
28926343593,0,7432,scored,perfect,199366
28928343805,15,7433,scored,perfect,-82287
28928344365,4,7434,scored,perfect,-426966
28930344827,11,7435,scored,perfect,-79438
28931347687,5,7436,scored,perfect,120573
28951345403,6,7437,scored,perfect,127015
28955348251,1,7438,scored,perfect,124795
28959344347,12,7439,scored,perfect,235759
28962343253,10,7440,scored,perfect,117100
28965345143,13,7441,scored,perfect,105390
28966346943,9,7442,scored,perfect,514295
28969344347,8,7443,scored,perfect,360974
28969344848,15,7444,scored,perfect,52693
28970345882,14,7445,scored,perfect,-571247
28972347051,7,7446,scored,perfect,-192315
28974355373,3,7447,scored,perfect,105535
28977344332,11,7448,scored,perfect,302485
28978348378,0,7449,scored,perfect,-298347
28982346791,5,7450,scored,perfect,180566
28988343085,2,7451,scored,perfect,79905
28997347562,6,7452,scored,perfect,59255
29003346688,1,7453,scored,perfect,-301809
29005347544,10,7454,scored,perfect,68784
29007347710,12,7455,scored,perfect,-275315
29010353037,15,7456,scored,perfect,40444
29014344176,4,7457,scored,perfect,537172
29017346084,8,7458,scored,perfect,239040
29022347791,13,7459,scored,perfect,-198586
29026343935,5,7460,scored,perfect,138838
29026344414,0,7461,scored,perfect,-285396
29027345954,14,7462,scored,perfect,102846
29031348579,11,7463,scored,perfect,-307574
29033344116,2,7464,scored,perfect,154655
29034346960,7,7465,scored,perfect,16585
29041343762,3,7466,scored,perfect,545826
29043345033,6,7467,scored,perfect,196717
29045346331,1,7468,scored,perfect,-24302
29046344301,10,7469,scored,perfect,96363
29048343820,12,7470,scored,perfect,304694
29049345907,9,7471,scored,perfect,-440550
29056345020,15,7472,scored,perfect,204032
29057346753,8,7473,scored,perfect,-231204
29058350727,4,7474,scored,perfect,43062
29066344380,13,7475,scored,perfect,199024
29081356223,0,7476,scored,perfect,451897
29087348719,3,7477,scored,perfect,-99652
29090350557,14,7478,scored,perfect,85347
29095349275,12,7479,scored,perfect,-180215
29096345867,11,7480,scored,perfect,113443
29098345981,7,7481,scored,perfect,169949
29098346563,8,7482,scored,perfect,60965
29100349195,4,7483,scored,perfect,425811
29104345368,2,7484,scored,perfect,-14930
29104345847,6,7485,scored,perfect,-324010
29105348221,15,7486,scored,perfect,-297640
29108343941,5,7487,scored,perfect,400370
29111349557,9,7488,scored,perfect,585013
29111350274,10,7489,scored,perfect,99501
29112345585,13,7490,scored,perfect,-286328
29114346000,1,7491,scored,perfect,123782
29131345818,0,7492,scored,perfect,239653
29133349276,14,7493,scored,perfect,458901
29136346136,11,7494,scored,perfect,-281684
29137347264,3,7495,scored,perfect,216656
29142344050,8,7496,scored,perfect,-246457
29146345619,15,7497,scored,perfect,195462
29148344064,2,7498,scored,perfect,242828
29149347434,7,7499,scored,perfect,145170
29154347468,6,7500,scored,perfect,-157593
29155348837,9,7501,scored,perfect,-56752
29156347694,12,7502,scored,perfect,321511
29164347683,10,7503,scored,perfect,300277
29165344671,4,7504,scored,perfect,-81214
29169347242,1,7505,scored,perfect,326774
29170343910,5,7506,scored,perfect,247116
29170344386,13,7507,scored,perfect,-66275
29172350128,0,7508,scored,perfect,476461
29174350062,14,7509,scored,perfect,-93221
29179346780,11,7510,scored,perfect,380290
29182350547,3,7511,scored,perfect,210919
29186349095,8,7512,scored,perfect,566044
29190350130,2,7513,scored,perfect,374992
29194350200,15,7514,scored,perfect,-490180
29198351297,7,7515,scored,perfect,224338
29199346013,6,7516,scored,perfect,461062
29200355492,9,7517,scored,perfect,-249621
29202348758,12,7518,scored,perfect,-306545
29205345472,4,7519,scored,perfect,-354056
29206345427,10,7520,scored,perfect,-592906
29211348202,1,7522,scored,perfect,249042
29211349421,13,7521,scored,perfect,341783
29214345468,14,7523,scored,perfect,-297458
29215348476,5,7524,scored,perfect,197000
29215349025,0,7525,scored,perfect,-117629
29226345427,8,7526,scored,perfect,72304
29238349009,2,7527,scored,perfect,-23581
29246353316,4,7528,scored,perfect,-298826
29247346446,9,7529,scored,perfect,-243841
29248349402,3,7530,scored,perfect,151943
29249349593,10,7531,scored,perfect,400473
29259349818,15,7532,scored,perfect,13449
29263351435,14,7533,scored,perfect,622503
29266348435,5,7534,scored,perfect,-178616
29272360754,1,7535,scored,perfect,234807
29275345493,13,7536,scored,perfect,427444
29275346242,6,7537,scored,perfect,-61213
29280348167,0,7538,scored,perfect,-313882
29283346101,11,7539,scored,perfect,350287
29294349093,4,7540,scored,perfect,122763
29294349954,9,7541,scored,perfect,-78436
29294350459,8,7542,scored,perfect,-164463
29294350832,7,7543,scored,perfect,-404517
29295345905,3,7544,scored,perfect,-107693
29296348383,10,7545,scored,perfect,21774
29301346133,2,7546,scored,perfect,363475
29301347310,12,7547,scored,perfect,-184617
29303346005,14,7548,scored,perfect,171966
29305345634,15,7549,scored,perfect,29373
29308348168,5,7550,scored,perfect,391492
29312350104,1,7551,scored,perfect,-86552
29315346531,13,7552,scored,perfect,328038
29315347423,6,7553,scored,perfect,-180623
29328346643,11,7554,scored,perfect,-94468
29332351551,0,7555,scored,perfect,60204
29336349370,7,7556,scored,perfect,-283111
29346345063,10,7557,scored,perfect,138197
29347351763,8,7558,scored,perfect,-222071
29348343897,9,7560,scored,perfect,211519
29348344491,15,7559,scored,perfect,360289
29349347275,14,7561,scored,perfect,-306211
29355345028,4,7562,scored,perfect,-55158
29356347795,2,7563,scored,perfect,-349544
29361346786,12,7564,scored,perfect,-507945
29362346452,6,7565,scored,perfect,-174517
29363348200,3,7566,scored,perfect,1965
29366345585,5,7567,scored,perfect,-44910
29367346827,1,7568,scored,perfect,-385788
29377345857,7,7569,scored,perfect,455378
29386346751,11,7570,scored,perfect,-305097
29389343581,13,7571,scored,perfect,451756
29389344005,10,7572,scored,perfect,-206105
29391346351,9,7573,scored,perfect,-267584
29392346228,15,7574,scored,perfect,139656
29395345274,8,7575,scored,perfect,-446875
29401346631,4,7576,scored,perfect,155887
29408346395,5,7577,scored,perfect,-505158
29414346976,12,7578,scored,perfect,75623
29415344755,2,7579,scored,perfect,-46422
29422345370,6,7580,scored,perfect,375422
29424346080,3,7581,scored,perfect,377825
29424346536,7,7582,scored,perfect,210660
29428348762,0,7583,scored,perfect,-135349
29428349350,14,7584,scored,perfect,-208067
29430344484,1,7585,scored,perfect,-371756
29431344827,10,7586,scored,perfect,-314010
29432346888,9,7587,scored,perfect,-204223
29433345787,11,7588,scored,perfect,-385345
29435346881,13,7589,scored,perfect,-275487
29437351194,8,7590,scored,perfect,18012
29438344585,15,7591,scored,perfect,-230548
29442343475,4,7592,scored,perfect,-368169
29449346806,5,7593,scored,perfect,24332
29455344635,12,7594,scored,perfect,518409
29462346911,6,7595,scored,perfect,204769
29464346902,3,7596,scored,perfect,295808
29466344332,7,7597,scored,perfect,277005
29466344785,2,7598,scored,perfect,-328787
29473351035,1,7599,scored,perfect,324794
29474349759,0,7600,scored,perfect,669426
29476346146,9,7601,scored,perfect,-183178
29479345941,13,7602,scored,perfect,-823
29480344705,15,7603,scored,perfect,123800
29490347888,14,7604,scored,perfect,242645
29490348569,10,7605,scored,perfect,-388110
29491344578,4,7606,scored,perfect,198305
29494346497,11,7607,scored,perfect,365881
29495347389,8,7608,scored,perfect,-380428
29497346889,12,7609,scored,perfect,-463864
29499348085,5,7610,scored,perfect,126315
29503343991,6,7611,scored,perfect,-308687
29504345564,3,7612,scored,perfect,-67408
29509344583,7,7613,scored,perfect,3427
29510352739,2,7614,scored,perfect,85552
29515346133,1,7615,scored,perfect,160192
29518345570,9,7616,scored,perfect,225504
29522345764,0,7617,scored,perfect,2722
29522347466,15,7618,scored,perfect,-474563
29523346481,13,7619,scored,perfect,-21634
29532348061,10,7621,scored,perfect,82114
29532348923,14,7620,scored,perfect,280969
29533344648,4,7622,scored,perfect,362070
29534352476,11,7623,scored,perfect,229896
29540346720,5,7624,scored,perfect,-94960
29542347560,12,7625,scored,perfect,181614
29543347703,8,7626,scored,perfect,134524
29544347560,6,7627,scored,perfect,380364
29549346959,3,7628,scored,perfect,-31946
29552345670,7,7629,scored,perfect,-100746
29553347811,2,7630,scored,perfect,-503722
29559346308,9,7631,scored,perfect,-135145
29561351340,1,7632,scored,perfect,176853
29573346418,10,7633,scored,perfect,339635
29578345032,13,7634,scored,perfect,-340477
29585347514,6,7635,scored,perfect,37880
29590347246,12,7636,scored,perfect,15359
29591344485,14,7637,scored,perfect,-56451
29591344948,5,7638,scored,perfect,-392391
29592348826,4,7639,scored,perfect,107554
29595349006,0,7640,scored,perfect,-255102
29598347801,11,7641,scored,perfect,215202
29598348376,8,7642,scored,perfect,51582
29599347671,15,7643,scored,perfect,71430
29600343463,2,7644,scored,perfect,236225
29602345989,9,7645,scored,perfect,24895
29604350489,7,7646,scored,perfect,-95603
29606344987,1,7647,scored,perfect,59938
29608343319,3,7648,scored,perfect,-17048
29614344271,10,7649,scored,perfect,509597
29619345285,13,7650,scored,perfect,483684
29628344873,6,7651,scored,perfect,-72814
29637347010,14,7652,scored,perfect,43357
29641345916,0,7653,scored,perfect,-168016
29652345099,3,7654,scored,perfect,-28023
29657344910,7,7656,scored,perfect,181483
29657345710,10,7655,scored,perfect,213316
29660348061,1,7657,scored,perfect,-333726
29662347473,5,7658,scored,perfect,-275538
29663343377,11,7659,scored,perfect,-426324
29669346670,4,7660,scored,perfect,52556
29671345923,2,7661,scored,perfect,95414
29673346536,6,7662,scored,perfect,207036
29675345652,8,7663,scored,perfect,-467915
29679346846,13,7664,scored,perfect,-192156
29680344546,14,7665,scored,perfect,311606
29681351258,0,7666,scored,perfect,-609664
29684343335,9,7667,scored,perfect,88733
29685350267,12,7668,scored,perfect,181165
29688344089,15,7669,scored,perfect,213756
29696354165,3,7670,scored,perfect,300500
29697346138,10,7671,scored,perfect,131026
29697348130,7,7672,scored,perfect,-290071
29701343721,1,7673,scored,perfect,334389
29702348847,5,7674,scored,perfect,-323245
29705344954,11,7675,scored,perfect,-236782
29711346485,2,7676,scored,perfect,-70872
29712343509,4,7677,scored,perfect,-3852
29717346714,6,7678,scored,perfect,269613
29723346483,14,7679,scored,perfect,258013
29727347727,12,7680,scored,perfect,199423
29728343963,13,7681,scored,perfect,-156979
29730345856,0,7682,scored,perfect,-227603
29734344894,15,7683,scored,perfect,382813
29734345635,9,7684,scored,perfect,-179993
29738344925,3,7685,scored,perfect,307788
29740343954,7,7686,scored,perfect,317411
29747350569,8,7687,scored,perfect,394290
29754346352,10,7688,scored,perfect,-258573
29761346017,4,7689,scored,perfect,295560
29765347126,1,7690,scored,perfect,339684
29765347753,5,7691,scored,perfect,-176505
29766344605,11,7692,scored,perfect,412113
29767346743,14,7693,scored,perfect,46997
29773346233,13,7694,scored,perfect,438374
29773346742,0,7695,scored,perfect,-158036
29775343192,12,7696,scored,perfect,459019
29775343630,9,7697,scored,perfect,-313047
29778344926,2,7698,scored,perfect,-390880
29780354206,7,7699,scored,perfect,-159029
29781344575,6,7700,scored,perfect,342339
29781345448,15,7701,scored,perfect,-166931
29781345865,3,7702,scored,perfect,-352690
29787345418,8,7703,scored,perfect,-212015
29795344206,10,7704,scored,perfect,449362
29802348422,4,7705,scored,perfect,121005
29807346978,14,7706,scored,perfect,-233909
29812353498,11,7707,scored,perfect,104844
29813344153,1,7708,scored,perfect,-246100
29814346730,0,7709,scored,perfect,289506
29816349676,5,7710,scored,perfect,159784
29817343882,9,7711,scored,perfect,-515770
29821343430,3,7712,scored,perfect,-376224
29825344475,2,7713,scored,perfect,207558
29825345105,7,7714,scored,perfect,-353812
29830348884,13,7715,scored,perfect,-10565
29830349444,15,7716,scored,perfect,-20338
29833343636,6,7717,scored,perfect,601682
29833344090,8,7718,scored,perfect,561890
29833344511,12,7719,scored,perfect,81335
29839344662,10,7720,scored,perfect,497033
29846344453,4,7721,scored,perfect,99483
29850344639,14,7722,scored,perfect,390264
29854346814,0,7723,scored,perfect,129615
29856347501,11,7724,scored,perfect,-527211
29864343969,1,7726,scored,perfect,-33879
29864344536,5,7725,scored,perfect,6483
29867347522,7,7727,scored,perfect,-150588
29871346738,9,7728,scored,perfect,55661
29876349139,12,7729,scored,perfect,297486
29876349904,6,7730,scored,perfect,-45186
29882346574,10,7731,scored,perfect,161797
29886346955,8,7732,scored,perfect,76240
29892343313,2,7733,scored,perfect,141478
29897348985,11,7734,scored,perfect,-43158
29901345069,3,7735,scored,perfect,300866
29902347141,15,7736,scored,perfect,316687
29902347618,14,7737,scored,perfect,163060
29911343217,0,7738,scored,perfect,-348167
29914345227,4,7739,scored,perfect,375027
29916354216,1,7740,scored,perfect,303228
29920346164,7,7741,scored,perfect,-195406
29924346430,12,7742,scored,perfect,427886
29924347117,9,7743,scored,perfect,-440988
29926343993,5,7744,scored,perfect,-58351
29927346613,8,7746,scored,perfect,361551
29927347200,10,7745,scored,perfect,380473
29936343754,6,7747,scored,perfect,-505901
29938344600,2,7748,scored,perfect,133708
29945346748,13,7749,scored,perfect,196707
29946343530,15,7750,scored,perfect,-129559
29948343354,11,7751,scored,perfect,318448
29949351324,3,7752,scored,perfect,-110728
29953344869,14,7753,scored,perfect,235941
29956344957,4,7754,scored,perfect,-308987
29958344690,1,7755,scored,perfect,198853
29961346486,0,7756,scored,perfect,135078
29965344649,12,7757,scored,perfect,48978
29969344178,9,7758,scored,perfect,423404
29969344833,5,7759,scored,perfect,-256603
29970346479,7,7760,scored,perfect,-640651
29974346707,8,7761,scored,perfect,623925
29976345218,10,7762,scored,perfect,-112172
29977349702,6,7763,scored,perfect,-276283
29982344594,2,7764,scored,perfect,-260760
29991346113,13,7765,scored,perfect,536379
29991346703,11,7766,scored,perfect,56555
29994349270,3,7767,scored,perfect,-180653
30004343833,14,7768,scored,perfect,-135794
30008343617,15,7769,scored,perfect,527836
30009346778,9,7770,scored,perfect,-277075
30010347300,4,7771,scored,perfect,562226
30010348926,12,7772,scored,perfect,-379890
30012349006,5,7773,scored,perfect,177823
30017346542,0,7774,scored,perfect,-314490
30031346295,1,7775,scored,perfect,104644
30031347326,2,7776,scored,perfect,6401
30033346272,13,7777,scored,perfect,-278101
30034345265,10,7778,scored,perfect,30450
30037348795,7,7779,scored,perfect,145749
30038348629,11,7780,scored,perfect,92888
30041346861,6,7781,scored,perfect,107903
30044343732,14,7782,scored,perfect,-421253
30045345925,3,7783,scored,perfect,-272163
30047349258,8,7784,scored,perfect,322448
30048344694,15,7785,scored,perfect,-180479
30051343801,12,7786,scored,perfect,-43706
30058347187,0,7787,scored,perfect,-234118
30059346288,5,7788,scored,perfect,-222252
30061343549,9,7789,scored,perfect,-176853
30063346111,4,7790,scored,perfect,-260029
30073346371,2,7791,scored,perfect,90408
30073347013,13,7792,scored,perfect,-288067
30074347056,1,7793,scored,perfect,301505
30074347628,10,7794,scored,perfect,-462084
30078346711,7,7795,scored,perfect,-470717
30081343942,11,7796,scored,perfect,-194311
30083343500,6,7797,scored,perfect,365576
30086347213,14,7798,scored,perfect,242669
30087347094,3,7799,scored,perfect,359667
30089345955,8,7800,scored,perfect,488218
30089346658,15,7801,scored,perfect,61433
30094348226,12,7802,scored,perfect,11536
30099347331,0,7803,scored,perfect,263668
30102346942,5,7804,scored,perfect,425970
30102347450,9,7805,scored,perfect,339429
30105344487,4,7806,scored,perfect,-461565
30119347468,13,7807,scored,perfect,-138376
30125343772,2,7808,scored,perfect,-181522
30127343426,14,7809,scored,perfect,-60908
30128346195,6,7810,scored,perfect,-118381
30130347294,7,7811,scored,perfect,536025
30130348087,1,7812,scored,perfect,-175452
30132346925,10,7813,scored,perfect,86508
30133344158,11,7814,scored,perfect,175267
30133344672,8,7815,scored,perfect,-502688
30135348195,3,7816,scored,perfect,-376922
30139348847,12,7817,scored,perfect,113305
30142345472,15,7818,scored,perfect,337109
30142346022,0,7819,scored,perfect,-644144
30143348914,5,7820,scored,perfect,-54096
30143349482,9,7821,scored,perfect,-353618
30146343686,4,7822,scored,perfect,265959
30161346485,13,7823,scored,perfect,207784
30166347147,2,7824,scored,perfect,538510
30169344813,14,7825,scored,perfect,284992
30172347972,10,7826,scored,perfect,-112411
30175345936,1,7827,scored,perfect,64929
30178348258,8,7828,scored,perfect,-317350
30181345015,6,7829,scored,perfect,-482041
30183343947,7,7830,scored,perfect,201121
30184357170,3,7831,scored,perfect,-373811
30187347403,5,7832,scored,perfect,-107237
30189375729,4,7833,scored,perfect,-546221
30197423423,9,7834,scored,perfect,-387391
30198357483,0,7835,scored,perfect,-248963
30203351724,15,7836,scored,perfect,-514574
30205348678,12,7837,scored,perfect,-130992
30208353755,13,7838,scored,perfect,-191517
30211351043,2,7839,scored,perfect,540606
30211352040,14,7840,scored,perfect,-116339
30214353742,11,7841,scored,perfect,251107
30214354826,10,7842,scored,perfect,-318691
30224350758,1,7843,scored,perfect,388656
30225345077,6,7844,scored,perfect,425610
30226423841,3,7845,scored,perfect,92429
30228350698,8,7846,scored,perfect,102352
30228356101,5,7847,scored,perfect,-420803
30228356818,7,7848,scored,perfect,-425872
30232348519,4,7849,scored,perfect,-367609
30238354856,9,7850,scored,perfect,-73794
30242351736,0,7851,scored,perfect,-583345
30245369993,15,7852,scored,perfect,-284060
30253349786,13,7853,scored,perfect,134611
30254348982,12,7854,scored,perfect,-189060
30255350693,11,7855,scored,perfect,-269186
30257348727,10,7856,scored,perfect,-251890
30258343437,14,7857,scored,perfect,-300560
30262346843,2,7858,scored,perfect,213391
30268345642,8,7859,scored,perfect,52265
30270347995,1,7860,scored,perfect,-484640
30273343359,4,7861,scored,perfect,-137691
30274348355,6,7862,scored,perfect,285611
30278348342,3,7863,scored,perfect,-404530
30285347211,0,7864,scored,perfect,15212
30286343516,9,7865,scored,perfect,438026
30294344293,13,7866,scored,perfect,-23292
30295347539,15,7867,scored,perfect,-404483
30297345192,12,7868,scored,perfect,452852
30297345798,7,7869,scored,perfect,423860
30298342903,5,7870,scored,perfect,-93931
30301345097,10,7871,scored,perfect,-279818
30303347924,14,7872,scored,perfect,279585
30308343584,11,7873,scored,perfect,579883
30308344228,2,7874,scored,perfect,-205535
30309346304,8,7875,scored,perfect,-91149
30314343252,4,7876,scored,perfect,-42747
30316347044,1,7877,scored,perfect,387842
30317343141,6,7878,scored,perfect,348397
30319344696,3,7879,scored,perfect,423318
30328350056,0,7880,scored,perfect,324193
30330345753,9,7881,scored,perfect,464617
30334343146,13,7882,scored,perfect,-138845
30337350692,15,7883,scored,perfect,307769
30338345426,7,7884,scored,perfect,398171
30342343432,5,7885,scored,perfect,296802
30345347103,12,7886,scored,perfect,-326007
30352343158,10,7887,scored,perfect,-250178
30353347864,2,7888,scored,perfect,350116
30354343223,11,7889,scored,perfect,143623
30356345035,1,7890,scored,perfect,360086
30358343559,6,7891,scored,perfect,28850
30363343070,8,7892,scored,perfect,-324665
30371343522,0,7893,scored,perfect,-389219
30372344730,3,7894,scored,perfect,-138792
30375343633,9,7895,scored,perfect,194139
30375344315,4,7896,scored,perfect,-69504
30375344743,13,7897,scored,perfect,-419544
30379345075,7,7898,scored,perfect,192992
30380343455,14,7899,scored,perfect,150741
30381344174,15,7900,scored,perfect,331080
30383348901,5,7901,scored,perfect,-173665
30391349301,12,7902,scored,perfect,-36713
30393345278,2,7903,scored,perfect,-290186
30393345765,10,7904,scored,perfect,-414469
30395349103,11,7905,scored,perfect,-424904
30397345528,1,7906,scored,perfect,5058
30398343087,6,7907,scored,perfect,-289076
30403345323,8,7908,scored,perfect,-435018
30412347243,0,7909,scored,perfect,240626
30418344246,9,7910,scored,perfect,-164050
30420349335,4,7911,scored,perfect,197115
30420350023,7,7912,scored,perfect,-417194
30423342917,15,7913,scored,perfect,-110923
30428349787,3,7914,scored,perfect,-456549
30431344158,5,7915,scored,perfect,-364122
30434344452,12,7916,scored,perfect,-113808
30437347405,14,7917,scored,perfect,162974
30438344173,2,7918,scored,perfect,456829
30443343667,13,7919,scored,perfect,5565
30451343322,11,7920,scored,perfect,-331624
30456344113,10,7921,scored,perfect,-77518
30460345054,1,7922,scored,perfect,558695
30460347460,9,7923,scored,perfect,6889
30463343133,0,7924,scored,perfect,22922
30466348541,7,7925,scored,perfect,-162446
30467343166,15,7926,scored,perfect,396654
30467343673,6,7927,scored,perfect,-584479
30468346132,4,7928,scored,perfect,180246
30468347249,8,7929,scored,perfect,130489
30469343718,3,7930,scored,perfect,480144
30474348418,5,7931,scored,perfect,191043
30476343552,12,7932,scored,perfect,-93322
30479343225,14,7933,scored,perfect,-254484
30482349805,2,7934,scored,perfect,-239778
30484343987,13,7935,scored,perfect,349592
30492343826,11,7936,scored,perfect,-55326
30498342933,10,7937,scored,perfect,377616
30501344152,1,7938,scored,perfect,24139
30503348489,0,7940,scored,perfect,-93060
30503349008,9,7939,scored,perfect,135498
30507347563,7,7941,scored,perfect,-340197
30511342882,3,7942,scored,perfect,114162
30516347289,6,7943,scored,perfect,-52333
30521344259,15,7944,scored,perfect,22147
30522345886,4,7945,scored,perfect,-219276
30524347330,2,7946,scored,perfect,383771
30526343354,5,7947,scored,perfect,288793
30528348623,14,7948,scored,perfect,-49631
30529343594,8,7949,scored,perfect,215545
30530345049,12,7950,scored,perfect,377356
30530345520,13,7951,scored,perfect,-25974
30532347689,11,7952,scored,perfect,-342762
30540343459,10,7953,scored,perfect,-353353
30542343631,1,7954,scored,perfect,-423482
30546343816,0,7955,scored,perfect,98378
30549347505,7,7956,scored,perfect,549038
30549348151,9,7957,scored,perfect,-427666
30551342779,3,7958,scored,perfect,72044
30558343979,6,7959,scored,perfect,159958
30562345139,15,7960,scored,perfect,-85528
30563342967,4,7961,scored,perfect,-186850
30566347999,5,7962,scored,perfect,-20253
30568346658,14,7963,scored,perfect,-57616
30570347677,2,7964,scored,perfect,199811
30570348236,13,7965,scored,perfect,-295130
30573343730,8,7966,scored,perfect,328330
30579343308,11,7967,scored,perfect,-85370
30580345480,12,7968,scored,perfect,100716
30581345318,10,7969,scored,perfect,-31292
30586342954,1,7970,scored,perfect,286734
30590344703,7,7971,scored,perfect,215707
30594343431,3,7972,scored,perfect,64893
30594344076,9,7973,scored,perfect,-165899
30595346956,0,7974,scored,perfect,-504084
30603349212,6,7975,scored,perfect,307817
30604343044,15,7976,scored,perfect,362419
30606345915,4,7977,scored,perfect,-399578
30611346450,13,7978,scored,perfect,105360
30611347199,2,7979,scored,perfect,-464164
30613343141,5,7980,scored,perfect,-68889
30614346000,14,7981,scored,perfect,-392744
30615346660,8,7982,scored,perfect,378122
30622347587,11,7983,scored,perfect,429152
30623346941,10,7984,scored,perfect,214260
30624347059,12,7985,scored,perfect,273876
30630347266,7,7986,scored,perfect,209938
30631346544,1,7987,scored,perfect,178875
30634344022,3,7988,scored,perfect,-81092
30637349692,0,7989,scored,perfect,395355
30637350477,9,7990,scored,perfect,293414
30644347504,15,7991,scored,perfect,-419742
30648346830,6,7992,scored,perfect,327815
30648347612,4,7993,scored,perfect,20509
30654344777,2,7994,scored,perfect,200315
30654345535,13,7995,scored,perfect,-293515
30659343344,14,7996,scored,perfect,-102435
30663343811,11,7997,scored,perfect,360906
30663344612,10,7998,scored,perfect,-187515
30665346219,12,7999,scored,perfect,130071
30670348115,7,8000,scored,perfect,175447
30672352871,5,8001,scored,perfect,136275
30672355884,8,8002,scored,perfect,-330968
30680344750,3,8003,scored,perfect,-374966
30681344698,9,8004,scored,perfect,125591
30682349143,1,8005,scored,perfect,-248624
30684343136,0,8006,scored,perfect,112488
30687343336,15,8007,scored,perfect,295210
30691347771,4,8008,scored,perfect,499308
30694343339,2,8009,scored,perfect,60198
30695347598,6,8010,scored,perfect,-617354
30697345997,13,8011,scored,perfect,510167
30701343275,14,8012,scored,perfect,233214
30704343229,11,8013,scored,perfect,-254998
30706343302,12,8014,scored,perfect,304692
30706343783,10,8015,scored,perfect,91404
30714343518,5,8016,scored,perfect,-299343
30723343155,1,8017,scored,perfect,-12054
30728349282,7,8018,scored,perfect,165418
30732347923,3,8019,scored,perfect,185281
30735475217,8,8020,scored,perfect,478236
30735477062,4,8021,scored,perfect,139595
30741347663,0,8022,scored,perfect,-364021
30742346917,14,8023,scored,perfect,299564
30744344285,13,8024,scored,perfect,-472628
30746343385,12,8025,scored,perfect,22862
30747344444,6,8026,scored,perfect,120245
30750342375,10,8027,scored,perfect,-41635
30753343880,2,8028,scored,perfect,406696
30756344144,15,8029,scored,perfect,-79390
30759343284,5,8030,scored,perfect,307811
30760350920,9,8031,scored,perfect,110209
30760351494,11,8032,scored,perfect,-3188
30769346530,7,8033,scored,perfect,444694
30776345494,8,8034,scored,perfect,-341735
30780345385,1,8035,scored,perfect,-101080
30781346650,4,8036,scored,perfect,362420
30782346253,3,8037,scored,perfect,26720
30782346719,14,8038,scored,perfect,-97620
30782347117,0,8039,scored,perfect,-229249
30786345698,12,8040,scored,perfect,-239131
30786346352,13,8041,scored,perfect,-377744
30791343285,6,8042,scored,perfect,-328525
30792342860,10,8043,scored,perfect,199244
30794345898,2,8044,scored,perfect,536190
30804349661,9,8045,scored,perfect,-72611
30805347551,11,8046,scored,perfect,531473
30805348266,15,8047,scored,perfect,357635
30805349053,5,8048,scored,perfect,-320950
30810347332,7,8049,scored,perfect,26982
30819346941,8,8050,scored,perfect,473895
30822347816,14,8051,scored,perfect,-494993
30824345505,0,8052,scored,perfect,422749
30826345493,4,8053,scored,perfect,-34943
30828345248,1,8054,scored,perfect,-253470
30838343288,12,8055,scored,perfect,10515
30839346790,10,8056,scored,perfect,67245
30841343190,2,8057,scored,perfect,-103344
30842343311,6,8058,scored,perfect,437382
30849345473,13,8059,scored,perfect,-78399
30858344161,7,8060,scored,perfect,-330680
30860349791,8,8061,scored,perfect,-105983
30862343735,9,8062,scored,perfect,172554
30863343479,11,8063,scored,perfect,354846
30864346096,0,8064,scored,perfect,-128063
30865346765,14,8065,scored,perfect,86812
30868346528,5,8066,scored,perfect,-234407
30872346405,1,8067,scored,perfect,270838
30872347119,15,8068,scored,perfect,-314433
30879345152,3,8069,scored,perfect,-23959
30879346172,12,8070,scored,perfect,-214735
30880342987,4,8071,scored,perfect,-217009
30890346669,10,8072,scored,perfect,-207999
30891342935,6,8073,scored,perfect,-100245
30899345607,7,8074,scored,perfect,229720
30902345893,8,8075,scored,perfect,364937
30904343452,2,8076,scored,perfect,89941
30904344099,13,8077,scored,perfect,8221
30904344632,9,8078,scored,perfect,-203431
30908346082,0,8079,scored,perfect,326182
30909343403,11,8081,scored,perfect,-276590
30909344090,14,8080,scored,perfect,26444
30914346881,5,8083,scored,perfect,-466527
30914347845,15,8082,scored,perfect,-360763
30915346682,1,8084,scored,perfect,76830
30920343120,12,8085,scored,perfect,-49116
30921343406,3,8086,scored,perfect,174901
30923346635,4,8087,scored,perfect,-218331
30931346371,10,8088,scored,perfect,-50072
30935347708,6,8089,scored,perfect,-34563
30943347580,8,8090,scored,perfect,-253154
30944347617,7,8091,scored,perfect,28547
30948346428,2,8092,scored,perfect,-107478
30950343810,14,8093,scored,perfect,-114224
30952346590,11,8095,scored,perfect,395535
30952348239,13,8094,scored,perfect,637299
30958343087,9,8096,scored,perfect,363186
30961344887,5,8097,scored,perfect,261682
30961345714,1,8098,scored,perfect,-155172
30964344247,12,8099,scored,perfect,456318
30964344843,0,8100,scored,perfect,-33897
30969345167,3,8101,scored,perfect,-342088
30980345390,10,8102,scored,perfect,407718
30981345099,15,8103,scored,perfect,228499
30981345721,6,8104,scored,perfect,-174219
30981346330,4,8105,scored,perfect,-406092
30985346263,7,8106,scored,perfect,401968
30987344546,8,8107,scored,perfect,67623
30989345247,2,8108,scored,perfect,-580015
30991343223,14,8109,scored,perfect,7777
30996344754,13,8110,scored,perfect,-93826
30998343732,11,8111,scored,perfect,-5893
30999344572,9,8112,scored,perfect,-148775
31002343786,5,8113,scored,perfect,-2535
31007345303,1,8114,scored,perfect,61042
31008343319,0,8115,scored,perfect,-5775
31017343345,3,8116,scored,perfect,-492785
31027344196,7,8117,scored,perfect,134227
31028344606,12,8118,scored,perfect,404122
31028345059,15,8119,scored,perfect,-298907
31033343334,10,8120,scored,perfect,110932
31034342847,6,8121,scored,perfect,-79666
31034343957,14,8122,scored,perfect,-141830
31037342955,8,8123,scored,perfect,-233040
31039344691,4,8124,scored,perfect,332909
31041344864,13,8125,scored,perfect,-148687
31044344708,9,8126,scored,perfect,-69121
31056344897,2,8127,scored,perfect,-165598
31063345150,1,8128,scored,perfect,278680
31064344069,3,8129,scored,perfect,484718
31065344410,11,8130,scored,perfect,-315055
31066343889,0,8131,scored,perfect,97483
31069344042,12,8132,scored,perfect,-49204
31072346075,5,8133,scored,perfect,312436
31073343059,7,8134,scored,perfect,-175313
31074344089,10,8135,scored,perfect,-424216
31077345581,14,8136,scored,perfect,-411730
31078343911,6,8137,scored,perfect,-110693
31081345344,8,8138,scored,perfect,-206998
31081345992,15,8139,scored,perfect,-340760
31082344487,13,8140,scored,perfect,-175030
31093344841,9,8141,scored,perfect,-279584
31094343730,4,8142,scored,perfect,-413827
31096343016,2,8143,scored,perfect,-249553
31106344558,11,8144,scored,perfect,-626225
31108343176,0,8145,scored,perfect,374425
31110346746,12,8146,scored,perfect,9254
31112344646,3,8147,scored,perfect,-410797
31116343567,10,8148,scored,perfect,-179163
31118345294,14,8149,scored,perfect,-295386
31120343236,6,8150,scored,perfect,-345901
31121344301,1,8151,scored,perfect,-2521
31124345947,13,8152,scored,perfect,-29266
31125342764,8,8153,scored,perfect,-60633
31125343561,5,8154,scored,perfect,-198089
31125344238,7,8155,scored,perfect,-461695
31127344202,15,8156,scored,perfect,-398633
31136344217,4,8157,scored,perfect,419350
31136344899,9,8158,scored,perfect,-307197
31142343294,2,8159,scored,perfect,190379
31147346704,11,8160,scored,perfect,199086
31151344851,12,8161,scored,perfect,18002
31155344914,0,8162,scored,perfect,343103
31158344122,3,8163,scored,perfect,348539
31158344651,10,8164,scored,perfect,-153090
31161343575,14,8165,scored,perfect,-441483
31165344247,1,8166,scored,perfect,211686
31168346954,7,8167,scored,perfect,229032
31169344518,6,8168,scored,perfect,-51468
31170342775,5,8169,scored,perfect,462969
31170343307,13,8170,scored,perfect,-507765
31171343299,8,8171,scored,perfect,58825
31172345876,15,8172,scored,perfect,351286
31178344740,4,8173,scored,perfect,-226043
31181345098,9,8174,scored,perfect,-202383
31183342743,2,8175,scored,perfect,528113
31191343298,12,8176,scored,perfect,-269586
31194347076,11,8177,scored,perfect,-417446
31200343283,0,8178,scored,perfect,410154
31204344719,3,8179,scored,perfect,168755
31204345365,10,8180,scored,perfect,167109
31204345867,14,8181,scored,perfect,-110156
31208343663,1,8182,scored,perfect,193777
31208344184,7,8183,scored,perfect,-377661
31209342577,6,8184,scored,perfect,-97397
31212343992,13,8185,scored,perfect,140767
31213342680,5,8186,scored,perfect,322547
31217342734,8,8187,scored,perfect,269559
31218345503,15,8188,scored,perfect,-222220
31220344336,4,8189,scored,perfect,-19965
31223342893,9,8190,scored,perfect,77118
31225344701,2,8191,scored,perfect,508296
31233343192,12,8192,scored,perfect,457306
31236344433,11,8193,scored,perfect,-81506
31247346384,14,8194,scored,perfect,110151
31248344474,10,8195,scored,perfect,-108748
31251344751,0,8196,scored,perfect,-230397
31255345268,6,8197,scored,perfect,637263
31255345963,3,8198,scored,perfect,521936
31257344692,7,8199,scored,perfect,-318138
31261344145,13,8200,scored,perfect,274614
31261344870,8,8201,scored,perfect,-444448
31263345066,5,8202,scored,perfect,-77890
31266344532,1,8203,scored,perfect,484149
31267343189,15,8204,scored,perfect,86539
31268345634,9,8205,scored,perfect,-227918
31269344259,4,8206,scored,perfect,-411092
31281345378,2,8207,scored,perfect,128347
31283344163,12,8208,scored,perfect,225111
31283344749,11,8209,scored,perfect,-234830
31289345057,10,8210,scored,perfect,178994
31292343546,14,8211,scored,perfect,-159494
31295344816,0,8212,scored,perfect,-494306
31296342637,6,8213,scored,perfect,94394
31298342842,7,8214,scored,perfect,223548
31299343811,3,8215,scored,perfect,-358574
31302344642,13,8216,scored,perfect,-158123
31305347258,8,8217,scored,perfect,-425821
31308342944,5,8218,scored,perfect,150267
31309342484,1,8219,scored,perfect,171425
31312343797,9,8220,scored,perfect,-148390
31313342355,15,8221,scored,perfect,309302
31321343608,2,8222,scored,perfect,-278199
31323343827,11,8223,scored,perfect,-331546
31326345010,4,8225,scored,perfect,260913
31326346145,12,8224,scored,perfect,354522
31330346594,10,8226,scored,perfect,-128937
31333343310,14,8227,scored,perfect,-369884
31337350951,0,8228,scored,perfect,284823
31339346071,6,8229,scored,perfect,498344
31340344597,3,8230,scored,perfect,-172602
31343345428,13,8231,scored,perfect,-87233
31345343421,7,8232,scored,perfect,190055
31348343317,8,8233,scored,perfect,392060
31352343805,1,8234,scored,perfect,246275
31358344508,15,8235,scored,perfect,301531
31363343550,11,8236,scored,perfect,-349315
31372346610,4,8237,scored,perfect,-259904
31373344660,2,8238,scored,perfect,360124
31375343475,9,8239,scored,perfect,-552383
31377344148,5,8241,scored,perfect,383483
31377344802,14,8240,scored,perfect,540465
31380343755,10,8242,scored,perfect,132402
31382349161,6,8243,scored,perfect,123964
31391346109,7,8244,scored,perfect,-176261
31394346873,3,8245,scored,perfect,207187
31394347567,8,8246,scored,perfect,-49861
31396343057,1,8247,scored,perfect,297113
31397345400,13,8248,scored,perfect,545112
31398342930,12,8249,scored,perfect,274164
31401344295,15,8250,scored,perfect,416451
31403344487,0,8251,scored,perfect,156034
31406343489,11,8252,scored,perfect,161381
31416342813,4,8254,scored,perfect,-345254
31416343465,9,8253,scored,perfect,-204760
31419344688,5,8255,scored,perfect,447513
31430347726,10,8256,scored,perfect,-267720
31432343924,7,8257,scored,perfect,-275474
31435347496,8,8258,scored,perfect,-306837
31436343360,6,8259,scored,perfect,444914
31439344036,14,8260,scored,perfect,335876
31439344739,3,8261,scored,perfect,-467682
31447345408,2,8262,scored,perfect,483307
31447346698,12,8263,scored,perfect,128378
31448343731,15,8264,scored,perfect,10538
31451342697,1,8265,scored,perfect,397725
31455347723,11,8266,scored,perfect,108391
31460347778,5,8267,scored,perfect,75137
31462344638,13,8268,scored,perfect,-69140
31464345164,0,8269,scored,perfect,500687
31469344901,9,8270,scored,perfect,353523
31471344131,10,8271,scored,perfect,-243892
31477345701,6,8272,scored,perfect,94228
31477346596,7,8273,scored,perfect,-65075
31485347689,4,8274,scored,perfect,242565
31488344126,15,8275,scored,perfect,-54977
31490344572,8,8276,scored,perfect,-360642
31491344931,12,8277,scored,perfect,51070
31491345702,14,8278,scored,perfect,-318821
31492344105,3,8279,scored,perfect,415218
31493344970,1,8280,scored,perfect,234205
31497346338,2,8281,scored,perfect,386294
31497346874,11,8282,scored,perfect,155771
31503344003,5,8283,scored,perfect,322208
31503344827,13,8284,scored,perfect,-87623
31505347861,0,8285,scored,perfect,292266
31514343489,10,8286,scored,perfect,-12791
31516343559,9,8287,scored,perfect,118371
31518345017,6,8288,scored,perfect,-438212
31520344757,7,8289,scored,perfect,475200
31528345135,4,8290,scored,perfect,-89490
31529344168,15,8291,scored,perfect,-206138
31531345205,8,8292,scored,perfect,162746
31537346951,1,8293,scored,perfect,-233434
31539344601,11,8294,scored,perfect,364005
31541344917,3,8295,scored,perfect,-449332
31542344821,12,8296,scored,perfect,210761
31543344581,13,8297,scored,perfect,-262685
31543345021,5,8298,scored,perfect,-389820
31544344816,14,8299,scored,perfect,539464
31544345263,2,8300,scored,perfect,230528
31550345068,0,8301,scored,perfect,-349754
31555345447,10,8302,scored,perfect,-293227
31559344596,6,8303,scored,perfect,177809
31561345007,9,8304,scored,perfect,-361508
31566345079,7,8305,scored,perfect,-218179
31574343906,15,8306,scored,perfect,-75127
31588344687,2,8307,scored,perfect,-37130
31591344559,0,8308,scored,perfect,370488
31596345001,5,8309,scored,perfect,16676
31598345374,13,8310,scored,perfect,-391065
31602345899,3,8311,scored,perfect,3028
31602346467,8,8312,scored,perfect,-5277
31605346649,11,8313,scored,perfect,-304685
31606344745,9,8314,scored,perfect,-293810
31608345733,4,8315,scored,perfect,-227646
31609345110,7,8316,scored,perfect,226200
31611344639,12,8317,scored,perfect,445593
31611345625,10,8318,scored,perfect,106861
31614345280,1,8319,scored,perfect,26434
31614345721,14,8320,scored,perfect,-342953
31618346597,15,8321,scored,perfect,-199761
31620344374,6,8322,scored,perfect,304390
31628344845,2,8323,scored,perfect,-39992
31633345114,0,8324,scored,perfect,-328350
31645346374,8,8325,scored,perfect,-74933
31647346969,13,8326,scored,perfect,241966
31647349071,5,8327,scored,perfect,-189661
31649344375,11,8328,scored,perfect,-35656
31653345582,12,8329,scored,perfect,390803
31654344271,7,8330,scored,perfect,217599
31656346010,1,8331,scored,perfect,17147
31660346697,15,8332,scored,perfect,109876
31660347381,3,8333,scored,perfect,-117788
31664344884,4,8334,scored,perfect,326935
31667344643,10,8335,scored,perfect,-108663
31668346746,14,8336,scored,perfect,-388967
31668347169,9,8337,scored,perfect,-426641
31673345191,6,8338,scored,perfect,-324985
31673345883,0,8339,scored,perfect,-545418
31674344891,2,8340,scored,perfect,25681
31686344613,8,8341,scored,perfect,169676
31694345689,13,8342,scored,perfect,-318257
31695344230,12,8343,scored,perfect,399655
31697345481,7,8344,scored,perfect,385943
31698345577,11,8345,scored,perfect,-237226
31706345301,3,8346,scored,perfect,47875
31709344722,15,8347,scored,perfect,-77464
31711344684,4,8348,scored,perfect,-100902
31713344492,9,8349,scored,perfect,135337
31714344422,6,8350,scored,perfect,-333720
31716345587,5,8351,scored,perfect,-239200
31723344588,14,8352,scored,perfect,-226212
31724344620,1,8353,scored,perfect,275546
31728345189,10,8354,scored,perfect,-61752
31732345116,8,8355,scored,perfect,-193870
31738345178,2,8356,scored,perfect,-166274
31740344560,11,8357,scored,perfect,-269106
31741344228,13,8358,scored,perfect,211133
31747347115,7,8359,scored,perfect,529266
31747349686,12,8360,scored,perfect,-228579
31764345300,6,8361,scored,perfect,305619
31767346333,4,8362,scored,perfect,-427840
31769346129,5,8363,scored,perfect,-205528
31770344963,10,8364,scored,perfect,395001
31770345447,1,8365,scored,perfect,-102101
31772346502,14,8366,scored,perfect,-192809
31774344850,3,8367,scored,perfect,199522
31774345364,15,8368,scored,perfect,-276852
31789346591,8,8369,scored,perfect,-524037
31791345015,11,8370,scored,perfect,-293504
31808345065,6,8371,scored,perfect,-507936
31811345351,0,8372,scored,perfect,-500358
31812344441,12,8373,scored,perfect,-431308
31817344948,9,8374,scored,perfect,-295631
31820344665,7,8375,scored,perfect,-548680
31822346686,4,8376,scored,perfect,44638
31826346069,14,8377,scored,perfect,-83490
31827346228,2,8378,scored,perfect,630766
31830345226,10,8379,scored,perfect,-163370
31839345613,3,8380,scored,perfect,-537503
31840345024,1,8381,scored,perfect,221141
31842345852,5,8382,scored,perfect,-77049
31844346039,11,8383,scored,perfect,140817
31845347648,15,8384,scored,perfect,-153545
31856345539,6,8385,scored,perfect,306850
31861344387,8,8386,scored,perfect,444311
31865345474,7,8387,scored,perfect,-388985
31866347172,4,8388,scored,perfect,505756
31867346582,12,8389,scored,perfect,129478
31868344383,14,8390,scored,perfect,373183
31881345672,1,8391,scored,perfect,-359391
31882348622,13,8392,scored,perfect,370246
31896345555,6,8393,scored,perfect,243208
31896346744,3,8394,scored,perfect,-244148
31898344750,11,8395,scored,perfect,-452173
31898345295,15,8396,scored,perfect,-482534
31902345224,2,8397,scored,perfect,-383306
31904346018,0,8398,scored,perfect,-325331
31905345331,10,8399,scored,perfect,610943
31911344553,12,8400,scored,perfect,109656
31912347215,5,8402,scored,perfect,-191593
31912347958,7,8401,scored,perfect,-76529
31912348315,8,8403,scored,perfect,-341738
31913344646,9,8404,scored,perfect,135657
31915345957,14,8405,scored,perfect,-247383
31916347303,4,8406,scored,perfect,442813
31924349217,1,8408,scored,perfect,-361038
31924350235,13,8407,scored,perfect,-205954
31936345399,6,8409,scored,perfect,-67949
31938344765,3,8410,scored,perfect,-392662
31939344751,11,8411,scored,perfect,-222461
31939345287,15,8412,scored,perfect,-223786
31950346830,2,8413,scored,perfect,318073
31950347766,10,8414,scored,perfect,-419977
31951344844,0,8415,scored,perfect,-189430
31952345216,7,8416,scored,perfect,-85343
31959349811,5,8417,scored,perfect,-44950
31962347499,8,8419,scored,perfect,132801
31962348068,14,8418,scored,perfect,164001
31964344244,12,8420,scored,perfect,190625
31965344561,1,8421,scored,perfect,248888
31968345216,9,8422,scored,perfect,357253
31973344438,4,8423,scored,perfect,-152352
31973345040,13,8424,scored,perfect,-352591
31976345452,6,8425,scored,perfect,-169612
31978348422,3,8426,scored,perfect,-525079
31983344967,11,8427,scored,perfect,94654
31984344343,15,8428,scored,perfect,-359916
31990345661,2,8429,scored,perfect,-11451
31993344979,7,8430,scored,perfect,307331
31995347848,0,8431,scored,perfect,-378357
32001345144,10,8432,scored,perfect,-260654
32002344555,14,8433,scored,perfect,-58197
32014344710,9,8434,scored,perfect,525849
32018345557,6,8435,scored,perfect,208659
32022348507,13,8436,scored,perfect,-389778
32029344892,4,8437,scored,perfect,299573
32036345206,8,8438,scored,perfect,-497647
32040344840,2,8439,scored,perfect,-164109
32042344810,12,8440,scored,perfect,399648
32042345356,15,8441,scored,perfect,217287
32042345747,1,8442,scored,perfect,-476258
32052346050,0,8443,scored,perfect,-381977
32064345122,10,8444,scored,perfect,1875
32069344675,9,8445,scored,perfect,577226
32072347268,11,8446,scored,perfect,-446383
32075344829,4,8447,scored,perfect,208849
32080345786,13,8448,scored,perfect,-475942
32081344674,14,8449,scored,perfect,372769
32083345088,5,8450,scored,perfect,130614
32083345581,8,8451,scored,perfect,-338169
32084344577,15,8452,scored,perfect,-287213
32085346703,2,8453,scored,perfect,-212613
32090344963,1,8454,scored,perfect,97198
32093345023,3,8455,scored,perfect,270109
32098344837,12,8456,scored,perfect,-43518
32101344956,6,8457,scored,perfect,46868
32101345540,7,8458,scored,perfect,-151279
32104345522,0,8459,scored,perfect,270172
32105345454,10,8460,scored,perfect,-29833
32111344798,9,8461,scored,perfect,523799
32113344980,11,8462,scored,perfect,-220572
32116347412,4,8463,scored,perfect,354754
32122347384,14,8464,scored,perfect,-332056
32127346344,8,8465,scored,perfect,-100846
32128367748,5,8466,scored,perfect,249136
32130345712,15,8467,scored,perfect,-220769
32133345318,13,8468,scored,perfect,488771
32137347640,2,8469,scored,perfect,54373
32139345360,3,8470,scored,perfect,-512520
32143345842,7,8471,scored,perfect,-253931
32148344744,12,8472,scored,perfect,74681
32154346304,9,8473,scored,perfect,352972
32155343715,6,8474,scored,perfect,370562
32156345357,0,8475,scored,perfect,278650
32156345774,10,8476,scored,perfect,-353112
32160348511,4,8477,scored,perfect,-264579
32166347214,11,8478,scored,perfect,213202
32177345717,8,8479,scored,perfect,169792
32181345022,1,8480,scored,perfect,446899
32183345258,14,8481,scored,perfect,-209666
32185348430,13,8482,scored,perfect,-158770
32193345133,12,8483,scored,perfect,84986
32202343743,0,8484,scored,perfect,334669
32205345300,10,8485,scored,perfect,26068
32207365486,2,8486,scored,perfect,-276746
32208345057,3,8487,scored,perfect,-417601
32211345072,6,8488,scored,perfect,314327
32211346220,15,8489,scored,perfect,-420590
32213345453,11,8490,scored,perfect,-256655
32218346036,8,8491,scored,perfect,12395
32218346806,7,8492,scored,perfect,-51513
32220347357,9,8493,scored,perfect,-539635
32221344660,5,8494,scored,perfect,337517
32227343466,4,8495,scored,perfect,571372
32231346443,13,8496,scored,perfect,-362844
32236344447,12,8497,scored,perfect,248528
32236345012,1,8498,scored,perfect,-245382
32239346257,14,8499,scored,perfect,-265903
32244344341,0,8500,scored,perfect,514128
32250345995,2,8502,scored,perfect,-497716
32250346755,10,8501,scored,perfect,-326012
32253347951,3,8504,scored,perfect,276865
32253348530,15,8503,scored,perfect,312695
32254344267,6,8505,scored,perfect,164194
32256351337,11,8506,scored,perfect,-409180
32268348779,5,8507,scored,perfect,149516
32269345912,4,8508,scored,perfect,574665
32270344176,8,8509,scored,perfect,168482
32270344650,9,8510,scored,perfect,111298
32273345066,13,8511,scored,perfect,166602
32275344962,7,8512,scored,perfect,-108578
32279344912,12,8513,scored,perfect,250572
32280345740,14,8514,scored,perfect,-179618
32287345909,1,8515,scored,perfect,-647079
32290344746,0,8516,scored,perfect,-118168
32294346256,10,8517,scored,perfect,-121482
32295345279,3,8518,scored,perfect,105743
32295345783,2,8519,scored,perfect,79541
32296344645,6,8520,scored,perfect,-375477
32300344602,11,8521,scored,perfect,59356
32303345174,15,8522,scored,perfect,381532
32314345406,4,8523,scored,perfect,367416
32314346599,8,8524,scored,perfect,93386
32315344928,5,8526,scored,perfect,91066
32315345376,9,8525,scored,perfect,308957
32321345336,12,8527,scored,perfect,308415
32323344479,7,8528,scored,perfect,299313
32328344279,1,8529,scored,perfect,249259
32333345409,14,8530,scored,perfect,-316889
32334344509,10,8532,scored,perfect,-495986
32334344939,13,8531,scored,perfect,-449597
32336345326,2,8533,scored,perfect,312804
32336345807,0,8534,scored,perfect,-255956
32346346333,11,8535,scored,perfect,294497
32347348112,3,8536,scored,perfect,313597
32350345052,6,8537,scored,perfect,251312
32350345689,15,8538,scored,perfect,221049
32357347114,9,8539,scored,perfect,-176071
32358343622,8,8540,scored,perfect,471395
32359344513,4,8541,scored,perfect,-93199
32363344820,7,8542,scored,perfect,118638
32364345220,5,8543,scored,perfect,-31033
32370348109,1,8544,scored,perfect,-383063
32371344381,12,8545,scored,perfect,251806
32374347934,14,8546,scored,perfect,-184307
32378345011,10,8547,scored,perfect,438148
32380343451,13,8548,scored,perfect,542096
32394345896,2,8549,scored,perfect,426587
32398344609,0,8550,scored,perfect,-148995
32400344394,6,8551,scored,perfect,550443
32401347431,3,8552,scored,perfect,341709
32402344954,8,8553,scored,perfect,297228
32402345500,11,8554,scored,perfect,267597
32407347163,9,8555,scored,perfect,248408
32408347297,15,8556,scored,perfect,418365
32411344966,12,8557,scored,perfect,45600
32412348363,7,8558,scored,perfect,263975
32412348869,1,8559,scored,perfect,-673438
32413344876,4,8560,scored,perfect,-70243
32414345230,5,8561,scored,perfect,-317653
32420348358,10,8562,scored,perfect,128493
32420348919,13,8563,scored,perfect,-211473
32426345049,14,8564,scored,perfect,388339
32444343863,11,8565,scored,perfect,478070
32448345627,0,8566,scored,perfect,-632219
32450344739,15,8567,scored,perfect,524008
32450345178,9,8568,scored,perfect,-145374
32459345150,2,8569,scored,perfect,276357
32463345271,6,8570,scored,perfect,79088
32475344426,1,8571,scored,perfect,477421
32477343623,3,8572,scored,perfect,477260
32479345046,8,8574,scored,perfect,337408
32479345518,10,8573,scored,perfect,347279
32481346369,13,8575,scored,perfect,12632
32483345533,4,8576,scored,perfect,-231527
32492345346,11,8578,scored,perfect,408133
32492346146,14,8577,scored,perfect,469656
32492346495,7,8579,scored,perfect,-175795
32495348255,12,8580,scored,perfect,462230
32498344568,0,8581,scored,perfect,190317
32503345139,5,8582,scored,perfect,-528326
32504346018,2,8583,scored,perfect,199645
32506344194,9,8584,scored,perfect,283604
32516347838,15,8585,scored,perfect,-406906
32518344816,6,8586,scored,perfect,75335
32520348080,3,8587,scored,perfect,218544
32524347495,13,8588,scored,perfect,-356118
32525345377,4,8589,scored,perfect,-320544
32527344732,8,8590,scored,perfect,-126323
32528348669,10,8591,scored,perfect,145954
32530343672,1,8592,scored,perfect,507559
32534344885,7,8594,scored,perfect,393954
32534345492,14,8593,scored,perfect,420941
32540345442,11,8595,scored,perfect,-271960
32552345690,5,8596,scored,perfect,-325018
32553345095,12,8597,scored,perfect,-348815
32555345993,2,8598,scored,perfect,591609
32556346092,0,8599,scored,perfect,345217
32556346652,9,8600,scored,perfect,255390
32558345025,15,8601,scored,perfect,517072
32558345584,6,8602,scored,perfect,-337308
32562344140,3,8603,scored,perfect,203566
32565345693,13,8604,scored,perfect,149818
32569350482,8,8605,scored,perfect,160393
32575345376,14,8606,scored,perfect,-345636
32588347048,7,8607,scored,perfect,138844
32588347985,10,8608,scored,perfect,116627
32589347914,1,8609,scored,perfect,-368454
32600345910,4,8610,scored,perfect,433831
32601347333,0,8611,scored,perfect,225721
32602347699,2,8612,scored,perfect,-237722
32603377758,12,8613,scored,perfect,514972
32609541607,3,8614,scored,perfect,1335430
32609542998,5,8615,scored,perfect,691375
32610611258,9,8616,scored,perfect,561109
32611606918,13,8617,scored,perfect,-472889
32612604934,15,8618,scored,perfect,179671
32614604797,8,8619,scored,perfect,-214551
32616605133,6,8620,scored,perfect,479600
32616605799,11,8621,scored,perfect,-44383
32618607005,14,8622,scored,perfect,293790
32630605274,1,8623,scored,perfect,-26262
32634610538,7,8624,scored,perfect,16477
32636607377,10,8625,scored,perfect,-21937
32641605351,0,8626,scored,perfect,421437
32643609381,2,8627,scored,perfect,226337
32644605484,12,8628,scored,perfect,-456324
32647607208,4,8629,scored,perfect,376523
32649653714,3,8630,scored,perfect,555649
32649656127,5,8631,scored,perfect,365095
32650606795,9,8632,scored,perfect,-379725
32652606188,13,8633,scored,perfect,314210
32653659417,15,8634,scored,perfect,-180436
32655605787,8,8635,scored,perfect,-305488
32657605524,6,8636,scored,perfect,145329
32658605716,11,8637,scored,perfect,-524264
32660605017,14,8638,scored,perfect,532844
32672610702,1,8639,scored,perfect,43630
32675654342,7,8640,scored,perfect,136793
32678662221,10,8641,scored,perfect,161524
32683655132,0,8642,scored,perfect,9775
32685607118,2,8643,scored,perfect,21928
32685607654,12,8644,scored,perfect,-376666
32687605057,4,8645,scored,perfect,-86681
32689605256,5,8646,scored,perfect,168162
32690652731,3,8647,scored,perfect,296591
32691605894,9,8648,scored,perfect,-560649
32694606213,15,8649,scored,perfect,-44297
32696652646,13,8650,scored,perfect,595933
32697611390,8,8651,scored,perfect,366035
32697613178,6,8652,scored,perfect,66480
32699605462,11,8653,scored,perfect,395162
32704605655,14,8654,scored,perfect,-276594
32713605696,1,8655,scored,perfect,-273727
32717664961,7,8656,scored,perfect,169849
32720605483,10,8657,scored,perfect,-209001
32724608255,0,8658,scored,perfect,454473
32727605457,12,8659,scored,perfect,-501701
32729613721,4,8660,scored,perfect,543351
32729614536,2,8661,scored,perfect,204930
32729614978,5,8662,scored,perfect,-246605
32730611792,3,8663,scored,perfect,-552339
32733611718,9,8664,scored,perfect,1277
32739644357,6,8665,scored,perfect,-142895
32739645210,13,8666,scored,perfect,-374999
32741647984,8,8667,scored,perfect,-166575
32742642507,15,8668,scored,perfect,29038
32748641543,14,8669,scored,perfect,79441
32749729892,11,8670,scored,perfect,201030
32759650355,1,8671,scored,perfect,71794
32762746196,10,8672,scored,perfect,176980
32766729698,7,8673,scored,perfect,183095
32767747806,0,8674,scored,perfect,155185
32770607334,12,8675,scored,perfect,-292711
32774642686,4,8676,scored,perfect,304401
32776600437,9,8677,scored,perfect,-269774
32778601779,2,8678,scored,perfect,136485
32779603826,5,8679,scored,perfect,601268
32779604483,3,8680,scored,perfect,-3011
32783625340,8,8681,scored,perfect,152777
32785605159,13,8682,scored,perfect,322969
32786602287,15,8683,scored,perfect,226504
32788600202,6,8684,scored,perfect,233200
32790600998,14,8685,scored,perfect,456342
32791638905,11,8686,scored,perfect,93854
32809603185,1,8687,scored,perfect,-209004
32810604988,7,8688,scored,perfect,-102621
32810605703,12,8689,scored,perfect,-523912
32814602247,0,8690,scored,perfect,275872
32817600478,4,8691,scored,perfect,-65694
32818604338,10,8692,scored,perfect,195285
32823607395,2,8693,scored,perfect,-71982
32824601938,3,8694,scored,perfect,1645
32825562933,5,8695,scored,perfect,-81709
32827603118,13,8696,scored,perfect,337973
32832604782,14,8697,scored,perfect,-15428
32834607117,6,8698,scored,perfect,44555
32834607572,11,8699,scored,perfect,-52066
32836603310,9,8700,scored,perfect,173606
32837599685,8,8701,scored,perfect,808
32843603100,15,8702,scored,perfect,286044
32850602984,7,8703,scored,perfect,-258911
32855604822,1,8704,scored,perfect,53992
32856601225,0,8705,scored,perfect,330860
32857602419,12,8706,scored,perfect,326829
32857602887,4,8707,scored,perfect,-342753
32864602731,2,8708,scored,perfect,211601
32868605775,13,8709,scored,perfect,428518
32869605589,3,8710,scored,perfect,-22099
32882606296,6,8711,scored,perfect,521996
32892648813,9,8712,scored,perfect,91305
32894606564,7,8713,scored,perfect,292577
32895606246,14,8714,scored,perfect,-311335
32899606057,0,8715,scored,perfect,124848
32899606520,8,8716,scored,perfect,-118502
32900605605,5,8717,scored,perfect,-304254
32909608610,4,8718,scored,perfect,-199269
32910601698,15,8719,scored,perfect,-466673
32912648167,2,8720,scored,perfect,297882
32914606362,1,8721,scored,perfect,180262
32917605474,3,8722,scored,perfect,193982
32917605971,12,8723,scored,perfect,133803
32919605963,10,8724,scored,perfect,223418
32919606386,11,8725,scored,perfect,-333739
32922612161,13,8726,scored,perfect,79752
32922612585,6,8727,scored,perfect,52889
32933654657,9,8728,scored,perfect,273424
32940606992,0,8729,scored,perfect,-331813
32942601996,8,8730,scored,perfect,-76997
32953605704,15,8731,scored,perfect,183902
32955606538,14,8732,scored,perfect,-158022
32957605589,5,8733,scored,perfect,439000
32959607151,7,8734,scored,perfect,104535
32962602138,11,8735,scored,perfect,110160
32964602699,6,8736,scored,perfect,-122513
32966601437,2,8737,scored,perfect,321006
32968604012,12,8738,scored,perfect,463944
32970605221,13,8739,scored,perfect,-42973
32972615112,10,8740,scored,perfect,-634514
32975602126,3,8741,scored,perfect,-34130
32976607921,1,8742,scored,perfect,-411843
32977602432,9,8743,scored,perfect,359303
32977603147,4,8744,scored,perfect,-279004
32981606250,0,8745,scored,perfect,-366757
32985609177,8,8746,scored,perfect,-288039
32993603484,15,8747,scored,perfect,40451
32996605212,14,8748,scored,perfect,290872
32997604184,5,8749,scored,perfect,-256418
33000602786,7,8750,scored,perfect,358142
33005603363,6,8751,scored,perfect,-460947
33012606854,12,8752,scored,perfect,-55612
33013602984,2,8753,scored,perfect,-206817
33015602720,10,8754,scored,perfect,-215095
33016606188,3,8755,scored,perfect,450911
33016606811,11,8756,scored,perfect,211720
33016607187,13,8757,scored,perfect,-195635
33019602657,4,8758,scored,perfect,345472
33021602391,9,8759,scored,perfect,-40283
33021603413,1,8760,scored,perfect,-318549
33026605500,0,8761,scored,perfect,311259
33028605673,8,8762,scored,perfect,-53023
33050601387,6,8763,scored,perfect,53386
33051605706,15,8764,scored,perfect,162421
33055605956,2,8765,scored,perfect,-216615
33056602042,13,8766,scored,perfect,-249275
33058606609,7,8767,scored,perfect,-429798
33059604235,10,8768,scored,perfect,38822
33060607149,12,8769,scored,perfect,233832
33060607628,5,8771,scored,perfect,-15506
33060608063,14,8770,scored,perfect,16928
33061602069,3,8772,scored,perfect,-267039
33062607559,4,8773,scored,perfect,110181
33063631200,1,8774,scored,perfect,570002
33064605308,9,8775,scored,perfect,-222008
33066605248,0,8776,scored,perfect,-2864
33071604922,11,8777,scored,perfect,244826
33071605757,8,8778,scored,perfect,-177165
33097605593,2,8779,scored,perfect,-539209
33100601799,7,8780,scored,perfect,266527
33102601853,5,8781,scored,perfect,282484
33104633291,4,8782,scored,perfect,7914
33105606703,1,8783,scored,perfect,-159168
33107605953,13,8784,scored,perfect,-65935
33110601357,3,8785,scored,perfect,116028
33111608425,15,8786,scored,perfect,-143008
33118605626,10,8787,scored,perfect,-285884
33119605060,8,8788,scored,perfect,358829
33119605545,12,8789,scored,perfect,223890
33121602067,11,8790,scored,perfect,260610
33125600940,6,8791,scored,perfect,211474
33129602866,14,8792,scored,perfect,595320
33130605378,9,8793,scored,perfect,-292839
33132604369,0,8794,scored,perfect,-418415
33143605312,7,8795,scored,perfect,-468262
33144600543,4,8796,scored,perfect,-495568
33148601854,13,8797,scored,perfect,100365
33153649821,2,8798,scored,perfect,40375
33158601584,3,8799,scored,perfect,279632
33163603941,10,8800,scored,perfect,391952
33166601409,12,8801,scored,perfect,-42139
33167647334,11,8802,scored,perfect,-48770
33168602758,8,8803,scored,perfect,-363428
33169604893,1,8804,scored,perfect,-510868
33172604692,9,8805,scored,perfect,-80951
33172605239,0,8806,scored,perfect,-604175
33173604492,6,8807,scored,perfect,194091
33174609605,15,8808,scored,perfect,417745
33176604980,5,8809,scored,perfect,631703
33180604766,14,8810,scored,perfect,429562
33187605775,4,8811,scored,perfect,236874
33187606685,7,8812,scored,perfect,-90431
33188602628,13,8813,scored,perfect,-167498
33193603040,2,8814,scored,perfect,-302188
33199600766,3,8815,scored,perfect,283488
33209610138,11,8817,scored,perfect,126994
33209611531,12,8816,scored,perfect,314681
33212600523,10,8818,scored,perfect,-295105
33214604567,0,8819,scored,perfect,-118040
33215603465,8,8820,scored,perfect,65631
33216603529,6,8821,scored,perfect,103283
33216604045,1,8822,scored,perfect,-433100
33217600165,9,8823,scored,perfect,271907
33218603083,15,8824,scored,perfect,472439
33218603594,5,8825,scored,perfect,22572
33226600288,14,8826,scored,perfect,673130
33228601443,7,8827,scored,perfect,-25483
33228602069,13,8828,scored,perfect,-318143
33229640419,4,8829,scored,perfect,626210
33238600932,2,8830,scored,perfect,306714
33240603603,3,8831,scored,perfect,101794
33255610933,12,8832,scored,perfect,-255913
33255611689,11,8833,scored,perfect,-559666
33257606494,1,8834,scored,perfect,-240948
33259606437,0,8835,scored,perfect,-378161
33260605671,15,8836,scored,perfect,-510226
33264607120,5,8837,scored,perfect,-71271
33267654196,6,8838,scored,perfect,-6073
33270646603,7,8839,scored,perfect,-341464
33274631625,13,8840,scored,perfect,315774
33274632278,9,8841,scored,perfect,-9538
33280607383,14,8842,scored,perfect,-561501
33281606180,10,8843,scored,perfect,26423
33285606205,3,8845,scored,perfect,310526
33285606784,8,8844,scored,perfect,413693
33290602511,2,8846,scored,perfect,178765
33293604854,4,8847,scored,perfect,4845
33296601887,12,8848,scored,perfect,18694
33304603270,11,8849,scored,perfect,627623
33305605743,5,8850,scored,perfect,499903
33308651828,15,8851,scored,perfect,344192
33313605700,6,8852,scored,perfect,-199392
33316605063,13,8853,scored,perfect,-166050
33322609386,0,8854,scored,perfect,-598150
33324605710,1,8855,scored,perfect,-37168
33333602217,14,8856,scored,perfect,-77855
33338608532,10,8857,scored,perfect,476570
33338609250,7,8858,scored,perfect,-147825
33339603007,3,8859,scored,perfect,58515
33339603563,4,8860,scored,perfect,-158093
33340606300,9,8861,scored,perfect,248155
33340606758,12,8862,scored,perfect,-123637
33343602562,2,8863,scored,perfect,517531
33345650002,8,8864,scored,perfect,-78412
33352603257,5,8865,scored,perfect,-359793
33358600471,13,8866,scored,perfect,-455355
33364605000,1,8867,scored,perfect,-269002
33366602743,0,8868,scored,perfect,155190
33371600828,11,8869,scored,perfect,208215
33376604587,14,8870,scored,perfect,223506
33379600840,6,8871,scored,perfect,584231
33379601441,7,8872,scored,perfect,-50455
33380604030,15,8873,scored,perfect,276861
33382606028,12,8874,scored,perfect,2021
33392600954,9,8875,scored,perfect,237524
33393607255,3,8876,scored,perfect,222358
33399603889,2,8878,scored,perfect,359560
33399604415,4,8877,scored,perfect,496238
33399604984,8,8879,scored,perfect,-237051
33400602090,13,8880,scored,perfect,-47437
33404600501,5,8881,scored,perfect,164126
33406601906,0,8882,scored,perfect,3696
33409616915,10,8883,scored,perfect,-280670
33411604039,1,8884,scored,perfect,443752
33413600446,11,8885,scored,perfect,-260041
33422607952,7,8886,scored,perfect,-464609
33432603864,6,8887,scored,perfect,494854
33436603554,14,8888,scored,perfect,283966
33436604300,12,8889,scored,perfect,-449055
33438602661,3,8890,scored,perfect,-9073
33440604450,8,8891,scored,perfect,283851
33441600438,4,8892,scored,perfect,-403937
33449600836,0,8893,scored,perfect,70251
33451599969,9,8894,scored,perfect,471998
33451600553,13,8895,scored,perfect,-118262
33452602991,15,8896,scored,perfect,310706
33454600235,11,8897,scored,perfect,309990
33454600795,10,8898,scored,perfect,-233076
33455652402,5,8899,scored,perfect,215377
33458603051,1,8900,scored,perfect,-380734
33462600690,2,8901,scored,perfect,377150
33463638007,7,8902,scored,perfect,300126
33472605966,6,8903,scored,perfect,-543876
33477602911,14,8904,scored,perfect,223297
33478604467,3,8905,scored,perfect,-114859
33481602180,8,8906,scored,perfect,238281
33487604258,4,8907,scored,perfect,630948
33487604798,12,8908,scored,perfect,-284697
33494602321,15,8909,scored,perfect,405488
33494603141,9,8910,scored,perfect,-149352
33494604163,11,8911,scored,perfect,-216522
33506602427,10,8912,scored,perfect,184474
33506603299,13,8913,scored,perfect,-42913
33508630182,2,8914,scored,perfect,135800
33509613664,1,8915,scored,perfect,-83112
33510607200,0,8916,scored,perfect,-383674
33512603934,7,8917,scored,perfect,562238
33512604511,5,8918,scored,perfect,-258416
33514604520,6,8919,scored,perfect,330946
33526604607,14,8920,scored,perfect,-244596
33530602602,8,8921,scored,perfect,134533
33538604831,4,8922,scored,perfect,296213
33541603930,3,8923,scored,perfect,446337
33544601570,11,8924,scored,perfect,-621201
33546601843,13,8925,scored,perfect,-109198
33553632175,10,8926,scored,perfect,-92893
33554605145,12,8927,scored,perfect,217681
33557601595,5,8928,scored,perfect,512392
33560604537,0,8929,scored,perfect,116791
33560605149,9,8930,scored,perfect,-353378
33565605919,6,8931,scored,perfect,-167184
33567601520,7,8932,scored,perfect,-380943
33569601566,14,8933,scored,perfect,480312
33575650808,8,8934,scored,perfect,-62719
33578601773,2,8935,scored,perfect,-118448
33581605894,1,8936,scored,perfect,-61628
33582601608,3,8937,scored,perfect,101942
33582602124,4,8938,scored,perfect,-472947
33584605450,15,8939,scored,perfect,117998
33588648201,13,8940,scored,perfect,-91721
33594604507,11,8941,scored,perfect,45260
33595631078,12,8942,scored,perfect,381500
33598604879,10,8943,scored,perfect,-78321
33602604431,5,8944,scored,perfect,4094
33605602102,0,8945,scored,perfect,-317859
33606604830,6,8946,scored,perfect,337946
33607630870,9,8947,scored,perfect,159704
33610601953,14,8948,scored,perfect,280487
33610602477,7,8949,scored,perfect,-49802
33616602169,8,8950,scored,perfect,-524878
33622604673,2,8951,scored,perfect,258218
33623604640,3,8952,scored,perfect,-418949
33626606542,4,8953,scored,perfect,190672
33626607136,15,8954,scored,perfect,-110434
33627602990,1,8955,scored,perfect,249741
33630606037,13,8956,scored,perfect,101116
33636602646,11,8957,scored,perfect,-72308
33636604001,12,8958,scored,perfect,-367377
33640605279,10,8959,scored,perfect,549108
33643605191,5,8960,scored,perfect,440297
33647610662,6,8961,scored,perfect,38891
33651604375,14,8962,scored,perfect,172652
33653605431,7,8963,scored,perfect,-204748
33655605024,0,8964,scored,perfect,-231603
33657604454,8,8966,scored,perfect,-110366
33657604949,9,8965,scored,perfect,-47907
33662602241,2,8967,scored,perfect,105625
33665601089,3,8968,scored,perfect,479452
33669602678,4,8969,scored,perfect,466202
33671601453,13,8970,scored,perfect,436277
33673600388,1,8971,scored,perfect,-11284
33676602575,15,8972,scored,perfect,40920
33681604132,12,8973,scored,perfect,-80514
33687624459,10,8974,scored,perfect,256601
33692599728,5,8975,scored,perfect,-281360
33696602684,14,8976,scored,perfect,-249048
33701602061,8,8977,scored,perfect,664157
33706601522,6,8978,scored,perfect,24326
33711600494,9,8979,scored,perfect,18804
33712603047,4,8980,scored,perfect,-308274
33713624416,0,8981,scored,perfect,134236
33713627786,11,8982,scored,perfect,-111278
33718604789,2,8983,scored,perfect,-173808
33718605480,15,8984,scored,perfect,-273208
33720600303,3,8985,scored,perfect,138679
33720600941,1,8986,scored,perfect,-112334
33720602398,7,8987,scored,perfect,-346052
33721602640,13,8988,scored,perfect,519357
33721603202,12,8989,scored,perfect,-370435
33728600629,10,8990,scored,perfect,220412
33733624712,5,8991,scored,perfect,125452
33740600084,8,8992,scored,perfect,-404069
33742624370,14,8993,scored,perfect,363270
33754600363,4,8994,scored,perfect,-268403
33756601139,9,8995,scored,perfect,-193189
33767602517,6,8996,scored,perfect,6960
33768611024,15,8997,scored,perfect,491268
33773603802,13,8998,scored,perfect,-80695
33774642332,10,8999,scored,perfect,289056
33776605316,0,9000,scored,perfect,-455135
33778600264,12,9001,scored,perfect,57691
33788600260,8,9002,scored,perfect,-129999
33799604507,3,9003,scored,perfect,19053
33808600109,14,9004,scored,perfect,43989
33809613165,1,9005,scored,perfect,316748
33822606479,2,9006,scored,perfect,-6008
33823604713,12,9007,scored,perfect,112583
33825601576,9,9008,scored,perfect,138255
33825602138,0,9009,scored,perfect,-215505
33826603929,13,9010,scored,perfect,552347
33828602949,7,9011,scored,perfect,-203239
33835606613,5,9012,scored,perfect,139737
33836602408,15,9013,scored,perfect,-372959
33841599995,4,9014,scored,perfect,-370213
33842603244,8,9015,scored,perfect,-65407
33846623619,10,9016,scored,perfect,497751
33849603239,1,9017,scored,perfect,7183
33851603529,6,9018,scored,perfect,588964
33851604119,14,9019,scored,perfect,8212
33854600573,11,9020,scored,perfect,33264
33855605669,3,9021,scored,perfect,-215414
33862600657,2,9022,scored,perfect,-157562
33865600651,12,9023,scored,perfect,452863
33866637245,13,9024,scored,perfect,-115130
33868606547,0,9025,scored,perfect,-485693
33869605540,7,9026,scored,perfect,490471
33870603586,9,9027,scored,perfect,86927
33883639142,8,9028,scored,perfect,183903
33884610784,15,9029,scored,perfect,-122270
33887604749,4,9031,scored,perfect,10389
33887605356,10,9030,scored,perfect,127779
33887605950,5,9032,scored,perfect,-404978
33895600613,6,9033,scored,perfect,-226524
33900624146,14,9034,scored,perfect,128116
33904600220,1,9035,scored,perfect,-262965
33916605517,13,9036,scored,perfect,226788
33916606381,11,9037,scored,perfect,-483333
33920647786,12,9038,scored,perfect,-290953
33927603460,0,9039,scored,perfect,-339043
33934607569,9,9040,scored,perfect,34051
33936627414,6,9041,scored,perfect,472719
33936630601,10,9042,scored,perfect,323625
33943605047,15,9043,scored,perfect,583393
33950604034,3,9045,scored,perfect,376487
33950604662,14,9044,scored,perfect,408796
33950605152,1,9046,scored,perfect,14448
33953601085,4,9047,scored,perfect,319531
33956603585,7,9048,scored,perfect,92941
33958638466,5,9049,scored,perfect,-134846
33959613211,8,9050,scored,perfect,-257946
33960607071,11,9051,scored,perfect,-156240
33962623020,12,9052,scored,perfect,454649
33963602156,13,9053,scored,perfect,-371939
33965599894,2,9054,scored,perfect,577399
33968607156,0,9055,scored,perfect,381553
33974602542,9,9056,scored,perfect,-228905
33981601165,6,9057,scored,perfect,72957
33981602312,10,9058,scored,perfect,-172935
33998603734,3,9059,scored,perfect,113596
33999603567,1,9060,scored,perfect,-490999
34002600505,5,9061,scored,perfect,494043
34002601043,4,9062,scored,perfect,-389374
34002601548,7,9063,scored,perfect,-452782
34004601069,12,9064,scored,perfect,-505319
34006603258,8,9065,scored,perfect,-58631
34011604578,11,9066,scored,perfect,-284911
34013601389,2,9067,scored,perfect,-26635
34019604725,0,9068,scored,perfect,-619548
34020601144,14,9069,scored,perfect,177253
34022607274,9,9070,scored,perfect,219019
34025637924,13,9071,scored,perfect,-244303
34030601877,15,9072,scored,perfect,194347
34031607366,10,9073,scored,perfect,-350928
34032601321,6,9074,scored,perfect,-500817
34038605021,3,9075,scored,perfect,-245827
34041601774,1,9076,scored,perfect,-300527
34044606776,7,9077,scored,perfect,-327302
34049602658,5,9078,scored,perfect,-257235
34050604379,4,9079,scored,perfect,174535
34053600637,12,9080,scored,perfect,25915
34057602186,2,9081,scored,perfect,-256606
34058606210,8,9082,scored,perfect,384182
34061604902,14,9083,scored,perfect,-491213
34062602121,9,9084,scored,perfect,-98049
34063651886,0,9085,scored,perfect,451290
34066630722,11,9086,scored,perfect,277029
34068606565,13,9087,scored,perfect,228547
34071650592,15,9088,scored,perfect,502413
34074648307,6,9090,scored,perfect,33844
34074651261,10,9089,scored,perfect,101725
34079601080,3,9091,scored,perfect,83025
34083633532,1,9092,scored,perfect,74532
34093605180,7,9093,scored,perfect,22722
34094602815,4,9094,scored,perfect,299015
34094603506,5,9095,scored,perfect,216169
34096634007,12,9096,scored,perfect,569034
34098605148,2,9098,scored,perfect,-253731
34098605616,8,9097,scored,perfect,-236390
34103602158,14,9099,scored,perfect,-66787
34104604367,9,9100,scored,perfect,-131448
34105602513,0,9101,scored,perfect,-109137
34107601278,11,9102,scored,perfect,-290919
34108604322,13,9103,scored,perfect,-237713
34113601082,15,9104,scored,perfect,293323
34114605134,10,9105,scored,perfect,-8483
34123602042,6,9106,scored,perfect,168327
34123602667,1,9107,scored,perfect,-165933
34127600894,3,9108,scored,perfect,477413
34135604683,4,9109,scored,perfect,56679
34143606301,7,9110,scored,perfect,267718
34143606963,5,9111,scored,perfect,-42396
34145649148,12,9112,scored,perfect,80100
34148602965,11,9113,scored,perfect,17218
34152602020,9,9114,scored,perfect,-537975
34155606381,10,9115,scored,perfect,-99803
34160603048,2,9116,scored,perfect,189411
34161648646,0,9117,scored,perfect,257342
34162631489,15,9118,scored,perfect,19980
34166602503,1,9119,scored,perfect,305776
34172605421,8,9120,scored,perfect,-330652
34174605423,13,9121,scored,perfect,-49044
34175604196,14,9122,scored,perfect,-111254
34180606285,6,9123,scored,perfect,-501979
34185609014,5,9124,scored,perfect,-319218
34186602005,12,9125,scored,perfect,296491
34191604795,11,9126,scored,perfect,-114375
34192601510,3,9127,scored,perfect,-344617
34192602300,7,9128,scored,perfect,-380466
34193605502,4,9129,scored,perfect,551683
34195656503,10,9130,scored,perfect,-55703
34197609377,9,9131,scored,perfect,204897
34201604452,2,9132,scored,perfect,364636
34202604769,0,9133,scored,perfect,447730
34203651860,15,9134,scored,perfect,360890
34207606031,1,9135,scored,perfect,-228282
34213600893,8,9136,scored,perfect,160757
34216600301,13,9137,scored,perfect,188569
34216600788,14,9138,scored,perfect,-557734
34221603015,6,9139,scored,perfect,-312481
34230602431,5,9140,scored,perfect,109347
34234607139,3,9141,scored,perfect,-141433
34238624259,12,9142,scored,perfect,585034
34239605299,4,9143,scored,perfect,142192
34240605137,9,9144,scored,perfect,-170621
34244603070,11,9145,scored,perfect,21077
34252603799,10,9146,scored,perfect,497274
34254600103,15,9147,scored,perfect,10715
34254600600,8,9148,scored,perfect,-224027
34258600314,14,9149,scored,perfect,306267
34259609607,2,9150,scored,perfect,102029
34263599836,6,9151,scored,perfect,-468464
34266602305,0,9152,scored,perfect,-457641
34267603578,7,9153,scored,perfect,187457
34268608546,13,9154,scored,perfect,-428871
34269600795,1,9155,scored,perfect,792
34271599898,5,9156,scored,perfect,560160
34277601485,12,9157,scored,perfect,-573211
34279636231,4,9158,scored,perfect,158687
34282603103,9,9159,scored,perfect,-441846
34286600230,3,9160,scored,perfect,31120
34288600912,11,9161,scored,perfect,442941
34294605159,10,9162,scored,perfect,32750
34294605762,15,9163,scored,perfect,-161812
34297610865,8,9164,scored,perfect,-22544
34299600406,14,9165,scored,perfect,-358752
34303601172,2,9166,scored,perfect,-5625
34306604690,6,9167,scored,perfect,-368059
34307600351,0,9168,scored,perfect,479397
34309606739,1,9169,scored,perfect,-415653
34311606285,5,9170,scored,perfect,459624
34313637785,13,9171,scored,perfect,366150
34316627364,7,9172,scored,perfect,339130
34318605389,12,9173,scored,perfect,-172095
34320605615,4,9174,scored,perfect,293485
34325636750,9,9175,scored,perfect,-139020
34331602184,11,9176,scored,perfect,264314
34340602063,3,9177,scored,perfect,14302
34341604258,10,9178,scored,perfect,105829
34342601896,15,9179,scored,perfect,319419
34344601505,14,9180,scored,perfect,-239481
34347604479,8,9181,scored,perfect,361468
34347606208,2,9182,scored,perfect,-539885
34350601135,0,9183,scored,perfect,402642
34350601655,1,9184,scored,perfect,237889
34355604638,6,9185,scored,perfect,-396811
34357648672,5,9186,scored,perfect,-18125
34372608949,9,9187,scored,perfect,-381353
34373602319,7,9188,scored,perfect,-257309
34376605035,11,9189,scored,perfect,268425
34383604522,13,9190,scored,perfect,-436979
34386605336,14,9191,scored,perfect,-435116
34389601713,4,9192,scored,perfect,349382
34395603214,15,9193,scored,perfect,-44517
34397606056,6,9194,scored,perfect,148736
34412602264,8,9195,scored,perfect,-361876
34415601573,1,9196,scored,perfect,178401
34419604161,5,9197,scored,perfect,179617
34421601978,3,9198,scored,perfect,-513087
34422612042,10,9199,scored,perfect,415806
34430608411,4,9200,scored,perfect,359866
34430609027,7,9201,scored,perfect,153244
34435604233,12,9202,scored,perfect,172425
34438628201,0,9203,scored,perfect,-155522
34442603028,13,9204,scored,perfect,-105760
34449600436,2,9205,scored,perfect,-220692
34451600625,14,9206,scored,perfect,-160788
34452603770,6,9207,scored,perfect,-368863
34453599662,8,9208,scored,perfect,336235
34456600660,1,9209,scored,perfect,117864
34460603767,5,9210,scored,perfect,415759
34461602792,15,9211,scored,perfect,372414
34466605960,3,9212,scored,perfect,426873
34466606589,9,9213,scored,perfect,66879
34466606967,10,9214,scored,perfect,-110213
34467600218,11,9215,scored,perfect,-279484
34474602648,7,9216,scored,perfect,-109984
34475604185,4,9217,scored,perfect,425772
34476601075,12,9218,scored,perfect,468625
34479600208,0,9219,scored,perfect,78671
34484610619,13,9220,scored,perfect,-225158
34491600278,2,9221,scored,perfect,400548
34493607071,6,9222,scored,perfect,477406
34495603091,8,9223,scored,perfect,-127046
34496599926,14,9224,scored,perfect,28875
34505601705,5,9225,scored,perfect,-117334
34505602499,1,9226,scored,perfect,-288994
34506604162,3,9227,scored,perfect,83328
34508637545,9,9228,scored,perfect,479332
34508659153,11,9229,scored,perfect,-164159
34509608644,10,9230,scored,perfect,355982
34515603903,15,9231,scored,perfect,615923
34516638947,12,9232,scored,perfect,323893
34517641427,7,9233,scored,perfect,-49605
34523604026,0,9234,scored,perfect,-316987
34523605069,4,9235,scored,perfect,-412907
34531607171,2,9236,scored,perfect,195014
34535603888,6,9237,scored,perfect,196313
34536609373,8,9238,scored,perfect,347776
34536610147,13,9239,scored,perfect,-119302
34537630477,14,9240,scored,perfect,336482
34546603853,5,9241,scored,perfect,508397
34546604443,3,9242,scored,perfect,-447074
34547613466,1,9243,scored,perfect,-648485
34552604763,10,9244,scored,perfect,409206
34556602283,11,9245,scored,perfect,158671
34564605344,12,9246,scored,perfect,174292
34571600303,0,9247,scored,perfect,251896
34577609354,14,9248,scored,perfect,78589
34579600312,13,9249,scored,perfect,-124504
34579600755,15,9250,scored,perfect,-448989
34581603119,6,9251,scored,perfect,-179438
34583604779,2,9252,scored,perfect,451432
34584607998,7,9253,scored,perfect,82282
34586604568,3,9254,scored,perfect,-645074
34589600728,8,9255,scored,perfect,253244
34593604755,9,9256,scored,perfect,331977
34600629843,11,9257,scored,perfect,-41261
34601603904,5,9259,scored,perfect,-60954
34601604636,10,9258,scored,perfect,245743
34601605052,4,9260,scored,perfect,-367589
34602610532,1,9261,scored,perfect,-270984
34605600752,12,9262,scored,perfect,-424408
34613639730,0,9263,scored,perfect,216011
34618601129,14,9264,scored,perfect,-30920
34623601845,6,9265,scored,perfect,7433
34626601493,13,9266,scored,perfect,76786
34630603940,3,9267,scored,perfect,447974
34630604634,7,9268,scored,perfect,-222090
34630605063,2,9269,scored,perfect,-450020
34631606032,8,9270,scored,perfect,-155415
34635603420,9,9271,scored,perfect,570587
34636609711,15,9272,scored,perfect,271540
34641627544,11,9273,scored,perfect,27508
34645604816,10,9274,scored,perfect,-186386
34652600648,4,9275,scored,perfect,-357837
34656607272,1,9276,scored,perfect,-13260
34657605567,12,9277,scored,perfect,-237959
34662661182,5,9278,scored,perfect,-27437
34666604279,6,9279,scored,perfect,-148693
34667630250,13,9280,scored,perfect,-293849
34669608984,14,9281,scored,perfect,-450018
34670653854,3,9282,scored,perfect,301063
34673606884,2,9283,scored,perfect,-116602
34683602397,0,9284,scored,perfect,302034
34683603153,9,9285,scored,perfect,92920
34685609367,11,9286,scored,perfect,442900
34687649051,10,9287,scored,perfect,316680
34692604557,8,9288,scored,perfect,-96236
34693601685,15,9289,scored,perfect,532227
34701603894,4,9290,scored,perfect,112562
34703604654,12,9291,scored,perfect,141892
34707601202,1,9292,scored,perfect,-12353
34715644500,2,9293,scored,perfect,626302
34722606054,7,9294,scored,perfect,58568
34729643039,9,9295,scored,perfect,443427
34729646470,0,9296,scored,perfect,223230
34731609913,11,9297,scored,perfect,-348773
34737648068,6,9298,scored,perfect,367110
34738631421,14,9299,scored,perfect,363626
34741601627,3,9300,scored,perfect,-615304
34742605090,8,9301,scored,perfect,118860
34744604934,4,9303,scored,perfect,-147467
34744605500,10,9302,scored,perfect,3188
34745601839,5,9304,scored,perfect,298051
34749650976,15,9305,scored,perfect,56310
34758646597,2,9306,scored,perfect,-176304
34760605640,12,9307,scored,perfect,-23971
34762602235,1,9308,scored,perfect,156789
34764600826,7,9309,scored,perfect,-114227
34767602080,13,9310,scored,perfect,-75735
34773604584,0,9311,scored,perfect,122341
34778638019,6,9312,scored,perfect,384751
34779599791,11,9314,scored,perfect,-251653
34779600215,14,9313,scored,perfect,-218074
34786602813,5,9315,scored,perfect,-522508
34788624643,8,9316,scored,perfect,26254
34791602957,3,9317,scored,perfect,90453
34791603552,9,9318,scored,perfect,155
34794605409,4,9319,scored,perfect,423135
34796603696,10,9320,scored,perfect,513339
34796604203,15,9321,scored,perfect,-306483
34803602314,1,9322,scored,perfect,10202
34803603358,12,9323,scored,perfect,-177336
34805603363,7,9324,scored,perfect,475441
34808601949,2,9325,scored,perfect,382608
34808602557,13,9326,scored,perfect,-427516
34816605908,0,9327,scored,perfect,274003
34818605888,6,9328,scored,perfect,-308596
34821656548,14,9329,scored,perfect,90743
34826606594,11,9330,scored,perfect,108891
34827604471,5,9331,scored,perfect,68851
34832601524,3,9332,scored,perfect,566517
34838645551,8,9333,scored,perfect,220154
34840604570,9,9334,scored,perfect,-17755
34842601280,15,9335,scored,perfect,2682
34844605427,12,9336,scored,perfect,-502358
34849631780,10,9337,scored,perfect,297946
34853606007,1,9338,scored,perfect,-138429
34857605338,13,9339,scored,perfect,-240414
34858601292,2,9340,scored,perfect,-313059
34861602075,6,9341,scored,perfect,-122223
34866604495,0,9342,scored,perfect,-435225
34868602490,7,9343,scored,perfect,139377
34877601519,3,9344,scored,perfect,-260373
34879629828,8,9345,scored,perfect,481349
34879632498,14,9346,scored,perfect,-41500
34881606109,11,9347,scored,perfect,211089
34881606733,4,9348,scored,perfect,-269930
34882605686,5,9349,scored,perfect,526483
34886601281,9,9350,scored,perfect,16897
34888600694,12,9351,scored,perfect,315527
34890601687,10,9352,scored,perfect,515903
34892629712,15,9353,scored,perfect,-169971
34896629939,1,9354,scored,perfect,414488
34898608141,13,9355,scored,perfect,76939
34902600427,2,9356,scored,perfect,153023
34903605720,6,9357,scored,perfect,129528
34908603007,0,9358,scored,perfect,-470387
34911603217,7,9359,scored,perfect,-261827
34922608976,14,9360,scored,perfect,-642704
34926604436,11,9361,scored,perfect,-401289
34938601418,3,9362,scored,perfect,-466875
34946604246,10,9363,scored,perfect,132465
34949629086,1,9365,scored,perfect,385324
34949632576,8,9364,scored,perfect,429186
34951604335,12,9366,scored,perfect,326322
34951604926,4,9367,scored,perfect,283646
34952605130,7,9368,scored,perfect,-47830
34958647300,5,9369,scored,perfect,367084
34971605157,14,9370,scored,perfect,462415
34976604188,0,9371,scored,perfect,35014
34976604838,2,9373,scored,perfect,-351270
34976605236,11,9372,scored,perfect,-148358
34980606250,9,9374,scored,perfect,98232
34981604697,6,9375,scored,perfect,15944
34984613470,13,9376,scored,perfect,-292200
34985606436,3,9378,scored,perfect,346813
34985606992,15,9377,scored,perfect,484119
34987603808,10,9379,scored,perfect,-277061
34989601984,8,9380,scored,perfect,96263
34993631753,4,9381,scored,perfect,-59492
34998601006,7,9382,scored,perfect,-164265
35002600820,5,9383,scored,perfect,-74844
35003602766,1,9384,scored,perfect,-115456
35004601875,12,9385,scored,perfect,530229
35019603683,2,9386,scored,perfect,-371583
35021600370,14,9387,scored,perfect,-268731
35026602855,15,9388,scored,perfect,-218918
35028603228,9,9389,scored,perfect,4848
35029622314,3,9391,scored,perfect,436505
35029624861,6,9390,scored,perfect,635880
35031602927,10,9392,scored,perfect,-308261
35032603114,8,9393,scored,perfect,-17623
35033601889,11,9394,scored,perfect,265943
35042601763,13,9395,scored,perfect,-204688
35044599614,0,9396,scored,perfect,-147697
35046600806,1,9398,scored,perfect,-490735
35046601315,7,9397,scored,perfect,-279657
35051600849,12,9399,scored,perfect,597316
35052603181,5,9400,scored,perfect,-224860
35054599725,4,9401,scored,perfect,-426974
35061601103,2,9402,scored,perfect,42787
35063599919,14,9403,scored,perfect,-27039
35073603504,6,9404,scored,perfect,3380
35074604312,9,9405,scored,perfect,279670
35075600257,3,9406,scored,perfect,236162
35075600752,11,9407,scored,perfect,-175606
35076602679,15,9408,scored,perfect,630044
35076603170,8,9409,scored,perfect,-40843
35077600250,10,9410,scored,perfect,-242460
35083602465,13,9411,scored,perfect,245508
35090604719,7,9412,scored,perfect,-97500
35092600487,1,9413,scored,perfect,40616
35093603218,12,9414,scored,perfect,381226
35095603432,0,9415,scored,perfect,229427
35096602760,5,9416,scored,perfect,359445
35096603418,4,9417,scored,perfect,-55561
35104599888,2,9418,scored,perfect,266159
35105606988,14,9419,scored,perfect,-302956
35114601263,6,9420,scored,perfect,203506
35114602296,9,9421,scored,perfect,103425
35117630423,8,9422,scored,perfect,-222958
35122658336,15,9423,scored,perfect,-176015
35126605587,13,9424,scored,perfect,-124640
35127605433,3,9425,scored,perfect,346655
35127605897,10,9426,scored,perfect,-93663
35127606339,11,9427,scored,perfect,-405153
35135605100,12,9428,scored,perfect,-165476
35136605114,7,9429,scored,perfect,-444258
35137648714,5,9430,scored,perfect,178028
35138648429,0,9431,scored,perfect,-11114
35140604194,1,9432,scored,perfect,470616
35140604647,4,9433,scored,perfect,446252
35144606127,2,9434,scored,perfect,185457
35146601633,14,9435,scored,perfect,100960
35155605234,9,9436,scored,perfect,437806
35157604875,6,9437,scored,perfect,-232845
35160639335,8,9438,scored,perfect,88257
35166601678,15,9439,scored,perfect,218474
35167662307,3,9440,scored,perfect,21297
35167662949,13,9441,scored,perfect,-221761
35168602466,10,9442,scored,perfect,181088
35169605477,11,9443,scored,perfect,-587403
35176601066,12,9444,scored,perfect,146657
35177606634,7,9445,scored,perfect,181519
35179604199,5,9446,scored,perfect,273477
35179604784,0,9447,scored,perfect,-273527
35180601763,1,9448,scored,perfect,464624
35180602294,4,9449,scored,perfect,375065
35184605347,2,9450,scored,perfect,-367192
35194606538,14,9451,scored,perfect,-205277
35196651917,9,9452,scored,perfect,518983
35197604719,6,9453,scored,perfect,-527765
35202600043,8,9454,scored,perfect,-395845
35211605340,11,9455,scored,perfect,175972
35213601162,13,9456,scored,perfect,-339149
35216605882,12,9457,scored,perfect,-291375
35222607056,5,9458,scored,perfect,-99644
35228604918,10,9459,scored,perfect,205634
35229643576,3,9460,scored,perfect,-7881
35232606717,1,9461,scored,perfect,4980
35233604032,4,9462,scored,perfect,-270402
35233604606,7,9463,scored,perfect,-605140
35236605047,15,9464,scored,perfect,239751
35240611234,2,9465,scored,perfect,377893
35241601401,6,9466,scored,perfect,-540096
35242639105,0,9468,scored,perfect,-201148
35242642517,9,9467,scored,perfect,-91382
35247605607,14,9469,scored,perfect,-572930
35248616164,8,9470,scored,perfect,-200588
35251605179,11,9471,scored,perfect,-195396
35256601784,13,9472,scored,perfect,-218891
35257611500,12,9473,scored,perfect,-7776
35265332765,5,9474,scored,perfect,359417
35271389743,3,9475,scored,perfect,-321395
35276393461,15,9476,scored,perfect,-149662
35278392929,1,9477,scored,perfect,-161404
35285395550,2,9478,scored,perfect,-80289
35287393714,7,9479,scored,perfect,84452
35289392362,4,9480,scored,perfect,-147373
35290392432,0,9481,scored,perfect,280969
35306384946,14,9482,scored,perfect,-356404
35307382554,5,9483,scored,perfect,-371675
35309383198,13,9484,scored,perfect,-194908
35311390271,8,9485,scored,perfect,249216
35312391147,12,9486,scored,perfect,234264
35315387199,9,9487,scored,perfect,247366
35315388389,11,9488,scored,perfect,-39340
35318389813,1,9489,scored,perfect,-314515
35320384534,15,9490,scored,perfect,-15982
35323388068,3,9491,scored,perfect,-444145
35324385392,10,9492,scored,perfect,-116604
35331387266,6,9493,scored,perfect,-104225
35334383008,2,9494,scored,perfect,-421880
35337382955,0,9495,scored,perfect,434453
35338382577,4,9496,scored,perfect,-401307
35342385308,7,9497,scored,perfect,-34726
35348387793,14,9498,scored,perfect,362362
35354387698,5,9499,scored,perfect,-43616
35355394816,8,9500,scored,perfect,603398
35355395703,9,9501,scored,perfect,255669
35361390232,12,9502,scored,perfect,438742
35365389686,10,9503,scored,perfect,342571
35367387941,11,9504,scored,perfect,-7034
35367388726,13,9505,scored,perfect,-376564
35370390953,3,9506,scored,perfect,-279045
35377393518,1,9507,scored,perfect,-286731
35382392646,6,9508,scored,perfect,-1387
35386390327,2,9509,scored,perfect,-494055
35390388521,0,9512,scored,perfect,206644
35390390257,4,9510,scored,perfect,340259
35390390830,14,9511,scored,perfect,322434
35393388342,7,9513,scored,perfect,-300475
35397390349,5,9514,scored,perfect,-276944
35398391383,8,9515,scored,perfect,301395
35400384279,15,9516,scored,perfect,-481008
35402384897,9,9517,scored,perfect,-23079
35403388402,12,9518,scored,perfect,-332568
35407384641,11,9519,scored,perfect,-169579
35416387922,10,9520,scored,perfect,-337894
35417384270,3,9522,scored,perfect,-54120
35417384826,13,9521,scored,perfect,113709
35419389364,1,9523,scored,perfect,209820
35425383897,6,9524,scored,perfect,360158
35426393789,2,9525,scored,perfect,-571180
35430398591,4,9526,scored,perfect,188503
35436390551,0,9527,scored,perfect,95913
35439391250,7,9528,scored,perfect,-25028
35440389710,5,9529,scored,perfect,-218723
35446384800,14,9530,scored,perfect,141475
35449389869,15,9531,scored,perfect,37123
35452386704,9,9532,scored,perfect,25455
35453388501,8,9534,scored,perfect,300314
35453389196,11,9533,scored,perfect,353071
35455389168,12,9535,scored,perfect,-463144
35458383663,13,9536,scored,perfect,414089
35458384351,3,9537,scored,perfect,205259
35467388954,2,9538,scored,perfect,-294291
35468388756,1,9540,scored,perfect,187243
35468389340,6,9539,scored,perfect,369788
35474386690,4,9541,scored,perfect,-164322
35475386044,10,9542,scored,perfect,159729
35482388559,0,9543,scored,perfect,-67305
35484388028,5,9544,scored,perfect,-547447
35494389572,15,9545,scored,perfect,58957
35498389382,3,9546,scored,perfect,-103931
35505388747,7,9547,scored,perfect,-340829
35508382484,14,9548,scored,perfect,-77883
35509441697,8,9549,scored,perfect,281145
35509442769,1,9550,scored,perfect,-138974
35515388400,12,9551,scored,perfect,-78120
35519388440,2,9552,scored,perfect,-206071
35520388316,10,9553,scored,perfect,-395351
35528388949,6,9554,scored,perfect,430820
35529384960,0,9555,scored,perfect,75993
35530387385,13,9556,scored,perfect,138465
35532386986,4,9557,scored,perfect,263389
35532387744,5,9558,scored,perfect,173391
35536391595,9,9559,scored,perfect,-229867
35543389176,3,9560,scored,perfect,165685
35545390173,11,9561,scored,perfect,211700
35546385725,7,9562,scored,perfect,38849
35548391651,15,9563,scored,perfect,459577
35552385892,14,9564,scored,perfect,-422237
35555387905,1,9565,scored,perfect,541965
35556388564,8,9566,scored,perfect,-306306
35558387994,12,9567,scored,perfect,203136
35562383371,2,9568,scored,perfect,388226
35562384085,10,9569,scored,perfect,-494627
35570391267,13,9570,scored,perfect,-286741
35572388763,4,9571,scored,perfect,166850
35573388334,5,9572,scored,perfect,-338217
35575383279,6,9573,scored,perfect,24526
35577392540,9,9574,scored,perfect,192495
35582386882,0,9575,scored,perfect,3581
35584444085,3,9576,scored,perfect,507015
35586391986,11,9577,scored,perfect,-307161
35595386534,14,9578,scored,perfect,436547
35599386130,12,9579,scored,perfect,88150
35603391295,2,9580,scored,perfect,401174
35603392465,10,9581,scored,perfect,107517
35605387284,15,9582,scored,perfect,434581
35605387687,7,9583,scored,perfect,-455718
35607390781,1,9584,scored,perfect,314318
35609446349,8,9585,scored,perfect,426483
35612384069,13,9586,scored,perfect,286728
35613386631,4,9587,scored,perfect,198695
35615391198,5,9588,scored,perfect,278920
35615391950,6,9589,scored,perfect,-320457
35618387832,9,9590,scored,perfect,-196140
35623386709,0,9591,scored,perfect,-72907
35624390621,3,9592,scored,perfect,330544
35627386307,11,9593,scored,perfect,650631
35637384138,14,9594,scored,perfect,-67593
35643387236,12,9595,scored,perfect,409360
35648390771,7,9596,scored,perfect,-502805
35652386124,15,9597,scored,perfect,338130
35655387119,10,9598,scored,perfect,-405946
35656388099,13,9599,scored,perfect,453454
35657392154,4,9600,scored,perfect,34
35658386243,6,9601,scored,perfect,366885
35659440225,2,9602,scored,perfect,-68744
35659440729,5,9603,scored,perfect,-430803
35661390817,1,9604,scored,perfect,-49488
35664386694,3,9605,scored,perfect,326125
35666384646,9,9606,scored,perfect,-42584
35673388361,0,9607,scored,perfect,273611
35674391660,8,9608,scored,perfect,152215
35678391437,14,9609,scored,perfect,496449
35680387630,11,9610,scored,perfect,194105
35684443552,12,9611,scored,perfect,533705
35695391409,15,9612,scored,perfect,-533765
35699390107,6,9613,scored,perfect,262785
35699390788,10,9614,scored,perfect,244490
35702391701,1,9615,scored,perfect,572162
35702392424,2,9616,scored,perfect,68547
35703386839,7,9617,scored,perfect,-387540
35705387194,5,9618,scored,perfect,63225
35705388344,13,9619,scored,perfect,-336897
35708384573,4,9620,scored,perfect,270834
35716384133,0,9621,scored,perfect,-223516
35719388340,14,9622,scored,perfect,135585
35720390522,3,9623,scored,perfect,328426
35725386651,11,9624,scored,perfect,495259
35727386133,8,9625,scored,perfect,409767
35730387320,12,9626,scored,perfect,297314
35731386700,9,9627,scored,perfect,-436606
35736389762,15,9628,scored,perfect,-440030
35739386839,10,9629,scored,perfect,-229837
35741384332,6,9630,scored,perfect,277973
35742386541,1,9631,scored,perfect,224022
35743387066,2,9632,scored,perfect,334094
35750384115,4,9633,scored,perfect,-245510
35753388989,13,9634,scored,perfect,-178436
35763386760,14,9635,scored,perfect,-212363
35765387165,0,9636,scored,perfect,248701
35772388727,12,9637,scored,perfect,-8606
35772390699,7,9638,scored,perfect,-336171
35773387372,11,9639,scored,perfect,173362
35775383798,8,9640,scored,perfect,525529
35784442094,5,9641,scored,perfect,546080
35793387615,3,9642,scored,perfect,-108360
35804384009,14,9643,scored,perfect,-80187
35808383927,13,9644,scored,perfect,-88950
35809461185,2,9645,scored,perfect,-59410
35812384320,15,9646,scored,perfect,86826
35819387581,11,9647,scored,perfect,-203368
35828384263,12,9648,scored,perfect,126627
35829386323,4,9649,scored,perfect,305572
35830387341,0,9650,scored,perfect,-213505
35833386691,7,9651,scored,perfect,73082
35833387124,1,9652,scored,perfect,-281582
35837384742,9,9653,scored,perfect,-305515
35853387660,2,9654,scored,perfect,-176891
35863387936,3,9655,scored,perfect,-322810
35866386855,6,9656,scored,perfect,-351153
35867386408,8,9657,scored,perfect,-519793
35868388775,5,9658,scored,perfect,7645
35876386321,10,9659,scored,perfect,349288
35880389813,14,9660,scored,perfect,170805
35882390754,1,9662,scored,perfect,-238437
35882391483,9,9661,scored,perfect,-203775
35883386896,4,9663,scored,perfect,489746
35888386352,0,9664,scored,perfect,164817
35891384710,11,9665,scored,perfect,440164
35893387405,15,9666,scored,perfect,-213215
35894387392,13,9667,scored,perfect,-367716
35898387347,7,9668,scored,perfect,-12751
35905387300,12,9669,scored,perfect,543501
35905387842,3,9670,scored,perfect,-123746
35909445996,5,9671,scored,perfect,-486319
35912386133,8,9672,scored,perfect,61019
35915387206,2,9673,scored,perfect,235154
35919388109,6,9674,scored,perfect,-116316
35923386597,1,9675,scored,perfect,487137
35925384373,10,9676,scored,perfect,507476
35928383743,14,9677,scored,perfect,227257
35930383666,9,9678,scored,perfect,-236225
35933384489,11,9679,scored,perfect,562741
35935389083,13,9680,scored,perfect,-281276
35936391162,15,9681,scored,perfect,-360677
35939386215,4,9682,scored,perfect,466752
35946384020,12,9683,scored,perfect,-389066
35947388261,7,9684,scored,perfect,-384377
35948386742,3,9685,scored,perfect,-411747
35949388814,0,9686,scored,perfect,157352
35950383620,5,9687,scored,perfect,-467059
35952386786,8,9688,scored,perfect,-432523
35958384256,2,9689,scored,perfect,-437214
35959442017,6,9690,scored,perfect,-162971
35964388985,1,9691,scored,perfect,-179446
35965399561,10,9692,scored,perfect,-88987
35969397624,14,9693,scored,perfect,303149
35972391129,9,9694,scored,perfect,-329657
35973386731,11,9695,scored,perfect,460347
35979383954,4,9696,scored,perfect,361290
35981396480,15,9697,scored,perfect,-142396
35983384325,13,9698,scored,perfect,-6048
35988385630,12,9699,scored,perfect,302782
35990391784,3,9700,scored,perfect,122167
36005385920,5,9701,scored,perfect,258113
36008387724,0,9702,scored,perfect,-449601
36014387872,7,9703,scored,perfect,-79696
36015397507,1,9704,scored,perfect,247815
36016391064,10,9705,scored,perfect,-417199
36022389825,2,9706,scored,perfect,-450423
36025383840,13,9707,scored,perfect,575656
36031389192,15,9708,scored,perfect,428590
36034386336,9,9709,scored,perfect,260454
36034387223,14,9710,scored,perfect,-156334
36035402471,11,9711,scored,perfect,247716
36037384862,4,9712,scored,perfect,17771
36039388578,3,9714,scored,perfect,276847
36039389250,12,9713,scored,perfect,503226
36047393253,6,9715,scored,perfect,-117958
36048396767,5,9716,scored,perfect,-469731
36051386275,0,9717,scored,perfect,212535
36055383765,7,9718,scored,perfect,262456
36059385400,10,9719,scored,perfect,-118141
36061402491,1,9720,scored,perfect,-241921
36063383223,2,9721,scored,perfect,-196168
36064388059,8,9722,scored,perfect,-526860
36066390167,13,9723,scored,perfect,95730
36072389354,15,9724,scored,perfect,158173
36075384114,9,9725,scored,perfect,-68441
36082400902,14,9726,scored,perfect,38737
36083391241,4,9727,scored,perfect,-460069
36084455136,12,9728,scored,perfect,366634
36086397672,3,9729,scored,perfect,-183885
36091391839,11,9730,scored,perfect,549657
36092385743,6,9731,scored,perfect,-44377
36093388728,0,9732,scored,perfect,-58664
36099387221,5,9733,scored,perfect,-59163
36106390850,10,9734,scored,perfect,-106764
36109387312,7,9735,scored,perfect,-488924
36110388410,8,9736,scored,perfect,-354658
36111399886,1,9737,scored,perfect,354223
36113383485,13,9738,scored,perfect,331702
36113384074,15,9739,scored,perfect,212795
36113384632,2,9740,scored,perfect,-125609
36115392025,9,9741,scored,perfect,-202000
36123389758,14,9742,scored,perfect,427443
36123390591,4,9743,scored,perfect,-591372
36127387808,3,9744,scored,perfect,-227318
36130387664,12,9745,scored,perfect,435877
36134450430,0,9746,scored,perfect,519149
36135390797,11,9747,scored,perfect,255904
36136399936,6,9748,scored,perfect,348573
36142386746,5,9749,scored,perfect,-259850
36148394190,10,9750,scored,perfect,-114731
36155388783,15,9751,scored,perfect,-366409
36156391106,1,9752,scored,perfect,-238405
36165388292,2,9753,scored,perfect,-49516
36167386930,7,9754,scored,perfect,-152995
36173388626,12,9755,scored,perfect,489185
36173389292,3,9756,scored,perfect,-447352
36174388475,8,9757,scored,perfect,334690
36175386121,4,9758,scored,perfect,415243
36180387550,6,9759,scored,perfect,664827
36181388020,9,9760,scored,perfect,472651
36185390903,13,9761,scored,perfect,144520
36186400722,11,9762,scored,perfect,331835
36186401955,0,9763,scored,perfect,248666
36191388583,5,9764,scored,perfect,100569
36192385864,10,9765,scored,perfect,111612
36202383782,15,9766,scored,perfect,550560
36203392662,1,9767,scored,perfect,89191
36203393398,14,9768,scored,perfect,48084
36209450825,7,9769,scored,perfect,-77298
36211398571,2,9770,scored,perfect,541463
36214388531,3,9771,scored,perfect,-424867
36216392043,8,9772,scored,perfect,597955
36217386299,4,9773,scored,perfect,5355
36221383880,6,9774,scored,perfect,224419
36234446133,10,9775,scored,perfect,485167
36235389355,12,9776,scored,perfect,128382
36235390002,5,9777,scored,perfect,-331489
36240396220,11,9778,scored,perfect,-289271
36241392737,9,9780,scored,perfect,192890
36241393384,13,9779,scored,perfect,196323
36244386213,1,9781,scored,perfect,227347
36246386257,0,9782,scored,perfect,-32739
36247388883,14,9783,scored,perfect,559905
36247389363,15,9784,scored,perfect,440802
36253392225,7,9785,scored,perfect,178029
36255383303,3,9786,scored,perfect,518568
36255383860,2,9787,scored,perfect,230277
36257398932,8,9788,scored,perfect,152152
36259382907,4,9789,scored,perfect,-287481
36263383374,6,9790,scored,perfect,168020
36275386968,5,9791,scored,perfect,-365772
36277384591,10,9792,scored,perfect,415262
36284385951,9,9793,scored,perfect,-276642
36284386826,13,9794,scored,perfect,-344875
36288387295,15,9795,scored,perfect,428503
36288388163,14,9796,scored,perfect,-301378
36289388336,11,9797,scored,perfect,227960
36295393010,7,9798,scored,perfect,-392131
36296387926,0,9799,scored,perfect,-126592
36298391159,2,9800,scored,perfect,398360
36300384939,3,9801,scored,perfect,371040
36305387847,6,9802,scored,perfect,469514
36307429603,4,9803,scored,perfect,403602
36310395778,8,9804,scored,perfect,-104907
36314397385,1,9805,scored,perfect,345082
36314398380,12,9806,scored,perfect,-371613
36319384734,10,9807,scored,perfect,473010
36324386397,5,9808,scored,perfect,-381841
36325393980,13,9809,scored,perfect,592219
36327387970,9,9810,scored,perfect,-32810
36330387449,11,9811,scored,perfect,325015
36330387946,15,9812,scored,perfect,-408255
36331391917,14,9813,scored,perfect,422112
36340385142,2,9814,scored,perfect,195245
36349391431,0,9815,scored,perfect,362293
36353397688,7,9816,scored,perfect,66118
36355387626,4,9817,scored,perfect,269076
36359454736,3,9818,scored,perfect,-484074
36360390461,6,9819,scored,perfect,272719
36360391056,10,9820,scored,perfect,225026
36363386767,1,9821,scored,perfect,587412
36363387264,12,9822,scored,perfect,503808
36365387372,5,9823,scored,perfect,359125
36372390909,13,9824,scored,perfect,-471042
36374390219,9,9825,scored,perfect,-48519
36374390802,14,9826,scored,perfect,-204287
36375386334,11,9827,scored,perfect,487817
36377387831,8,9828,scored,perfect,454484
36381387534,2,9829,scored,perfect,-409854
36383387773,15,9830,scored,perfect,200901
36389388044,0,9831,scored,perfect,-158085
36394391226,7,9832,scored,perfect,-163689
36395388475,4,9833,scored,perfect,206171
36406391056,6,9834,scored,perfect,-2692
36406392023,5,9835,scored,perfect,-370188
36414389254,10,9836,scored,perfect,201098
36417387154,1,9837,scored,perfect,131229
36417387641,3,9838,scored,perfect,-473227
36422387902,9,9839,scored,perfect,478549
36425387057,15,9840,scored,perfect,438036
36426386807,8,9841,scored,perfect,-214131
36431387058,14,9842,scored,perfect,-124522
36433388874,2,9843,scored,perfect,211594
36433389647,11,9844,scored,perfect,-172971
36436391007,7,9845,scored,perfect,135332
36438387479,0,9846,scored,perfect,-217798
36448387681,5,9847,scored,perfect,476719
36452386278,4,9849,scored,perfect,563464
36452386817,13,9848,scored,perfect,693033
36459447732,1,9850,scored,perfect,-527819
36461387821,12,9851,scored,perfect,428599
36463387674,10,9852,scored,perfect,376559
36464385996,3,9853,scored,perfect,235296
36464386551,6,9854,scored,perfect,209162
36466387419,15,9855,scored,perfect,-319932
36468386875,8,9856,scored,perfect,-321891
36470384905,9,9857,scored,perfect,-548546
36474384563,11,9858,scored,perfect,-354702
36481386706,2,9859,scored,perfect,-69092
36484445157,0,9860,scored,perfect,371479
36486386653,14,9861,scored,perfect,320169
36487387231,7,9862,scored,perfect,178695
36488386469,5,9863,scored,perfect,62253
36492387010,13,9864,scored,perfect,-189750
36494383541,4,9865,scored,perfect,308823
36503389072,12,9866,scored,perfect,470486
36505391610,6,9867,scored,perfect,212
36506390048,10,9868,scored,perfect,492431
36506390757,1,9869,scored,perfect,-445148
36508389636,15,9870,scored,perfect,272829
36508390269,3,9871,scored,perfect,202029
36512391349,9,9872,scored,perfect,-411391
36516390389,11,9873,scored,perfect,-210493
36519388883,8,9874,scored,perfect,371036
36523387761,2,9875,scored,perfect,271200
36528391021,0,9876,scored,perfect,303166
36528392250,7,9877,scored,perfect,156306
36531385935,14,9878,scored,perfect,154840
36533383150,5,9879,scored,perfect,540885
36533383642,13,9880,scored,perfect,317330
36535391338,4,9881,scored,perfect,-163519
36543395067,12,9882,scored,perfect,23599
36546388901,6,9883,scored,perfect,246919
36548394788,1,9884,scored,perfect,336068
36548395671,3,9886,scored,perfect,-368134
36548396152,10,9885,scored,perfect,-320186
36552391158,15,9887,scored,perfect,-196754
36554386084,9,9888,scored,perfect,270926
36558392400,11,9889,scored,perfect,-426803
36562394854,8,9890,scored,perfect,-355631
36564391550,2,9891,scored,perfect,-155027
36568404934,0,9892,scored,perfect,77798
36569392007,7,9893,scored,perfect,131216
36573393432,5,9894,scored,perfect,477032
36573394796,14,9895,scored,perfect,-508752
36590385674,6,9896,scored,perfect,-30439
36596391506,12,9897,scored,perfect,181861
36596392517,1,9898,scored,perfect,-93532
36601386171,13,9899,scored,perfect,-8551
36604394061,3,9900,scored,perfect,302467
36607387492,11,9901,scored,perfect,30747
36608385293,4,9902,scored,perfect,-211304
36609389022,9,9903,scored,perfect,-316125
36611386859,0,9904,scored,perfect,-161487
36612389984,8,9905,scored,perfect,167463
36614387599,5,9906,scored,perfect,191486
36616386713,7,9907,scored,perfect,479808
36621385306,15,9908,scored,perfect,23335
36624392809,2,9909,scored,perfect,-280724
36629394568,14,9910,scored,perfect,429875
36631386298,6,9911,scored,perfect,-427657
36636395333,12,9912,scored,perfect,-59934
36640389711,10,9913,scored,perfect,392852
36643387884,13,9914,scored,perfect,107287
36649386358,1,9915,scored,perfect,729024
36650385206,4,9916,scored,perfect,-104513
36651386314,11,9917,scored,perfect,176329
36652394117,0,9918,scored,perfect,-144581
36653390983,8,9919,scored,perfect,-74916
36657388868,9,9920,scored,perfect,267173
36661388537,7,9921,scored,perfect,107743
36663386095,15,9922,scored,perfect,387483
36664384066,3,9923,scored,perfect,209928
36666383969,2,9924,scored,perfect,-145427
36675384479,14,9925,scored,perfect,246199
36676385126,12,9926,scored,perfect,-178587
36678385822,5,9927,scored,perfect,-281987
36679385952,6,9928,scored,perfect,77675
36680387758,10,9929,scored,perfect,59032
36685389042,13,9930,scored,perfect,-277955
36689387795,1,9931,scored,perfect,523062
36690387312,4,9932,scored,perfect,-243171
36693392202,0,9933,scored,perfect,-148984
36696387358,8,9934,scored,perfect,-148917
36698386107,11,9935,scored,perfect,-28505
36706387925,2,9936,scored,perfect,-548399
36709387044,9,9937,scored,perfect,346436
36711388419,15,9938,scored,perfect,110590
36714388005,3,9939,scored,perfect,480316
36714388691,7,9940,scored,perfect,-353215
36719387512,14,9941,scored,perfect,609079
36725385161,6,9942,scored,perfect,-309372
36730383986,12,9943,scored,perfect,655921
36731384701,10,9944,scored,perfect,520624
36733384231,1,9945,scored,perfect,486705
36739386505,0,9946,scored,perfect,287653
36740391435,8,9947,scored,perfect,81317
36744382738,13,9948,scored,perfect,460158
36747397301,11,9949,scored,perfect,-241423
36750384889,2,9950,scored,perfect,-177230
36752386426,4,9951,scored,perfect,335027
36753396207,9,9952,scored,perfect,1660
36758386198,3,9953,scored,perfect,642527
36764385658,14,9954,scored,perfect,-78283
36769392850,7,9955,scored,perfect,363683
36772395364,12,9956,scored,perfect,181824
36773386927,6,9957,scored,perfect,463924
36777387363,15,9958,scored,perfect,598611
36779394029,0,9959,scored,perfect,-116644
36780385699,8,9960,scored,perfect,-305984
36781388792,5,9961,scored,perfect,300428
36781389962,10,9962,scored,perfect,213321
36781390475,1,9963,scored,perfect,-49262
36790393454,11,9964,scored,perfect,130404
36791399954,2,9965,scored,perfect,271922
36793392427,9,9966,scored,perfect,-132466
36794386544,4,9967,scored,perfect,312169
36796383125,13,9968,scored,perfect,274326
36800384483,3,9969,scored,perfect,502745
36813390248,6,9970,scored,perfect,-213201
36815383426,14,9971,scored,perfect,343718
36818388701,12,9972,scored,perfect,47402
36823386384,5,9973,scored,perfect,375477
36824385268,15,9974,scored,perfect,179234
36829393135,1,9975,scored,perfect,443200
36831391203,7,9976,scored,perfect,-3939
36832390700,11,9977,scored,perfect,-135149
36840396705,0,9978,scored,perfect,449984
36845399705,2,9979,scored,perfect,-394325
36847401451,3,9981,scored,perfect,-381975
36847402560,9,9980,scored,perfect,-296582
36850396662,8,9982,scored,perfect,534603
36850397577,4,9984,scored,perfect,-80358
36850398122,13,9983,scored,perfect,20570
36859399449,14,9985,scored,perfect,190381
36859400759,10,9986,scored,perfect,-179977
36865408302,15,9987,scored,perfect,-149786
36867475799,5,9988,scored,perfect,453255
36868396855,12,9989,scored,perfect,5499
36870397730,6,9990,scored,perfect,432992
36871394871,1,9991,scored,perfect,268060
36871395615,7,9992,scored,perfect,-323400
36878387503,11,9993,scored,perfect,469413
36880400742,0,9994,scored,perfect,-224513
36886386713,2,9995,scored,perfect,-309742
36889389659,3,9996,scored,perfect,198438
36889390382,9,9997,scored,perfect,103412
36890392370,8,9998,scored,perfect,-251668
36897388083,4,10000,scored,perfect,487933
36897388922,13,9999,scored,perfect,508721
36903384509,14,10001,scored,perfect,229310
36903385121,10,10002,scored,perfect,-327529
36905391421,15,10003,scored,perfect,-414662
36913389581,5,10004,scored,perfect,-269356
36930397773,0,10005,scored,perfect,286390
36930400159,11,10006,scored,perfect,268180
36932389240,9,10007,scored,perfect,-111489
36934392843,12,10008,scored,perfect,393782
36944397096,6,10009,scored,perfect,466137
36946384992,10,10010,scored,perfect,231344
36955398006,1,10011,scored,perfect,-49523
36956387480,4,10012,scored,perfect,-373192
36957387544,8,10013,scored,perfect,321010
36959385827,13,10014,scored,perfect,71319
36959386530,15,10015,scored,perfect,-93157
36961393593,14,10016,scored,perfect,-482603
36962389714,2,10017,scored,perfect,-207644
36967390662,7,10018,scored,perfect,-158445
36969385899,3,10019,scored,perfect,-7090
36977391180,11,10020,scored,perfect,632719
36977391893,9,10021,scored,perfect,-107544
36979383670,0,10022,scored,perfect,-272988
36980391926,5,10023,scored,perfect,-293247
36981393214,12,10024,scored,perfect,167559
36984457491,6,10025,scored,perfect,289286
36986390093,10,10026,scored,perfect,228607
36997388853,1,10027,scored,perfect,86152
36998389868,4,10028,scored,perfect,-93977
36999388741,8,10029,scored,perfect,667095
36999389495,13,10030,scored,perfect,58961
37002392730,15,10031,scored,perfect,90453
37007389053,14,10032,scored,perfect,405635
37008388730,2,10033,scored,perfect,634295
37010395258,3,10034,scored,perfect,-239759
37020383958,5,10035,scored,perfect,-591738
37021390852,7,10036,scored,perfect,-88098
37022392780,9,10037,scored,perfect,-313724
37024384374,6,10038,scored,perfect,130759
37026387113,11,10039,scored,perfect,-144119
37027397317,12,10040,scored,perfect,-104979
37028385995,10,10041,scored,perfect,-320908
37032383860,0,10042,scored,perfect,-122652
37040385138,8,10043,scored,perfect,371462
37040385906,1,10044,scored,perfect,-95961
37042382828,4,10045,scored,perfect,352477
37042383303,13,10046,scored,perfect,333413
37047386697,15,10047,scored,perfect,-457071
37048385783,2,10048,scored,perfect,170956
37052390700,3,10049,scored,perfect,-274519
37055390763,14,10050,scored,perfect,-295120
37063390685,9,10051,scored,perfect,-77223
37063391656,5,10052,scored,perfect,-167957
37064391091,7,10053,scored,perfect,480075
37066382520,11,10054,scored,perfect,-284467
37070386306,6,10055,scored,perfect,367187
37072393679,10,10056,scored,perfect,-101093
37074385041,0,10057,scored,perfect,-201081
37074385918,12,10058,scored,perfect,-231006
37087386589,8,10059,scored,perfect,-383146
37089388052,15,10060,scored,perfect,334653
37090391356,2,10061,scored,perfect,-253025
37095390064,1,10062,scored,perfect,-281465
37096395319,3,10063,scored,perfect,-332391
37098354132,13,10064,scored,perfect,319851
37099393571,14,10065,scored,perfect,412104
37102392818,4,10066,scored,perfect,-104562
37108386694,5,10067,scored,perfect,258569
37111385913,11,10068,scored,perfect,16128
37113389505,10,10069,scored,perfect,320515
37116389531,6,10070,scored,perfect,-396869
37117389538,0,10071,scored,perfect,108675
37120398196,12,10072,scored,perfect,343221
37122385297,9,10073,scored,perfect,409475
37122386999,7,10074,scored,perfect,-372856
37130389484,8,10075,scored,perfect,443805
37132383036,2,10076,scored,perfect,138405
37136384394,1,10077,scored,perfect,97955
37138382669,13,10078,scored,perfect,324973
37141392151,3,10079,scored,perfect,227620
37141392865,14,10080,scored,perfect,-203388
37143389333,15,10081,scored,perfect,-58343
37145383198,4,10082,scored,perfect,334127
37148389807,5,10083,scored,perfect,-194574
37153386512,11,10084,scored,perfect,-363252
37158383418,6,10085,scored,perfect,-33781
37163390243,12,10086,scored,perfect,349464
37165391791,9,10087,scored,perfect,63812
37170392006,10,10088,scored,perfect,323247
37170392973,7,10089,scored,perfect,-279666
37176400117,2,10090,scored,perfect,434873
37177396109,8,10091,scored,perfect,-324654
37178405344,1,10093,scored,perfect,238145
37178406788,13,10092,scored,perfect,274435
37180410490,0,10094,scored,perfect,105171
37189387350,5,10095,scored,perfect,537777
37190389943,14,10096,scored,perfect,355217
37199383806,11,10097,scored,perfect,480445
37207387873,15,10098,scored,perfect,-303604
37208389996,4,10099,scored,perfect,333211
37208390741,9,10100,scored,perfect,20409
37209397511,12,10101,scored,perfect,167572
37212386590,3,10102,scored,perfect,-62671
37216407879,2,10103,scored,perfect,214257
37217409384,6,10104,scored,perfect,446615
37218407158,1,10105,scored,perfect,239070
37219615842,13,10106,scored,perfect,660890
37220402063,8,10107,scored,perfect,456448
37225462113,0,10108,scored,perfect,76257
37229464949,7,10109,scored,perfect,-591338
37233465558,10,10110,scored,perfect,-413267
37235463675,5,10111,scored,perfect,210925
37236465435,14,10112,scored,perfect,-40075
37241481858,11,10113,scored,perfect,-106217
37250460652,15,10114,scored,perfect,-364154
37252459483,9,10115,scored,perfect,283327
37253457049,12,10116,scored,perfect,-176240
37264459637,13,10117,scored,perfect,397610
37277458268,8,10118,scored,perfect,-46776
37281480958,7,10119,scored,perfect,121816
37281482228,2,10120,scored,perfect,-157450
37286458945,10,10121,scored,perfect,155573
37287453969,14,10122,scored,perfect,216904
37288484165,4,10123,scored,perfect,-64834
37296457657,0,10124,scored,perfect,50348
37299455590,6,10125,scored,perfect,144221
37299456704,5,10126,scored,perfect,-182643
37299457277,12,10127,scored,perfect,-280165
37300453967,15,10128,scored,perfect,433965
37300454522,9,10129,scored,perfect,-222917
37302457264,1,10130,scored,perfect,329364
37305454736,13,10131,scored,perfect,575808
37307454881,3,10133,scored,perfect,327676
37307455415,11,10132,scored,perfect,410666
37321454665,8,10134,scored,perfect,113023
37322454389,2,10135,scored,perfect,81705
37325454680,7,10136,scored,perfect,78300
37330455302,10,10137,scored,perfect,-339009
37334687113,4,10138,scored,perfect,-80325
37335455934,14,10139,scored,perfect,-193121
37339456583,12,10140,scored,perfect,-428888
37340456024,6,10141,scored,perfect,-322237
37347479373,1,10142,scored,perfect,653784
37348464703,3,10143,scored,perfect,-493409
37350465183,5,10144,scored,perfect,618674
37350467077,9,10145,scored,perfect,397935
37350467676,0,10146,scored,perfect,89116
37354457285,11,10147,scored,perfect,273391
37359703317,15,10148,scored,perfect,283690
37361458995,13,10149,scored,perfect,554422
37366454663,2,10150,scored,perfect,400891
37367454682,8,10151,scored,perfect,542717
37369456754,7,10152,scored,perfect,560546
37372455688,10,10153,scored,perfect,-411705
37376454835,4,10154,scored,perfect,-85967
37378455455,14,10155,scored,perfect,456844
37383454776,12,10156,scored,perfect,455776
37384613428,6,10157,scored,perfect,448876
37387454676,1,10158,scored,perfect,-49936
37393455209,3,10159,scored,perfect,385088
37394454804,5,10160,scored,perfect,337052
37394455559,0,10161,scored,perfect,-24643
37395455337,9,10163,scored,perfect,-234714
37395456566,11,10162,scored,perfect,-190517
37402454884,15,10164,scored,perfect,-161805
37403456141,13,10165,scored,perfect,517304
37406457332,2,10166,scored,perfect,-58248
37414455719,10,10167,scored,perfect,-192590
37416454287,7,10168,scored,perfect,636415
37418455166,4,10169,scored,perfect,331132
37419458198,8,10170,scored,perfect,153486
37419458924,14,10171,scored,perfect,-265340
37424455010,6,10172,scored,perfect,-345914
37425453865,12,10173,scored,perfect,593048
37429454230,1,10174,scored,perfect,13437
37433454957,3,10175,scored,perfect,226374
37434618060,0,10176,scored,perfect,-138260
37436454654,5,10177,scored,perfect,26166
37437453868,9,10178,scored,perfect,-20408
37438453771,11,10179,scored,perfect,162388
37445454601,13,10181,scored,perfect,386981
37445455553,15,10180,scored,perfect,580627
37449455924,2,10182,scored,perfect,-138590
37465455397,10,10183,scored,perfect,-218016
37466454003,12,10184,scored,perfect,66828
37467454333,14,10185,scored,perfect,506799
37472469097,7,10186,scored,perfect,486133
37477458110,8,10187,scored,perfect,-182678
37478457468,3,10188,scored,perfect,365175
37487454441,4,10189,scored,perfect,-170238
37490457161,1,10190,scored,perfect,197708
37490457886,11,10191,scored,perfect,-343311
37491453651,9,10192,scored,perfect,384378
37492453746,15,10193,scored,perfect,-302735
37495457362,0,10194,scored,perfect,566018
37495458356,2,10195,scored,perfect,217464
37502457807,13,10196,scored,perfect,-68659
37503456031,5,10197,scored,perfect,504761
37505456630,6,10198,scored,perfect,-102393
37509610543,10,10199,scored,perfect,481282
37512454227,7,10200,scored,perfect,-220210
37514456169,14,10201,scored,perfect,244076
37516454170,12,10202,scored,perfect,309427
37519454756,8,10203,scored,perfect,377337
37519455337,3,10204,scored,perfect,172179
37541454884,11,10205,scored,perfect,290852
37544454355,1,10206,scored,perfect,-33433
37547454596,6,10208,scored,perfect,-40869
37547455170,13,10207,scored,perfect,-29765
37550454393,10,10209,scored,perfect,293558
37555455721,5,10210,scored,perfect,-290801
37556454035,15,10211,scored,perfect,-277703
37557454055,0,10212,scored,perfect,155646
37559618683,12,10213,scored,perfect,-138055
37571454347,7,10214,scored,perfect,-46845
37574454006,4,10215,scored,perfect,393762
37594455054,14,10216,scored,perfect,7035
37602454306,11,10217,scored,perfect,123088
37605454952,3,10218,scored,perfect,78251
37607454220,5,10219,scored,perfect,206611
37609606538,12,10220,scored,perfect,-353856
37613454414,1,10221,scored,perfect,-339373
37617454223,4,10222,scored,perfect,564172
37617454966,2,10223,scored,perfect,245511
37618454276,13,10224,scored,perfect,-96451
37619454072,8,10225,scored,perfect,-215587
37620454284,6,10226,scored,perfect,-266435
37625453881,9,10227,scored,perfect,-107634
37626454253,15,10228,scored,perfect,-188710
37628454311,10,10229,scored,perfect,-390703
37630455896,0,10230,scored,perfect,-367845
37640454783,14,10231,scored,perfect,-182223
37641454265,7,10232,scored,perfect,-253204
37642453651,11,10233,scored,perfect,110820
37645453756,3,10234,scored,perfect,-488367
37649454781,5,10235,scored,perfect,187639
37650455793,12,10236,scored,perfect,-67369
37657453997,1,10237,scored,perfect,-232759
37658454159,4,10238,scored,perfect,-142212
37660455247,2,10240,scored,perfect,-287498
37660455768,8,10239,scored,perfect,-244984
37661454452,6,10241,scored,perfect,649482
37663453485,13,10242,scored,perfect,187967
37665453918,9,10243,scored,perfect,-511493
37671454057,15,10244,scored,perfect,38938
37681454682,14,10245,scored,perfect,76940
37682453999,0,10246,scored,perfect,266320
37684687725,10,10247,scored,perfect,-242255
37688453953,11,10248,scored,perfect,275202
37688454531,3,10249,scored,perfect,-174816
37689454826,7,10250,scored,perfect,655962
37689455473,5,10251,scored,perfect,-1199
37690454090,12,10252,scored,perfect,-371907
37702453913,6,10253,scored,perfect,710866
37708453920,4,10254,scored,perfect,132675
37708454648,1,10255,scored,perfect,-325658
37713454447,13,10256,scored,perfect,-38432
37715454089,15,10257,scored,perfect,-242788
37719454078,2,10258,scored,perfect,84111
37721455034,9,10259,scored,perfect,309436
37721455699,14,10260,scored,perfect,-123114
37726453931,10,10261,scored,perfect,-202921
37730455318,3,10262,scored,perfect,56400
37731454871,12,10263,scored,perfect,-249213
37731455517,0,10264,scored,perfect,-403702
37735455035,5,10265,scored,perfect,259317
37738453864,8,10266,scored,perfect,-32322
37744454713,6,10267,scored,perfect,-123677
37746453208,7,10268,scored,perfect,27622
37747454086,11,10269,scored,perfect,572141
37748455578,4,10270,scored,perfect,123122
37750453244,1,10271,scored,perfect,90869
37760459023,13,10272,scored,perfect,-141799
37765455671,2,10273,scored,perfect,62388
37768468411,9,10274,scored,perfect,-161323
37770454559,14,10275,scored,perfect,-234371
37772468135,12,10276,scored,perfect,367250
37774454564,0,10277,scored,perfect,142046
37776923374,15,10278,scored,perfect,980608
37780454678,3,10279,scored,perfect,249040
37786463114,6,10280,scored,perfect,232470
37786465039,8,10281,scored,perfect,-102560
37788455109,11,10282,scored,perfect,-114087
37795455848,5,10283,scored,perfect,-59000
37795456803,10,10284,scored,perfect,-160962
37798496583,7,10285,scored,perfect,1895
37799454523,4,10286,scored,perfect,197702
37801458391,13,10287,scored,perfect,55710
37803454419,1,10288,scored,perfect,617612
37808454618,2,10289,scored,perfect,461701
37815457056,0,10290,scored,perfect,437432
37815457746,12,10291,scored,perfect,240361
37815458060,9,10293,scored,perfect,-202137
37815458466,14,10292,scored,perfect,-161888
37815458846,15,10294,scored,perfect,-507440
37823459625,3,10295,scored,perfect,-83170
37828455091,8,10296,scored,perfect,162636
37829455162,6,10297,scored,perfect,-453041
37833454523,11,10298,scored,perfect,-271585
37836455423,5,10299,scored,perfect,416057
37845454653,10,10300,scored,perfect,-397082
37846454465,13,10301,scored,perfect,-29388
37848470293,4,10302,scored,perfect,499001
37853454665,2,10303,scored,perfect,-66179
37853455403,7,10304,scored,perfect,-92488
37855454326,1,10305,scored,perfect,-243312
37859635804,9,10306,scored,perfect,-29441
37860454447,0,10307,scored,perfect,79313
37871454183,14,10308,scored,perfect,-100596
37876455120,5,10309,scored,perfect,-515831
37876455897,11,10310,scored,perfect,-582213
37877454600,12,10311,scored,perfect,-230998
37881459505,15,10312,scored,perfect,17588
37883456754,8,10313,scored,perfect,-212364
37900456769,1,10314,scored,perfect,277311
37901461328,2,10315,scored,perfect,-74166
37906459602,10,10316,scored,perfect,247460
37906460724,7,10317,scored,perfect,-111906
37909458558,6,10318,scored,perfect,-437000
37912454263,13,10319,scored,perfect,473916
37914455069,0,10320,scored,perfect,432943
37926454885,3,10321,scored,perfect,131983
37926455831,8,10322,scored,perfect,-408337
37928455288,5,10323,scored,perfect,-408465
37929454211,12,10325,scored,perfect,-583872
37929454882,14,10324,scored,perfect,-399013
37934662869,9,10326,scored,perfect,350896
37935454231,4,10327,scored,perfect,-285959
37940455477,1,10328,scored,perfect,54068
37941453600,15,10329,scored,perfect,78460
37942453585,11,10330,scored,perfect,578872
37946454120,2,10331,scored,perfect,452885
37946454860,10,10332,scored,perfect,-190274
37947455490,7,10333,scored,perfect,180861
37950453956,6,10334,scored,perfect,-280649
37953455534,13,10335,scored,perfect,369582
37955454551,0,10336,scored,perfect,-87552
37967454008,8,10337,scored,perfect,-50947
37972455483,12,10338,scored,perfect,83397
37973459708,3,10339,scored,perfect,61799
37982454993,5,10340,scored,perfect,258594
37982456007,9,10341,scored,perfect,196450
37991454649,2,10342,scored,perfect,394053
37992454479,14,10343,scored,perfect,-120835
37995453927,10,10344,scored,perfect,-82415
37998462585,11,10345,scored,perfect,533246
38000454187,0,10346,scored,perfect,39759
38001455737,1,10347,scored,perfect,-104189
38002454609,13,10348,scored,perfect,265255
38004454492,6,10350,scored,perfect,199448
38004455136,7,10349,scored,perfect,252226
38013456141,8,10351,scored,perfect,332222
38014457151,3,10352,scored,perfect,181291
38017456753,4,10353,scored,perfect,347432
38024454960,5,10354,scored,perfect,381854
38025454458,12,10355,scored,perfect,-138514
38026453966,9,10356,scored,perfect,79829
38030454663,15,10357,scored,perfect,-49220
38037454496,10,10358,scored,perfect,77278
38041453807,0,10359,scored,perfect,362242
38042453763,11,10360,scored,perfect,-172660
38050453812,6,10362,scored,perfect,-64291
38050454488,13,10361,scored,perfect,105715
38050454916,2,10363,scored,perfect,-115043
38054454353,3,10364,scored,perfect,44623
38057454864,7,10365,scored,perfect,-4084
38064455540,8,10366,scored,perfect,378472
38068454358,14,10367,scored,perfect,-16194
38069454325,12,10368,scored,perfect,350590
38074454558,1,10369,scored,perfect,-109649
38074455219,15,10370,scored,perfect,-205969
38075453788,5,10371,scored,perfect,-339663
38076453607,9,10372,scored,perfect,-219549
38077454942,4,10373,scored,perfect,256026
38078453702,10,10374,scored,perfect,191005
38088454667,11,10375,scored,perfect,-153437
38089454539,0,10376,scored,perfect,132932
38092456510,2,10378,scored,perfect,467792
38092457179,13,10377,scored,perfect,547730
38106456952,3,10379,scored,perfect,365571
38108455682,14,10380,scored,perfect,-106980
38111455349,8,10381,scored,perfect,162823
38113459517,12,10382,scored,perfect,-242690
38114457665,1,10383,scored,perfect,-414519
38115456146,15,10384,scored,perfect,225407
38117454643,5,10385,scored,perfect,280003
38127455299,7,10386,scored,perfect,-139965
38132455586,0,10387,scored,perfect,191873
38134634919,4,10388,scored,perfect,-31435
38137453786,2,10389,scored,perfect,-160363
38144455412,9,10390,scored,perfect,539504
38144456081,13,10391,scored,perfect,-372280
38155455168,3,10392,scored,perfect,-207388
38161454627,11,10393,scored,perfect,8573
38168455063,8,10394,scored,perfect,432605
38168456515,15,10395,scored,perfect,372035
38169454001,14,10396,scored,perfect,-39517
38171453399,5,10397,scored,perfect,-185914
38173454207,0,10398,scored,perfect,-305561
38176455308,6,10399,scored,perfect,-268855
38178454684,1,10400,scored,perfect,-363370
38179454625,4,10402,scored,perfect,-518650
38179455273,7,10401,scored,perfect,-457345
38184720819,2,10404,scored,perfect,-137476
38184722151,10,10403,scored,perfect,28229
38185456429,12,10405,scored,perfect,23690
38186456784,9,10406,scored,perfect,427587
38186457543,13,10407,scored,perfect,-241124
38197463389,3,10408,scored,perfect,426866
38209488666,14,10409,scored,perfect,-270465
38209489680,11,10410,scored,perfect,-431870
38211455199,8,10411,scored,perfect,-228393
38213456898,5,10412,scored,perfect,-56675
38215456757,0,10413,scored,perfect,-75207
38217455308,6,10414,scored,perfect,38837
38219454603,15,10415,scored,perfect,238279
38224454083,4,10416,scored,perfect,161602
38225454891,2,10417,scored,perfect,-224580
38227454837,1,10419,scored,perfect,-219100
38227455559,10,10418,scored,perfect,-133494
38228454518,9,10420,scored,perfect,-396086
38234459064,7,10421,scored,perfect,-294270
38235457176,13,10422,scored,perfect,173747
38239762435,12,10423,scored,perfect,590116
38241455186,3,10424,scored,perfect,-274918
38250454316,11,10425,scored,perfect,41086
38250455219,14,10426,scored,perfect,-260611
38251456085,8,10427,scored,perfect,-246397
38259481027,6,10428,scored,perfect,356367
38264454597,15,10429,scored,perfect,264990
38266453678,2,10430,scored,perfect,302910
38270453676,1,10431,scored,perfect,-170777
38273454505,5,10432,scored,perfect,-132870
38276453693,0,10433,scored,perfect,402459
38278454799,4,10434,scored,perfect,598585
38279453736,10,10435,scored,perfect,87493
38281454716,7,10436,scored,perfect,411674
38284501154,12,10437,scored,perfect,372647
38290454016,13,10438,scored,perfect,-60634
38291453534,3,10439,scored,perfect,-109542
38293454863,11,10440,scored,perfect,-196085
38294453772,9,10441,scored,perfect,193207
38297455162,8,10442,scored,perfect,354717
38302454010,14,10443,scored,perfect,153968
38304453324,6,10444,scored,perfect,375094
38304453893,15,10445,scored,perfect,-384289
38309505808,2,10446,scored,perfect,242283
38312454094,1,10447,scored,perfect,-434007
38314455218,5,10448,scored,perfect,648610
38321455006,0,10449,scored,perfect,-43710
38330460618,10,10450,scored,perfect,-215970
38333455733,7,10451,scored,perfect,473830
38334473043,13,10452,scored,perfect,-438995
38336455255,9,10453,scored,perfect,502878
38344454862,12,10454,scored,perfect,45088
38353455298,3,10455,scored,perfect,465424
38353456007,2,10456,scored,perfect,-278681
38355458909,11,10457,scored,perfect,-223525
38356455169,5,10458,scored,perfect,-493134
38359459327,8,10459,scored,perfect,455252
38365456122,4,10460,scored,perfect,203520
38367453894,15,10461,scored,perfect,204355
38370454688,1,10462,scored,perfect,497246
38371453868,14,10463,scored,perfect,188999
38373455062,10,10464,scored,perfect,-174103
38373455650,7,10465,scored,perfect,-557685
38377457628,9,10466,scored,perfect,154490
38380455730,0,10467,scored,perfect,-175723
38381458524,13,10468,scored,perfect,172515
38387454662,12,10469,scored,perfect,494125
38388454405,6,10470,scored,perfect,144740
38396454849,2,10471,scored,perfect,372410
38397455544,5,10472,scored,perfect,-81151
38403454227,8,10473,scored,perfect,602804
38403455436,11,10474,scored,perfect,-418860
38406454847,4,10475,scored,perfect,-100006
38408455025,3,10476,scored,perfect,444559
38409509369,15,10477,scored,perfect,-247262
38413454008,1,10478,scored,perfect,390507
38413454658,14,10479,scored,perfect,373387
38414455170,7,10480,scored,perfect,-370390
38415457333,10,10481,scored,perfect,249440
38420454473,0,10482,scored,perfect,-257951
38428454625,6,10483,scored,perfect,-77291
38430457426,13,10484,scored,perfect,-375334
38436455387,2,10485,scored,perfect,247211
38438453742,5,10486,scored,perfect,397649
38440454642,12,10487,scored,perfect,-24550
38445454004,11,10488,scored,perfect,-132665
38451456471,8,10489,scored,perfect,250121
38452455229,9,10490,scored,perfect,385823
38452455946,4,10491,scored,perfect,13674
38453454104,3,10492,scored,perfect,-411001
38459523608,14,10493,scored,perfect,-45483
38459525256,10,10494,scored,perfect,-350360
38460456220,15,10495,scored,perfect,155303
38462454735,7,10496,scored,perfect,412666
38471454020,1,10497,scored,perfect,348494
38472454829,13,10498,scored,perfect,501744
38473453994,0,10499,scored,perfect,-396998
38477454767,6,10500,scored,perfect,290310
38479453755,2,10501,scored,perfect,-173753
38487454489,11,10502,scored,perfect,-209188
38488453547,5,10503,scored,perfect,237778
38488454140,12,10504,scored,perfect,19785
38491453649,8,10505,scored,perfect,155515
38497455168,4,10506,scored,perfect,-74306
38498454601,3,10507,scored,perfect,122676
38498455349,9,10508,scored,perfect,-550878
38501454563,10,10509,scored,perfect,139065
38502454133,7,10510,scored,perfect,93814
38502454638,15,10511,scored,perfect,45171
38503453898,14,10512,scored,perfect,34153
38512453626,1,10513,scored,perfect,480015
38512454175,13,10514,scored,perfect,-1641
38524454760,6,10515,scored,perfect,-254633
38525453738,2,10516,scored,perfect,426296
38526454185,0,10517,scored,perfect,-471491
38528455164,11,10518,scored,perfect,481771
38530454917,12,10519,scored,perfect,62463
38534512858,8,10520,scored,perfect,415867
38542454194,10,10521,scored,perfect,171516
38544454146,3,10522,scored,perfect,624599
38546453584,14,10523,scored,perfect,256512
38548454211,5,10524,scored,perfect,72764
38548454738,4,10525,scored,perfect,-323737
38548455295,15,10526,scored,perfect,-516164
38549454026,7,10527,scored,perfect,274777
38549454619,9,10528,scored,perfect,-141950
38553453923,13,10529,scored,perfect,554730
38557454338,1,10530,scored,perfect,-273692
38565454293,6,10531,scored,perfect,-558239
38567453742,2,10532,scored,perfect,548284
38570453911,11,10533,scored,perfect,-259311
38573453973,12,10534,scored,perfect,509743
38573455612,0,10535,scored,perfect,-372051
38581455110,8,10536,scored,perfect,225842
38583453620,10,10537,scored,perfect,12890
38586454708,3,10538,scored,perfect,-358533
38590454409,15,10539,scored,perfect,-76770
38591454331,4,10540,scored,perfect,-367089
38594462679,7,10541,scored,perfect,634099
38596454490,14,10542,scored,perfect,-266022
38599453895,5,10543,scored,perfect,-345577
38604454805,1,10544,scored,perfect,393336
38604455489,9,10545,scored,perfect,-98932
38604456030,13,10546,scored,perfect,-554938
38608454474,2,10548,scored,perfect,375965
38608455016,6,10547,scored,perfect,416834
38618454964,11,10549,scored,perfect,-68099
38618455689,12,10550,scored,perfect,-213174
38619453868,0,10551,scored,perfect,537868
38625453627,8,10552,scored,perfect,129355
38627455111,10,10553,scored,perfect,150646
38629453577,3,10554,scored,perfect,-476192
38631455068,15,10555,scored,perfect,-272804
38636454968,7,10556,scored,perfect,-26180
38637453784,4,10557,scored,perfect,327439
38640455287,5,10558,scored,perfect,-190932
38641453611,14,10559,scored,perfect,-288468
38652455632,2,10560,scored,perfect,292183
38658454440,1,10561,scored,perfect,-90819
38658455149,13,10562,scored,perfect,-191592
38661454479,12,10563,scored,perfect,76425
38661455179,9,10564,scored,perfect,-387601
38662454533,11,10565,scored,perfect,444266
38674453999,0,10566,scored,perfect,-216970
38675454536,8,10567,scored,perfect,139546
38676455077,6,10568,scored,perfect,-448343
38678454703,4,10569,scored,perfect,-167090
38679454290,10,10570,scored,perfect,328618
38682454207,3,10571,scored,perfect,66633
38684593787,7,10572,scored,perfect,14908
38684594881,15,10573,scored,perfect,-147066
38685454898,5,10574,scored,perfect,-259432
38687454403,14,10575,scored,perfect,510407
38694454589,2,10576,scored,perfect,-380718
38699454258,1,10577,scored,perfect,382079
38701454572,13,10578,scored,perfect,382515
38702456627,12,10579,scored,perfect,182496
38703454610,9,10580,scored,perfect,378179
38707454821,11,10581,scored,perfect,92442
38715455103,0,10582,scored,perfect,169155
38715456061,8,10583,scored,perfect,-105198
38726454669,4,10584,scored,perfect,266925
38726455279,6,10585,scored,perfect,254987
38727455209,15,10586,scored,perfect,11603
38727455778,3,10587,scored,perfect,-301071
38728453624,7,10588,scored,perfect,167318
38732454574,10,10589,scored,perfect,55825
38733454135,5,10590,scored,perfect,-168360
38746454134,9,10591,scored,perfect,-287563
38747454983,11,10592,scored,perfect,1077
38749454320,1,10593,scored,perfect,-317658
38750454498,2,10594,scored,perfect,589013
38754453835,13,10595,scored,perfect,449441
38754454428,14,10596,scored,perfect,300147
38756454231,8,10597,scored,perfect,233972
38756454764,0,10598,scored,perfect,-499127
38757453970,12,10599,scored,perfect,-80243
38768454903,4,10600,scored,perfect,329990
38771453825,3,10601,scored,perfect,-250358
38772455025,15,10602,scored,perfect,538222
38776455053,6,10603,scored,perfect,-575835
38779453796,7,10604,scored,perfect,-342881
38780455232,5,10605,scored,perfect,-120461
38781454195,10,10606,scored,perfect,-169338
38787454334,9,10607,scored,perfect,-369131
38787455024,11,10608,scored,perfect,-484810
38796454950,8,10609,scored,perfect,-264687
38798454019,1,10610,scored,perfect,41751
38800454129,2,10611,scored,perfect,163081
38805454281,14,10612,scored,perfect,307238
38812456095,4,10613,scored,perfect,-401818
38815454765,12,10614,scored,perfect,-63645
38817455038,3,10615,scored,perfect,-44448
38817456304,13,10616,scored,perfect,-136774
38817456909,0,10617,scored,perfect,-156704
38820454354,15,10618,scored,perfect,-371890
38822455730,10,10619,scored,perfect,-4077
38823454719,7,10620,scored,perfect,-490914
38824454596,6,10621,scored,perfect,-49033
38825454055,5,10622,scored,perfect,-349226
38830457741,11,10623,scored,perfect,-288381
38833454174,9,10624,scored,perfect,309758
38837454546,8,10625,scored,perfect,-77683
38840454414,1,10626,scored,perfect,423511
38846453841,2,10627,scored,perfect,-210024
38851454945,14,10628,scored,perfect,-180676
38857454330,0,10629,scored,perfect,-255726
38860454654,13,10630,scored,perfect,-331798
38866454763,5,10631,scored,perfect,144580
38869454919,12,10632,scored,perfect,460889
38871454107,10,10633,scored,perfect,456054
38871454706,7,10634,scored,perfect,-186761
38881454554,15,10635,scored,perfect,-390957
38886453892,4,10636,scored,perfect,-378927
38887453474,2,10637,scored,perfect,-137412
38890453898,3,10638,scored,perfect,-28296
38891453701,14,10639,scored,perfect,-184343
38899453977,0,10640,scored,perfect,396100
38900453944,8,10641,scored,perfect,590365
38901454139,13,10642,scored,perfect,81064
38902453578,6,10643,scored,perfect,-132338
38902454122,9,10644,scored,perfect,-219317
38903454783,11,10645,scored,perfect,270593
38904454628,1,10646,scored,perfect,-8842
38909583311,12,10647,scored,perfect,141828
38909584040,5,10648,scored,perfect,-280844
38913460924,10,10649,scored,perfect,-300689
38914454917,7,10650,scored,perfect,453560
38925453822,15,10651,scored,perfect,-121565
38928453968,2,10652,scored,perfect,-51001
38933454309,4,10653,scored,perfect,372598
38933455016,14,10654,scored,perfect,67859
38935454721,3,10655,scored,perfect,64709
38941454128,13,10656,scored,perfect,18158
38941455039,8,10657,scored,perfect,-145904
38944454018,0,10658,scored,perfect,-70077
38944454617,9,10659,scored,perfect,-156147
38948455626,1,10660,scored,perfect,125860
38952453964,11,10661,scored,perfect,-118249
38955455210,7,10662,scored,perfect,-128593
38956453717,12,10663,scored,perfect,-330767
38962453836,6,10664,scored,perfect,-87936
38973453998,15,10665,scored,perfect,151895
38974454780,2,10666,scored,perfect,294161
38976454187,3,10667,scored,perfect,-10470
38980455515,5,10668,scored,perfect,-415457
38987453920,0,10669,scored,perfect,-430742
38991453775,14,10670,scored,perfect,333393
39001454684,12,10671,scored,perfect,-265286
39001456087,13,10672,scored,perfect,-478268
39004453791,9,10673,scored,perfect,-402088
39006454442,7,10674,scored,perfect,59986
39006455076,11,10675,scored,perfect,-396557
39009579376,10,10676,scored,perfect,569832
39012454220,8,10677,scored,perfect,477267
39017454294,6,10678,scored,perfect,-235254
39018454489,2,10680,scored,perfect,-262428
39018455048,4,10679,scored,perfect,-157840
39019454725,3,10681,scored,perfect,-119788
39024453796,5,10682,scored,perfect,-109010
39025453509,15,10683,scored,perfect,-278232
39032454250,0,10684,scored,perfect,196022
39036454629,1,10685,scored,perfect,-435881
39040454288,14,10686,scored,perfect,137637
39042454119,13,10687,scored,perfect,184233
39047456090,12,10688,scored,perfect,-342320
39048454455,11,10689,scored,perfect,367461
39048455110,7,10690,scored,perfect,-140539
39052454215,10,10691,scored,perfect,200077
39063453891,9,10692,scored,perfect,-69830
39064456190,2,10693,scored,perfect,95017
39067454057,6,10694,scored,perfect,321268
39069453887,15,10695,scored,perfect,241409
39070454493,4,10696,scored,perfect,-132316
39071454311,8,10697,scored,perfect,206528
39072454920,5,10698,scored,perfect,432001
39073453773,0,10699,scored,perfect,111276
39075454803,3,10700,scored,perfect,-188576
39086454569,1,10701,scored,perfect,-426937
39087453906,13,10702,scored,perfect,-130082
39088453729,12,10703,scored,perfect,74117
39093454836,10,10704,scored,perfect,-277514
39094454150,7,10705,scored,perfect,317841
39095453899,11,10706,scored,perfect,115847
39108454431,9,10707,scored,perfect,196083
39118456856,15,10708,scored,perfect,298478
39125454154,14,10709,scored,perfect,69922
39129454041,6,10710,scored,perfect,-5887
39129454625,8,10711,scored,perfect,-87766
39129455117,4,10712,scored,perfect,-300807
39129455740,13,10713,scored,perfect,-415099
39131454557,0,10714,scored,perfect,6401
39132454382,12,10715,scored,perfect,264716
39133453693,1,10716,scored,perfect,16101
39134579275,5,10717,scored,perfect,195841
39136453864,7,10718,scored,perfect,-105896
39139454679,11,10719,scored,perfect,-239232
39141453857,2,10720,scored,perfect,279180
39143455116,3,10721,scored,perfect,360205
39143455605,10,10722,scored,perfect,-149777
39149454119,9,10723,scored,perfect,84274
39159581796,15,10724,scored,perfect,281094
39165454266,14,10725,scored,perfect,-598156
39172457093,0,10726,scored,perfect,-337456
39175454238,1,10727,scored,perfect,364050
39176454353,5,10728,scored,perfect,253201
39176454935,4,10729,scored,perfect,-561978
39179453943,6,10730,scored,perfect,462729
39184584368,8,10731,scored,perfect,325789
39187454475,12,10732,scored,perfect,117040
39188453881,13,10733,scored,perfect,-97245
39193454457,2,10734,scored,perfect,387323
39196453701,9,10735,scored,perfect,12279
39199454318,15,10736,scored,perfect,46932
39199455370,7,10737,scored,perfect,-346112
39201454268,3,10738,scored,perfect,-568433
39203454531,11,10739,scored,perfect,-303524
39206454261,14,10740,scored,perfect,-154690
39208454385,10,10741,scored,perfect,-154494
39218455250,5,10742,scored,perfect,238723
39218455943,1,10744,scored,perfect,-41228
39218456529,4,10743,scored,perfect,76639
39220454632,6,10745,scored,perfect,-346735
39221453549,0,10746,scored,perfect,147568
39226454712,8,10747,scored,perfect,369721
39228455005,12,10748,scored,perfect,-137428
39232454421,13,10749,scored,perfect,200176
39235454593,2,10750,scored,perfect,-94537
39236454376,9,10751,scored,perfect,-280153
39242455815,15,10752,scored,perfect,-118928
39248454534,11,10753,scored,perfect,449923
39248455471,3,10754,scored,perfect,-533445
39253454712,14,10755,scored,perfect,368565
39255454588,10,10756,scored,perfect,-271975
39257453899,7,10757,scored,perfect,-124757
39259604565,4,10758,scored,perfect,427648
39259605096,5,10759,scored,perfect,407411
39261454029,6,10760,scored,perfect,-443606
39265454274,0,10762,scored,perfect,-211798
39265454811,1,10761,scored,perfect,-82618
39272454778,12,10763,scored,perfect,148083
39272455927,13,10764,scored,perfect,-126249
39275454493,8,10765,scored,perfect,-411995
39276453955,2,10767,scored,perfect,-454600
39276454622,9,10766,scored,perfect,-318171
39284616917,15,10768,scored,perfect,873
39290454879,11,10769,scored,perfect,236173
39290455551,3,10770,scored,perfect,-546595
39293454452,14,10771,scored,perfect,-447397
39298454858,10,10772,scored,perfect,486020
39300453916,4,10773,scored,perfect,112041
39301454053,7,10774,scored,perfect,91428
39305455321,1,10775,scored,perfect,-320760
39306454316,0,10776,scored,perfect,-402699
39311455196,6,10777,scored,perfect,437663
39312456007,12,10778,scored,perfect,-274317
39314453775,13,10779,scored,perfect,-52833
39315454201,5,10780,scored,perfect,418872
39326455065,9,10781,scored,perfect,34869
39326455736,8,10782,scored,perfect,-435981
39327455097,2,10783,scored,perfect,-196847
39337454120,14,10784,scored,perfect,-471160
39346454249,10,10785,scored,perfect,-185732
39347455371,3,10786,scored,perfect,201191
39348454903,4,10787,scored,perfect,330537
39349454121,0,10788,scored,perfect,202172
39351454110,11,10789,scored,perfect,118659
39356455385,15,10790,scored,perfect,222194
39359601778,1,10791,scored,perfect,-375966
39361454149,6,10792,scored,perfect,-90732
39366455054,13,10793,scored,perfect,-286880
39368461618,9,10794,scored,perfect,-228986
39369455209,5,10795,scored,perfect,-238991
39380456421,7,10796,scored,perfect,307099
39380457634,8,10797,scored,perfect,-181548
39380458087,14,10798,scored,perfect,-218338
39387455462,10,10799,scored,perfect,-291088
39390455650,4,10800,scored,perfect,-204436
39390456405,12,10801,scored,perfect,-499761
39398460255,0,10802,scored,perfect,-25877
39399454887,15,10803,scored,perfect,152274
39399455476,11,10804,scored,perfect,-88672
39409469185,6,10805,scored,perfect,255630
39411455756,1,10807,scored,perfect,-402636
39411456483,13,10806,scored,perfect,-235404
39412454111,2,10808,scored,perfect,269043
39413454379,3,10809,scored,perfect,401467
39414461559,9,10810,scored,perfect,252901
39415454714,5,10811,scored,perfect,128378
39422463002,8,10812,scored,perfect,-234809
39424454856,7,10813,scored,perfect,-72871
39427455272,14,10814,scored,perfect,347244
39427455965,10,10815,scored,perfect,-297483
39433454986,12,10816,scored,perfect,-206442
39436455114,4,10817,scored,perfect,165302
39439461694,0,10818,scored,perfect,496971
39440454942,15,10819,scored,perfect,521856
39446454350,11,10820,scored,perfect,172334
39453455514,6,10821,scored,perfect,-159434
39456455469,13,10822,scored,perfect,216629
39456456289,9,10823,scored,perfect,-237277
39464461674,1,10824,scored,perfect,343698
39466454120,3,10825,scored,perfect,200200
39469455620,2,10827,scored,perfect,213743
39469456445,8,10826,scored,perfect,317154
39470453911,10,10828,scored,perfect,-496698
39471453814,7,10829,scored,perfect,-525718
39481456143,15,10830,scored,perfect,436008
39481457132,0,10831,scored,perfect,-392074
39487454347,14,10832,scored,perfect,-79270
39488453761,12,10833,scored,perfect,308019
39497458840,6,10834,scored,perfect,47138
39498456382,4,10835,scored,perfect,149361
39502455537,13,10836,scored,perfect,-276706
39504453807,11,10837,scored,perfect,-113235
39507456051,3,10838,scored,perfect,-370017
39510455655,5,10839,scored,perfect,72768
39511454737,1,10840,scored,perfect,-196290
39520454790,2,10841,scored,perfect,62201
39521454335,15,10842,scored,perfect,-419955
39522460657,0,10843,scored,perfect,5127
39524454197,9,10844,scored,perfect,-278129
39527455735,7,10845,scored,perfect,387144
39527456523,8,10846,scored,perfect,183376
39527457018,10,10847,scored,perfect,-69394
39528453736,14,10848,scored,perfect,120032
39529453614,12,10849,scored,perfect,143673
39537454225,6,10850,scored,perfect,-543916
39539461688,4,10851,scored,perfect,292620
39544455701,13,10852,scored,perfect,98094
39548455884,11,10853,scored,perfect,568755
39548456650,3,10854,scored,perfect,335819
39552456642,1,10855,scored,perfect,118065
39555457123,5,10856,scored,perfect,-73076
39560461603,2,10857,scored,perfect,-77318
39562454047,15,10858,scored,perfect,-251630
39564461377,0,10859,scored,perfect,494014
39565454917,9,10860,scored,perfect,-532674
39568461622,10,10861,scored,perfect,-595270
39569455984,14,10862,scored,perfect,326169
39569456778,8,10863,scored,perfect,96991
39573455690,12,10864,scored,perfect,51748
39573456893,7,10865,scored,perfect,-208737
39578455247,6,10866,scored,perfect,-149698
39579453890,4,10867,scored,perfect,-214348
39594455444,1,10868,scored,perfect,32896
39595454030,11,10869,scored,perfect,-483152
39596454267,5,10870,scored,perfect,-95842
39596454806,13,10871,scored,perfect,-636513
39599454842,3,10872,scored,perfect,294602
39600453819,2,10873,scored,perfect,-259978
39606457748,9,10874,scored,perfect,338792
39606458789,0,10875,scored,perfect,-63875
39611454576,15,10876,scored,perfect,105062
39615455593,12,10877,scored,perfect,-400171
39624455139,10,10878,scored,perfect,131402
39625453822,14,10879,scored,perfect,-8359
39629454333,7,10880,scored,perfect,-561525
39631456643,4,10881,scored,perfect,-308827
39639461807,11,10882,scored,perfect,578985
39641454237,1,10884,scored,perfect,-194376
39641454978,5,10883,scored,perfect,-85269
39643462069,13,10885,scored,perfect,-260666
39643463236,8,10886,scored,perfect,-362009
39644455794,3,10887,scored,perfect,84351
39645453587,2,10888,scored,perfect,548856
39660462459,9,10889,scored,perfect,285916
39661454279,12,10891,scored,perfect,-426876
39661455035,15,10890,scored,perfect,-407402
39663454099,6,10892,scored,perfect,42077
39663454688,0,10893,scored,perfect,-130475
39666454568,10,10894,scored,perfect,97661
39668462148,14,10895,scored,perfect,229381
39670454696,7,10896,scored,perfect,-6281
39676454507,4,10897,scored,perfect,514883
39679455110,11,10898,scored,perfect,269273
39682455251,5,10899,scored,perfect,-347380
39689462368,1,10900,scored,perfect,52181
39690455248,13,10901,scored,perfect,-580920
39692453943,2,10902,scored,perfect,562670
39695455038,8,10903,scored,perfect,-124760
39695455825,3,10904,scored,perfect,-216781
39703454198,12,10905,scored,perfect,-449847
39704453710,0,10906,scored,perfect,-25104
39707455710,6,10908,scored,perfect,296994
39707456644,15,10907,scored,perfect,329916
39707457174,9,10909,scored,perfect,-443009
39707457672,10,10910,scored,perfect,-579860
39708453821,14,10911,scored,perfect,-293615
39712454008,7,10912,scored,perfect,273933
39716455224,4,10913,scored,perfect,-34903
39726457359,5,10914,scored,perfect,-193822
39728454216,11,10915,scored,perfect,-360270
39745454489,2,10916,scored,perfect,-500130
39761454431,15,10917,scored,perfect,-389954
39762453967,4,10918,scored,perfect,172909
39762454751,10,10919,scored,perfect,-507150
39764461676,6,10920,scored,perfect,385122
39764462443,3,10921,scored,perfect,-561
39765455393,12,10922,scored,perfect,476037
39766454039,9,10923,scored,perfect,-62341
39768461719,7,10924,scored,perfect,357188
39768462661,0,10925,scored,perfect,-262158
39770454404,11,10926,scored,perfect,434214
39774454349,13,10927,scored,perfect,228104
39776454251,5,10929,scored,perfect,-582405
39776454753,8,10928,scored,perfect,-254398
39786455756,2,10930,scored,perfect,312344
39798455900,1,10931,scored,perfect,-96489
39804454758,6,10932,scored,perfect,201398
39804455787,4,10933,scored,perfect,-130955
39804456390,3,10934,scored,perfect,-574378
39807455188,10,10935,scored,perfect,439506
39811455724,0,10936,scored,perfect,555607
39811456309,15,10937,scored,perfect,-172077
39814455308,7,10938,scored,perfect,-363750
39818456002,8,10939,scored,perfect,208448
39819456550,9,10940,scored,perfect,-47832
39826457225,14,10941,scored,perfect,-210384
39828454308,13,10942,scored,perfect,-403013
39829453836,2,10943,scored,perfect,174532
39831458432,11,10944,scored,perfect,410745
39832453966,12,10945,scored,perfect,-426437
39835456265,5,10946,scored,perfect,107481
39843461643,1,10947,scored,perfect,-91114
39847462069,4,10948,scored,perfect,523279
39848455350,3,10949,scored,perfect,-240507
39852455966,15,10950,scored,perfect,-279197
39857454463,10,10951,scored,perfect,-150637
39859647164,7,10952,scored,perfect,57543
39860458800,8,10953,scored,perfect,352842
39862454112,6,10954,scored,perfect,174969
39863453587,0,10955,scored,perfect,157863
39870454175,9,10956,scored,perfect,94973
39871454333,14,10957,scored,perfect,288222
39877455739,13,10958,scored,perfect,-206147
39877456561,12,10959,scored,perfect,-397853
39888454456,11,10960,scored,perfect,386238
39888455253,5,10961,scored,perfect,37720
39890455184,2,10962,scored,perfect,214598
39893461060,4,10963,scored,perfect,60522
39894455388,1,10964,scored,perfect,330336
39895455212,15,10965,scored,perfect,-521471
39898456002,3,10966,scored,perfect,-6716
39900454134,10,10967,scored,perfect,486119
39901458478,7,10968,scored,perfect,169381
39903455573,0,10969,scored,perfect,-157863
39907455048,6,10970,scored,perfect,-637562
39909635037,8,10971,scored,perfect,-231158
39911454963,9,10972,scored,perfect,186884
39913453943,14,10973,scored,perfect,-362612
39917454177,13,10974,scored,perfect,-421662
39918461249,12,10975,scored,perfect,99538
39930455424,5,10976,scored,perfect,116933
39933454234,11,10977,scored,perfect,82668
39934640849,4,10978,scored,perfect,502331
39936454762,15,10979,scored,perfect,212241
39941454691,3,10980,scored,perfect,79364
39945454775,7,10981,scored,perfect,-22853
39957454627,14,10982,scored,perfect,-202359
39958454028,10,10983,scored,perfect,-86138
39959636627,6,10984,scored,perfect,-101412
39962454156,13,10985,scored,perfect,-372143
39966454351,2,10986,scored,perfect,382846
39970455533,12,10987,scored,perfect,117511
39971453692,9,10988,scored,perfect,165134
39972461866,1,10989,scored,perfect,356785
39972463455,0,10990,scored,perfect,170834
39972465427,8,10991,scored,perfect,-289778
39981456066,4,10992,scored,perfect,408596
39985456177,5,10993,scored,perfect,191979
39988453876,15,10994,scored,perfect,-312883
39992454049,11,10995,scored,perfect,-126087
39996454091,7,10996,scored,perfect,-107200
40000454300,14,10997,scored,perfect,-106752
40002455556,10,10998,scored,perfect,-323168
40003453862,6,10999,scored,perfect,-166074
40004453796,3,11000,scored,perfect,399513
40006456558,13,11001,scored,perfect,224496
40006457336,2,11002,scored,perfect,181540
40011454585,12,11003,scored,perfect,512555
40014461469,9,11004,scored,perfect,-257987
40020454272,1,11005,scored,perfect,410888
40023456361,0,11006,scored,perfect,295002
40024454300,8,11007,scored,perfect,-173351
40032454633,5,11008,scored,perfect,313728
40037454983,11,11009,scored,perfect,225165
40039459198,4,11010,scored,perfect,-451215
40040454968,7,11011,scored,perfect,459866
40040455681,15,11012,scored,perfect,255619
40048455436,6,11013,scored,perfect,-391352
40050454045,3,11014,scored,perfect,331664
40051458198,2,11015,scored,perfect,-121377
40062454490,10,11016,scored,perfect,73167
40064459521,14,11017,scored,perfect,85080
40065454128,12,11018,scored,perfect,150277
40065454854,1,11019,scored,perfect,-283732
40067454196,8,11020,scored,perfect,312340
40073455106,9,11021,scored,perfect,-104424
40074454244,13,11022,scored,perfect,259856
40076457357,0,11023,scored,perfect,-23797
40086454557,15,11024,scored,perfect,465950
40094455457,4,11025,scored,perfect,-16202
40108454247,7,11026,scored,perfect,-34945
40110454315,2,11027,scored,perfect,-259974
40113454105,14,11028,scored,perfect,-319473
40115554555,13,11029,scored,perfect,-441728
40123609607,11,11030,scored,perfect,392092
40129601571,9,11031,scored,perfect,-214276
40131609173,3,11032,scored,perfect,-169081
40132601823,1,11034,scored,perfect,-69115
40132602506,10,11033,scored,perfect,27213
40132606539,0,11035,scored,perfect,-211350
40133630028,6,11037,scored,perfect,-197600
40133632906,15,11036,scored,perfect,-16045
40135607905,12,11038,scored,perfect,-108217
40138601448,5,11039,scored,perfect,546376
40140602609,8,11040,scored,perfect,256124
40141601185,4,11041,scored,perfect,-232632
40149601691,7,11042,scored,perfect,-232614
40151605305,2,11043,scored,perfect,293136
40156606523,13,11044,scored,perfect,74576
40159603896,14,11045,scored,perfect,-202373
40164607173,11,11046,scored,perfect,325140
40169605667,9,11047,scored,perfect,-571577
40172610218,3,11048,scored,perfect,388925
40176605275,12,11049,scored,perfect,-436491
40179632157,15,11050,scored,perfect,275799
40180610016,1,11051,scored,perfect,412242
40182602543,10,11052,scored,perfect,-469713
40183630388,5,11054,scored,perfect,283724
40183633959,8,11053,scored,perfect,401828
40185608869,4,11055,scored,perfect,-41689
40187601135,0,11056,scored,perfect,-253714
40188600844,6,11057,scored,perfect,-341038
40190601994,7,11058,scored,perfect,-291972
40194602940,2,11059,scored,perfect,-45261
40199601307,14,11060,scored,perfect,-282652
40205604841,11,11061,scored,perfect,490371
40205605621,13,11062,scored,perfect,441493
40213600988,9,11063,scored,perfect,223566
40216631188,3,11064,scored,perfect,-72347
40217630358,12,11065,scored,perfect,349263
40228601215,1,11066,scored,perfect,26961
40229601342,6,11067,scored,perfect,-419572
40231608121,15,11068,scored,perfect,-104802
40234607957,2,11069,scored,perfect,-310265
40241603167,8,11070,scored,perfect,197882
40242601603,4,11071,scored,perfect,-345767
40253601728,7,11072,scored,perfect,121814
40255608402,11,11073,scored,perfect,-80163
40256613144,9,11074,scored,perfect,-345885
40257604371,0,11075,scored,perfect,-175554
40265602682,5,11076,scored,perfect,220607
40267657861,10,11077,scored,perfect,126170
40268616587,14,11078,scored,perfect,160043
40269610102,3,11079,scored,perfect,318813
40273605013,15,11080,scored,perfect,-117038
40274604031,6,11081,scored,perfect,408927
40280616214,13,11082,scored,perfect,262026
40282631226,8,11083,scored,perfect,43332
40283603428,4,11084,scored,perfect,24548
40283604063,2,11085,scored,perfect,-491234
40288608051,12,11086,scored,perfect,227121
40288608926,1,11087,scored,perfect,128279
40294606659,7,11088,scored,perfect,-553857
40297618888,9,11089,scored,perfect,85291
40297621294,0,11090,scored,perfect,-628805
40302606005,11,11091,scored,perfect,113633
40310608785,5,11092,scored,perfect,-126265
40311602023,3,11093,scored,perfect,178279
40311603043,10,11094,scored,perfect,-288555
40312600979,14,11095,scored,perfect,445191
40313602422,15,11096,scored,perfect,-492205
40317601398,6,11097,scored,perfect,-149833
40320641138,13,11098,scored,perfect,57787
40324634500,8,11099,scored,perfect,489303
40325644468,4,11100,scored,perfect,42289
40326616782,2,11101,scored,perfect,-288767
40329603233,1,11102,scored,perfect,-438136
40333605116,12,11103,scored,perfect,-430281
40337603140,9,11104,scored,perfect,54714
40344604904,11,11105,scored,perfect,-279385
40345601527,0,11106,scored,perfect,-355901
40347613358,7,11107,scored,perfect,63427
40351616645,5,11108,scored,perfect,176861
40353601964,10,11109,scored,perfect,44152
40354603062,15,11110,scored,perfect,8302
40361602592,6,11111,scored,perfect,-190695
40363600508,3,11112,scored,perfect,-566127
40364609199,14,11113,scored,perfect,-216023
40366601828,13,11114,scored,perfect,268653
40366602495,8,11115,scored,perfect,-489037
40367609471,2,11116,scored,perfect,-15759
40376613082,1,11117,scored,perfect,563374
40378602540,12,11118,scored,perfect,-243199
40380609246,4,11119,scored,perfect,112018
40387639127,11,11120,scored,perfect,406533
40392603698,9,11121,scored,perfect,98659
40393618168,10,11122,scored,perfect,-395032
40400646375,7,11123,scored,perfect,226774
40402607322,0,11124,scored,perfect,-314597
40403662379,6,11125,scored,perfect,140074
40405608677,15,11126,scored,perfect,-501988
40407603873,5,11127,scored,perfect,217871
40409655463,8,11128,scored,perfect,-237311
40410615519,14,11129,scored,perfect,471860
40411605310,2,11130,scored,perfect,175413
40414612240,3,11131,scored,perfect,402364
40416603221,13,11132,scored,perfect,-256872
40418610268,1,11133,scored,perfect,-56064
40419609119,12,11134,scored,perfect,-84162
40424602468,4,11135,scored,perfect,-551110
40437603503,10,11136,scored,perfect,274365
40445601488,9,11137,scored,perfect,-162582
40447606137,11,11138,scored,perfect,75160
40449612021,0,11139,scored,perfect,-19402
40449613147,6,11140,scored,perfect,-528734
40451613020,14,11141,scored,perfect,533884
40455611652,7,11142,scored,perfect,-201502
40457607126,8,11143,scored,perfect,537880
40457607818,15,11144,scored,perfect,364665
40458645398,2,11145,scored,perfect,92729
40460612706,13,11146,scored,perfect,-308161
40468610018,4,11147,scored,perfect,-517411
40469678370,12,11148,scored,perfect,134440
40473602153,1,11149,scored,perfect,473201
40474603690,3,11150,scored,perfect,-182126
40476608318,5,11151,scored,perfect,251932
40477610723,10,11152,scored,perfect,278804
40493618602,11,11153,scored,perfect,-216238
40497613120,14,11154,scored,perfect,62127
40497614901,8,11155,scored,perfect,-6759
40497615366,7,11156,scored,perfect,-500562
40498606411,2,11157,scored,perfect,-39833
40502613174,13,11158,scored,perfect,-369043
40503605342,6,11159,scored,perfect,-113209
40503606094,15,11160,scored,perfect,-213725
40504643500,9,11161,scored,perfect,-29478
40505609654,0,11162,scored,perfect,-473418
40509734489,4,11163,scored,perfect,-194435
40510608796,12,11164,scored,perfect,178608
40514607031,1,11165,scored,perfect,330243
40515601557,3,11166,scored,perfect,98824
40521632143,5,11167,scored,perfect,399770
40529650426,10,11168,scored,perfect,130312
40539609735,8,11169,scored,perfect,-35051
40545604122,14,11170,scored,perfect,57205
40545605415,15,11171,scored,perfect,-323866
40547616066,2,11172,scored,perfect,129928
40548610093,9,11173,scored,perfect,-59338
40551615847,13,11174,scored,perfect,400040
40554603874,7,11175,scored,perfect,-437910
40555607977,12,11176,scored,perfect,139860
40557602432,6,11177,scored,perfect,1727
40558605883,4,11178,scored,perfect,-455384
40563604224,3,11179,scored,perfect,23618
40571605397,10,11180,scored,perfect,568237
40571606355,11,11181,scored,perfect,182847
40574601846,0,11182,scored,perfect,-565974
40576608246,1,11184,scored,perfect,347927
40576608811,5,11183,scored,perfect,450335
40582634170,8,11185,scored,perfect,310878
40588608886,14,11186,scored,perfect,255232
40588609575,2,11187,scored,perfect,-418993
40590602312,9,11188,scored,perfect,434503
40598606344,13,11189,scored,perfect,-196334
40599604802,12,11190,scored,perfect,-113086
40601605155,4,11191,scored,perfect,199447
40603601883,7,11192,scored,perfect,223912
40604631599,3,11193,scored,perfect,462631
40605615454,6,11194,scored,perfect,53740
40610608229,15,11195,scored,perfect,546041
40613604279,10,11196,scored,perfect,-315556
40614606747,11,11197,scored,perfect,-215397
40618620656,5,11198,scored,perfect,458560
40621604042,1,11199,scored,perfect,-204250
40623610390,8,11200,scored,perfect,-100158
40624646633,0,11201,scored,perfect,548231
40629603818,2,11202,scored,perfect,-437918
40635606549,9,11203,scored,perfect,419072
40636602078,14,11204,scored,perfect,-336337
40647616269,12,11205,scored,perfect,307881
40647618870,4,11206,scored,perfect,49344
40651617128,7,11207,scored,perfect,97458
40655611913,15,11208,scored,perfect,311517
40659693907,11,11209,scored,perfect,-291631
40660605452,6,11210,scored,perfect,495976
40667604908,13,11211,scored,perfect,24141
40668613163,10,11212,scored,perfect,207592
40669604787,2,11213,scored,perfect,-548639
40670667257,1,11214,scored,perfect,-31427
40670667804,5,11215,scored,perfect,-228245
40678602065,8,11216,scored,perfect,7690
40681607765,0,11217,scored,perfect,374747
40683603796,3,11218,scored,perfect,308003
40683604378,14,11219,scored,perfect,-583567
40684691705,9,11220,scored,perfect,-248362
40687601004,12,11221,scored,perfect,-192685
40689607085,4,11222,scored,perfect,-126386
40694609911,7,11223,scored,perfect,-347754
40695646644,15,11224,scored,perfect,96069
40700644353,6,11225,scored,perfect,-112698
40705616265,11,11226,scored,perfect,262923
40708604470,13,11227,scored,perfect,-141351
40709636716,10,11228,scored,perfect,-34523
40715666175,1,11230,scored,perfect,430253
40715666997,5,11229,scored,perfect,529038
40715667790,2,11231,scored,perfect,163802
40722614221,0,11232,scored,perfect,-486775
40724645533,8,11233,scored,perfect,314960
40725603929,9,11234,scored,perfect,347915
40729603973,14,11235,scored,perfect,-246302
40731605186,4,11236,scored,perfect,-371190
40733603471,3,11237,scored,perfect,-411888
40739608378,12,11238,scored,perfect,-314594
40741600729,7,11240,scored,perfect,-615712
40741601377,15,11239,scored,perfect,-392576
40742600898,6,11241,scored,perfect,-375771
40745652995,11,11242,scored,perfect,180938
40752609822,13,11243,scored,perfect,-175092
40753635788,10,11244,scored,perfect,28440
40756611583,2,11245,scored,perfect,-72799
40757650141,1,11246,scored,perfect,232638
40758646737,5,11247,scored,perfect,-150180
40771605095,8,11248,scored,perfect,57481
40771606150,9,11249,scored,perfect,-141375
40772618411,0,11250,scored,perfect,-415625
40774636278,14,11251,scored,perfect,295098
40785605892,15,11252,scored,perfect,-501844
40787601242,4,11253,scored,perfect,-106097
40789608545,11,11254,scored,perfect,274945
40789609418,12,11255,scored,perfect,216526
40798610301,13,11256,scored,perfect,-183859
40799604536,6,11257,scored,perfect,127828
40799605189,2,11258,scored,perfect,-491597
40804604240,7,11259,scored,perfect,358077
40804605021,3,11260,scored,perfect,226685
40804605594,1,11261,scored,perfect,99557
40805608035,5,11262,scored,perfect,106366
40806611833,10,11263,scored,perfect,-160510
40814606742,14,11264,scored,perfect,101173
40819610591,9,11265,scored,perfect,379482
40823605872,0,11266,scored,perfect,-185430
40828604608,4,11267,scored,perfect,-212631
40829604139,15,11268,scored,perfect,24844
40831610506,12,11269,scored,perfect,217665
40833603598,11,11270,scored,perfect,190616
40833604198,8,11271,scored,perfect,-296961
40840601921,6,11272,scored,perfect,-274524
40841603503,2,11273,scored,perfect,-365375
40842603984,13,11274,scored,perfect,-335925
40849601659,3,11275,scored,perfect,-232396
40849602784,1,11277,scored,perfect,-550179
40849603688,5,11276,scored,perfect,-479852
40851612595,7,11278,scored,perfect,235651
40852610671,10,11279,scored,perfect,-116552
40857633538,14,11280,scored,perfect,147023
40860614960,9,11281,scored,perfect,-300373
40866603696,0,11282,scored,perfect,-365622
40868615986,4,11283,scored,perfect,-284221
40873607531,11,11284,scored,perfect,172582
40876612691,12,11285,scored,perfect,93521
40881610638,6,11286,scored,perfect,196771
40881611340,8,11288,scored,perfect,-336575
40881612074,15,11287,scored,perfect,-150920
40883643602,13,11289,scored,perfect,295121
40885612205,2,11290,scored,perfect,109123
40893616947,5,11291,scored,perfect,411383
40893618253,10,11292,scored,perfect,-438632
40895632821,1,11293,scored,perfect,209540
40898610218,3,11294,scored,perfect,-107275
40899605651,7,11295,scored,perfect,15425
40899606309,14,11296,scored,perfect,-28101
40906606690,9,11297,scored,perfect,177485
40909655947,4,11298,scored,perfect,68327
40912602262,0,11299,scored,perfect,-288867
40914614269,11,11300,scored,perfect,290478
40916603696,12,11301,scored,perfect,-517558
40923611582,6,11302,scored,perfect,-353903
40924603694,8,11303,scored,perfect,-241791
40925647697,13,11304,scored,perfect,250355
40925651075,15,11305,scored,perfect,183771
40927609178,2,11306,scored,perfect,-61425
40934661467,10,11307,scored,perfect,109686
40934662375,5,11308,scored,perfect,-284901
40937601214,1,11309,scored,perfect,-180194
40940606580,14,11310,scored,perfect,396300
40940607370,7,11311,scored,perfect,-236683
40946650060,9,11312,scored,perfect,-105188
40947618504,3,11313,scored,perfect,-154122
40950605042,4,11314,scored,perfect,224830
40953601498,0,11315,scored,perfect,119452
40954643264,11,11316,scored,perfect,-11374
40960613419,12,11317,scored,perfect,-378167
40966604015,6,11319,scored,perfect,-409385
40966604869,13,11318,scored,perfect,-294258
40972615981,15,11320,scored,perfect,375733
40973610478,2,11321,scored,perfect,-246083
40976609705,8,11322,scored,perfect,534610
40979604796,10,11323,scored,perfect,-245110
40980609123,1,11324,scored,perfect,-217663
40986602525,7,11325,scored,perfect,-140849
40988601306,5,11326,scored,perfect,-104333
40993607637,3,11327,scored,perfect,-236553
40998612295,0,11328,scored,perfect,-214107
40999604657,14,11329,scored,perfect,-11832
41005609757,12,11330,scored,perfect,-106000
41007602433,6,11331,scored,perfect,-343014
41008649305,9,11332,scored,perfect,20073
41010606995,11,11333,scored,perfect,520784
41013604403,13,11334,scored,perfect,-44638
41016601851,8,11335,scored,perfect,-263074
41017660942,15,11336,scored,perfect,-246840
41018616348,4,11337,scored,perfect,-294439
41021644646,10,11338,scored,perfect,588793
41027605918,1,11339,scored,perfect,262701
41031610497,5,11340,scored,perfect,-71724
41034639238,2,11341,scored,perfect,-259961
41037602253,3,11342,scored,perfect,-290309
41038607802,7,11343,scored,perfect,57822
41040602289,0,11344,scored,perfect,-301926
41042657456,14,11345,scored,perfect,-291041
41049604406,6,11346,scored,perfect,-224426
41050603750,11,11347,scored,perfect,-157232
41051608100,9,11348,scored,perfect,-354567
41053601958,13,11349,scored,perfect,-116014
41055612414,12,11350,scored,perfect,131043
41059646592,8,11351,scored,perfect,20758
41062631671,4,11352,scored,perfect,442769
41065603121,10,11353,scored,perfect,-431632
41067603337,1,11354,scored,perfect,-80682
41072618298,15,11355,scored,perfect,-359079
41077606875,5,11356,scored,perfect,-376948
41081610118,3,11357,scored,perfect,-364601
41082650898,7,11358,scored,perfect,450389
41085609169,0,11359,scored,perfect,-321017
41093616747,6,11360,scored,perfect,140804
41097620084,14,11361,scored,perfect,-432504
41103601865,4,11362,scored,perfect,408526
41107650041,8,11363,scored,perfect,32004
41112601281,2,11364,scored,perfect,-33512
41115652203,13,11365,scored,perfect,466906
41120604104,11,11367,scored,perfect,-205526
41120605105,12,11366,scored,perfect,-199431
41121605070,5,11368,scored,perfect,542719
41122618246,9,11369,scored,perfect,160772
41122620724,15,11370,scored,perfect,-664929
41124604592,10,11371,scored,perfect,492424
41125604393,1,11372,scored,perfect,-120119
41126616172,0,11373,scored,perfect,401076
41129603482,3,11374,scored,perfect,305970
41129604333,7,11375,scored,perfect,-72781
41138621069,6,11376,scored,perfect,352604
41140602816,14,11377,scored,perfect,-135752
41144604576,4,11378,scored,perfect,-405160
41148611572,8,11379,scored,perfect,229244
41155608331,13,11380,scored,perfect,421148
41155609203,2,11381,scored,perfect,105700
41160607023,11,11382,scored,perfect,-438848
41163629095,15,11383,scored,perfect,178734
41172618386,0,11384,scored,perfect,-667943
41173610546,7,11385,scored,perfect,-53895
41176613875,3,11386,scored,perfect,310461
41176614850,1,11387,scored,perfect,126659
41177610642,12,11388,scored,perfect,141966
41178603906,5,11389,scored,perfect,-204520
41180615467,9,11390,scored,perfect,-385001
41185607336,4,11391,scored,perfect,-398227
41188604818,8,11392,scored,perfect,-462002
41189606447,14,11393,scored,perfect,243070
41190601463,10,11394,scored,perfect,-99956
41191601533,6,11395,scored,perfect,-42679
41200662016,13,11396,scored,perfect,-136425
41204653384,2,11397,scored,perfect,485437
41211606233,11,11398,scored,perfect,264409
41214612837,0,11399,scored,perfect,21849
41215652373,15,11400,scored,perfect,83620
41217660825,1,11401,scored,perfect,-160298
41217661388,12,11402,scored,perfect,-311730
41224650789,5,11403,scored,perfect,398563
41225603080,7,11404,scored,perfect,-291982
41226607413,4,11405,scored,perfect,-426753
41232601251,10,11406,scored,perfect,266915
41234634022,6,11407,scored,perfect,-259197
41235607431,3,11408,scored,perfect,-239637
41236633437,8,11409,scored,perfect,334823
41240605236,9,11410,scored,perfect,-244392
41242643542,14,11411,scored,perfect,71194
41244604845,2,11412,scored,perfect,-293060
41246604428,13,11413,scored,perfect,36113
41253636143,11,11414,scored,perfect,413715
41254603160,0,11415,scored,perfect,-247302
41256610211,15,11416,scored,perfect,70246
41261636639,12,11417,scored,perfect,365950
41262604214,1,11418,scored,perfect,-350589
41264606415,5,11419,scored,perfect,-272805
41265604868,7,11420,scored,perfect,-443500
41268618515,4,11421,scored,perfect,153611
41272613552,10,11422,scored,perfect,-513653
41275604106,6,11423,scored,perfect,383731
41279603987,3,11424,scored,perfect,-316217
41283604387,9,11425,scored,perfect,-226246
41290653854,2,11426,scored,perfect,45671
41296646720,15,11427,scored,perfect,178
41297613340,8,11428,scored,perfect,2599
41316604153,6,11429,scored,perfect,-24091
41318616081,12,11430,scored,perfect,409269
41318617078,0,11431,scored,perfect,-265787
41322614020,7,11432,scored,perfect,32115
41322615491,10,11433,scored,perfect,-156692
41331605894,14,11434,scored,perfect,-94633
41336602085,4,11435,scored,perfect,-193663
41355608066,13,11436,scored,perfect,-325660
41356611893,9,11437,scored,perfect,-85575
41361602239,0,11438,scored,perfect,29828
41364615600,5,11439,scored,perfect,123365
41371603529,3,11441,scored,perfect,-66519
41371604852,12,11440,scored,perfect,177473
41375606020,11,11442,scored,perfect,161158
41376607233,7,11443,scored,perfect,464661
41379638753,10,11444,scored,perfect,104613
41380606957,8,11445,scored,perfect,-424591
41382602822,1,11446,scored,perfect,518290
41387628783,15,11447,scored,perfect,223918
41390651702,4,11448,scored,perfect,169077
41391638442,6,11449,scored,perfect,-6676
41394604070,14,11450,scored,perfect,149108
41399600853,2,11451,scored,perfect,-320613
41402607684,13,11452,scored,perfect,201185
41402608425,9,11453,scored,perfect,-457798
41405604562,5,11454,scored,perfect,444926
41406611688,0,11455,scored,perfect,-131119
41415665337,3,11456,scored,perfect,460482
41416600778,11,11457,scored,perfect,173686
41418607692,7,11458,scored,perfect,381560
41419602607,12,11459,scored,perfect,-398434
41425603508,1,11460,scored,perfect,-326886
41436602185,15,11461,scored,perfect,-30129
41437600984,4,11462,scored,perfect,435912
41439607518,6,11463,scored,perfect,196603
41441609229,2,11464,scored,perfect,-115110
41441609876,14,11465,scored,perfect,-602051
41447623522,10,11466,scored,perfect,-295037
41450603205,0,11467,scored,perfect,162147
41454604175,13,11468,scored,perfect,-71599
41455617403,8,11469,scored,perfect,-482619
41456610322,3,11470,scored,perfect,252955
41457648384,9,11471,scored,perfect,255229
41460607713,11,11472,scored,perfect,151993
41468620649,1,11473,scored,perfect,580133
41468622338,7,11474,scored,perfect,382133
41472615829,5,11475,scored,perfect,-516956
41473610483,12,11476,scored,perfect,-299950
41476609246,15,11477,scored,perfect,-399909
41480610190,6,11478,scored,perfect,-552396
41481605475,4,11479,scored,perfect,169662
41484641308,2,11480,scored,perfect,-172555
41489607732,14,11481,scored,perfect,-5195
41491603443,10,11482,scored,perfect,376497
41491604066,0,11483,scored,perfect,-628827
41496604540,3,11484,scored,perfect,-146612
41498604869,13,11485,scored,perfect,267201
41506610494,8,11486,scored,perfect,-90639
41506611397,9,11487,scored,perfect,-160231
41507603614,11,11488,scored,perfect,123555
41508608784,1,11489,scored,perfect,-102091
41511602591,7,11490,scored,perfect,405849
41530615664,5,11491,scored,perfect,-89106
41531610197,12,11492,scored,perfect,148949
41532604508,4,11493,scored,perfect,-173958
41532605159,14,11494,scored,perfect,-470455
41534645475,2,11495,scored,perfect,-198325
41539611852,13,11496,scored,perfect,377068
41539613054,3,11497,scored,perfect,-106568
41540604627,15,11498,scored,perfect,327120
41543612484,6,11499,scored,perfect,281272
41547615275,9,11500,scored,perfect,-89863
41549602234,1,11501,scored,perfect,-489145
41551613642,7,11502,scored,perfect,39281
41552612297,11,11503,scored,perfect,-422498
41557605222,8,11504,scored,perfect,376826
41562603623,10,11505,scored,perfect,404646
41568616818,0,11506,scored,perfect,543433
41572614558,5,11507,scored,perfect,-62118
41572615224,12,11508,scored,perfect,-208625
41574603857,14,11509,scored,perfect,153180
41575603550,2,11510,scored,perfect,-223056
41576608834,4,11511,scored,perfect,9020
41583603874,15,11512,scored,perfect,309804
41583604689,3,11513,scored,perfect,-122992
41585607403,6,11514,scored,perfect,-122890
41585608227,13,11515,scored,perfect,-453077
41595601697,1,11517,scored,perfect,115417
41595602637,7,11516,scored,perfect,185982
41595603072,11,11518,scored,perfect,108574
41595603594,9,11519,scored,perfect,-312924
41597614159,8,11520,scored,perfect,-332265
41604603877,10,11521,scored,perfect,-190187
41615602227,0,11522,scored,perfect,158113
41616601474,12,11523,scored,perfect,-566192
41618608840,4,11524,scored,perfect,441600
41620646240,5,11525,scored,perfect,-265045
41625601361,3,11526,scored,perfect,-263143
41630605208,15,11527,scored,perfect,296955
41632602093,14,11528,scored,perfect,-507833
41636602907,13,11529,scored,perfect,427103
41640602122,9,11530,scored,perfect,561101
41640602900,8,11531,scored,perfect,-440516
41641603616,11,11532,scored,perfect,430672
41644602554,2,11533,scored,perfect,9351
41646603977,6,11534,scored,perfect,96190
41647618630,1,11535,scored,perfect,-505513
41650604481,7,11536,scored,perfect,-87106
41653601637,10,11537,scored,perfect,8265
41655609176,0,11538,scored,perfect,-253494
41660605281,12,11539,scored,perfect,505083
41665605379,4,11540,scored,perfect,-381803
41666601666,3,11541,scored,perfect,-486226
41672621984,5,11542,scored,perfect,166272
41680615844,9,11543,scored,perfect,37614
41683603457,11,11544,scored,perfect,414449
41685607537,2,11545,scored,perfect,480884
41685608693,14,11546,scored,perfect,327545
41686601769,15,11547,scored,perfect,258980
41688608201,6,11549,scored,perfect,297766
41688608992,8,11548,scored,perfect,519572
41689612373,13,11550,scored,perfect,346323
41691603665,1,11551,scored,perfect,163748
41693617627,7,11552,scored,perfect,3995
41696603549,0,11553,scored,perfect,-110064
41696604276,10,11554,scored,perfect,-421817
41710601506,3,11555,scored,perfect,385542
41713602536,4,11556,scored,perfect,85979
41715638113,5,11557,scored,perfect,586009
41715640939,12,11558,scored,perfect,469958
41721637189,9,11559,scored,perfect,462396
41736602012,7,11560,scored,perfect,64380
41738601710,15,11561,scored,perfect,528345
41739600468,10,11562,scored,perfect,285003
41740600261,6,11563,scored,perfect,245694
41740600846,13,11564,scored,perfect,-350542
41743604034,14,11565,scored,perfect,-419721
41744606954,0,11566,scored,perfect,433789
41745660603,11,11567,scored,perfect,-187580
41747609612,1,11568,scored,perfect,-341838
41750601712,8,11569,scored,perfect,-70082
41751603726,2,11570,scored,perfect,628322
41751604321,3,11571,scored,perfect,307571
41763601786,12,11572,scored,perfect,-415199
41766603272,9,11573,scored,perfect,453816
41766603996,4,11574,scored,perfect,-532784
41771604000,5,11575,scored,perfect,-157509
41776605075,7,11576,scored,perfect,-476759
41780610608,15,11577,scored,perfect,375262
41780611091,6,11578,scored,perfect,-163179
41782647886,13,11579,scored,perfect,263894
41783654508,10,11580,scored,perfect,496873
41785601387,11,11581,scored,perfect,-498174
41796640008,0,11582,scored,perfect,-136755
41797608440,3,11583,scored,perfect,178
41798602208,1,11584,scored,perfect,-36251
41802601536,8,11585,scored,perfect,-123659
41803605275,14,11586,scored,perfect,-231307
41804602891,12,11587,scored,perfect,350105
41804603518,2,11588,scored,perfect,-38855
41807606289,9,11589,scored,perfect,27902
41810602276,4,11590,scored,perfect,-103043
41816603932,5,11591,scored,perfect,163982
41818606668,7,11592,scored,perfect,359868
41821603249,15,11593,scored,perfect,-253008
41831604663,10,11594,scored,perfect,20018
41831605287,6,11595,scored,perfect,-302420
41831605804,13,11596,scored,perfect,-378958
41833602823,11,11597,scored,perfect,-372985
41837628743,0,11598,scored,perfect,85504
41840633187,1,11599,scored,perfect,534974
41843608508,8,11600,scored,perfect,533035
41843609535,3,11601,scored,perfect,125927
41845600558,2,11602,scored,perfect,296029
41845601149,14,11603,scored,perfect,168338
41846602306,12,11604,scored,perfect,-367057
41848604815,9,11605,scored,perfect,121617
41851604882,4,11606,scored,perfect,653321
41856604703,5,11607,scored,perfect,-294265
41860601779,7,11608,scored,perfect,388378
41867602571,15,11609,scored,perfect,183807
41872608582,13,11610,scored,perfect,15734
41872609179,6,11612,scored,perfect,-478113
41872609797,10,11611,scored,perfect,-462136
41874643140,11,11613,scored,perfect,273007
41885601276,8,11614,scored,perfect,-521778
41889605786,2,11616,scored,perfect,-338426
41889606532,14,11615,scored,perfect,-145727
41896602553,3,11617,scored,perfect,-441583
41899603162,1,11618,scored,perfect,-287084
41904659691,7,11619,scored,perfect,130316
41905609527,12,11620,scored,perfect,-237672
41906612208,5,11621,scored,perfect,341754
41907606398,9,11622,scored,perfect,-212860
41907607043,15,11623,scored,perfect,-383239
41912633675,4,11624,scored,perfect,30193
41913601326,6,11625,scored,perfect,-574907
41914607888,0,11626,scored,perfect,7233
41926616473,8,11627,scored,perfect,328794
41927609010,11,11628,scored,perfect,39280
41927609899,13,11629,scored,perfect,-294718
41928653119,10,11630,scored,perfect,160298
41931605079,14,11631,scored,perfect,181224
41933604790,2,11632,scored,perfect,299828
41937601691,3,11633,scored,perfect,-433736
41939611394,1,11634,scored,perfect,-299638
41946601368,12,11635,scored,perfect,-235225
41947605605,5,11637,scored,perfect,148854
41947606232,7,11636,scored,perfect,225909
41949600275,9,11638,scored,perfect,-421710
41952603879,4,11639,scored,perfect,-303982
41955608042,6,11640,scored,perfect,255326
41959658685,15,11641,scored,perfect,135912
41960603400,0,11642,scored,perfect,-346988
41966604006,8,11643,scored,perfect,-359799
41969603142,13,11644,scored,perfect,294799
41969604173,10,11645,scored,perfect,-185428
41971603507,11,11646,scored,perfect,478957
41972620240,14,11647,scored,perfect,216930
41974601117,2,11648,scored,perfect,-380576
41979603681,3,11649,scored,perfect,-180114
41986605930,1,11650,scored,perfect,71193
41987604383,5,11651,scored,perfect,-345605
41987605070,12,11652,scored,perfect,-351428
41990602011,7,11654,scored,perfect,-369955
41990602746,9,11653,scored,perfect,-198931
42004603998,0,11655,scored,perfect,-269813
42009619354,8,11656,scored,perfect,115246
42013603296,11,11657,scored,perfect,-377909
42019643162,13,11658,scored,perfect,-158918
42022606715,15,11659,scored,perfect,-367667
42026605392,6,11660,scored,perfect,-402053
42027604218,4,11661,scored,perfect,357621
42032607015,10,11662,scored,perfect,541420
42032608467,5,11663,scored,perfect,-829
42037625582,9,11664,scored,perfect,208605
42040602445,7,11665,scored,perfect,-146833
42043606376,12,11666,scored,perfect,-71502
42047608531,0,11667,scored,perfect,-542332
42049602458,14,11668,scored,perfect,230917
42057624429,11,11669,scored,perfect,217518
42058636390,1,11670,scored,perfect,255605
42060600843,8,11671,scored,perfect,-314962
42060601438,13,11672,scored,perfect,-527772
42064600541,15,11673,scored,perfect,-223824
42069601420,4,11674,scored,perfect,45899
42073602649,3,11676,scored,perfect,-354725
42073603376,6,11675,scored,perfect,-169268
42078600527,10,11677,scored,perfect,56137
42078601108,9,11678,scored,perfect,-252502
42079602351,5,11679,scored,perfect,276204
42080604922,2,11680,scored,perfect,49636
42086603866,7,11681,scored,perfect,25711
42087600358,12,11682,scored,perfect,401332
42090627805,0,11683,scored,perfect,470115
42094603804,14,11684,scored,perfect,-362316
42097611355,11,11685,scored,perfect,-649058
42098603680,1,11686,scored,perfect,155142
42103658411,8,11687,scored,perfect,55432
42111626490,13,11688,scored,perfect,60381
42112601465,4,11689,scored,perfect,-177148
42113603765,15,11690,scored,perfect,430349
42118604699,6,11691,scored,perfect,465777
42121638071,9,11692,scored,perfect,424794
42123600637,3,11693,scored,perfect,-92673
42124602312,10,11694,scored,perfect,-107816
42128631281,5,11695,scored,perfect,-136447
42139602042,7,11696,scored,perfect,148611
42143606131,8,11697,scored,perfect,-339525
42147609670,0,11698,scored,perfect,53441
42147610264,1,11699,scored,perfect,-161853
42147610868,2,11700,scored,perfect,-522938
42147611310,14,11701,scored,perfect,-641529
42149603621,12,11702,scored,perfect,-333388
42152604340,11,11704,scored,perfect,-490120
42152605132,13,11703,scored,perfect,-426126
42154602263,15,11705,scored,perfect,-364786
42155604634,4,11706,scored,perfect,-303439
42158604442,6,11707,scored,perfect,307577
42169601982,9,11708,scored,perfect,-587557
42171602691,5,11709,scored,perfect,395143
42175639028,10,11710,scored,perfect,-221916
42176623335,3,11711,scored,perfect,179561
42179603538,7,11712,scored,perfect,-485820
42189604391,0,11713,scored,perfect,364341
42191605186,8,11714,scored,perfect,471629
42195604584,14,11715,scored,perfect,137281
42196604522,15,11716,scored,perfect,326971
42196605249,13,11717,scored,perfect,49571
42201604434,11,11718,scored,perfect,-380166
42205605159,12,11719,scored,perfect,-467820
42207649952,6,11720,scored,perfect,-18655
42228652489,7,11721,scored,perfect,156119
42229650804,2,11722,scored,perfect,289918
42232631258,3,11723,scored,perfect,448234
42234604966,4,11724,scored,perfect,-280055
42241603348,10,11725,scored,perfect,-136348
42242602425,0,11726,scored,perfect,-156352
42246602461,5,11727,scored,perfect,-25540
42251603760,12,11728,scored,perfect,108326
42254649652,15,11729,scored,perfect,-31428
42258633302,6,11730,scored,perfect,342494
42260603205,9,11731,scored,perfect,-157681
42260603797,13,11732,scored,perfect,-159204
42261600343,8,11733,scored,perfect,-132988
42265605264,11,11734,scored,perfect,-440934
42266603946,14,11735,scored,perfect,-302528
42271603033,1,11736,scored,perfect,-357657
42274602299,4,11737,scored,perfect,-355413
42278602585,7,11738,scored,perfect,177009
42280605654,3,11739,scored,perfect,-160884
42280606357,2,11740,scored,perfect,-571271
42294607174,0,11741,scored,perfect,234179
42294608160,5,11742,scored,perfect,111379
42295638655,12,11743,scored,perfect,109683
42296632755,10,11745,scored,perfect,-84575
42296636334,15,11744,scored,perfect,145974
42299601865,6,11746,scored,perfect,-58213
42302608263,8,11747,scored,perfect,234087
42304603709,9,11748,scored,perfect,-340250
42305608551,13,11749,scored,perfect,-103848
42313601148,11,11750,scored,perfect,215299
42313602443,14,11751,scored,perfect,-527845
42315634426,4,11752,scored,perfect,405525
42316601393,1,11753,scored,perfect,-503642
42320604606,7,11754,scored,perfect,335438
42322617198,2,11755,scored,perfect,477424
42324601623,3,11756,scored,perfect,509521
42337601577,12,11757,scored,perfect,390810
42338600965,10,11758,scored,perfect,397542
42339605020,0,11759,scored,perfect,-269940
42340602011,5,11760,scored,perfect,592012
42341610107,15,11761,scored,perfect,289656
42344602025,8,11762,scored,perfect,246779
42347619800,13,11763,scored,perfect,252828
42348610622,9,11764,scored,perfect,67024
42349604591,6,11765,scored,perfect,548189
42357605293,4,11766,scored,perfect,-139305
42359663680,11,11767,scored,perfect,83898
42360606911,1,11768,scored,perfect,168737
42360608625,14,11769,scored,perfect,-81476
42360609256,7,11770,scored,perfect,-360756
42362600982,2,11771,scored,perfect,-48625
42367605646,3,11772,scored,perfect,-48038
42381610058,15,11773,scored,perfect,95570
42383601402,0,11774,scored,perfect,-453152
42389610816,9,11775,scored,perfect,-34146
42390655833,5,11776,scored,perfect,448021
42392604571,13,11777,scored,perfect,62296
42393608264,10,11778,scored,perfect,411881
42395663356,6,11779,scored,perfect,-134695
42404601979,8,11780,scored,perfect,-264648
42406609175,1,11781,scored,perfect,303158
42408605532,2,11782,scored,perfect,376303
42408606244,14,11783,scored,perfect,368251
42410602297,11,11784,scored,perfect,-119466
42411603027,3,11785,scored,perfect,172875
42415604792,4,11786,scored,perfect,200239
42415605415,7,11787,scored,perfect,-330557
42416649755,12,11788,scored,perfect,147759
42421601536,15,11789,scored,perfect,-184849
42425603672,0,11790,scored,perfect,-43008
42433604170,13,11791,scored,perfect,-411579
42434640666,9,11792,scored,perfect,312729
42434641739,10,11793,scored,perfect,110110
42438605532,6,11794,scored,perfect,-115
42443608357,5,11795,scored,perfect,380616
42444604261,8,11796,scored,perfect,-393477
42447624798,1,11797,scored,perfect,-187846
42448611537,2,11798,scored,perfect,105030
42450645817,11,11799,scored,perfect,-262735
42452605422,3,11800,scored,perfect,243470
42454601361,14,11801,scored,perfect,515579
42455616654,7,11802,scored,perfect,-451872
42457604878,4,11803,scored,perfect,156428
42465699561,12,11804,scored,perfect,204159
42472697152,0,11805,scored,perfect,-495459
42473698932,15,11806,scored,perfect,-106974
42474695067,13,11807,scored,perfect,526638
42477694209,10,11808,scored,perfect,533284
42477695546,9,11809,scored,perfect,-290515
42484693633,5,11810,scored,perfect,3620
42489694108,1,11811,scored,perfect,-559113
42490690876,6,11812,scored,perfect,69345
42491691217,8,11813,scored,perfect,430228
42492694293,3,11814,scored,perfect,-257477
42496693249,7,11815,scored,perfect,220549
42502687016,4,11816,scored,perfect,-280137
42503684933,14,11817,scored,perfect,-221257
42506684966,11,11818,scored,perfect,93034
42506685540,2,11819,scored,perfect,-109085
42507687016,12,11820,scored,perfect,-394805
42513689309,0,11821,scored,perfect,167387
42513690784,15,11822,scored,perfect,-200030
42514688011,13,11823,scored,perfect,445242
42521690405,9,11824,scored,perfect,501931
42522703802,10,11825,scored,perfect,315122
42536684250,6,11826,scored,perfect,-174714
42540683785,1,11827,scored,perfect,-46755
42544683871,14,11828,scored,perfect,522998
42544684325,5,11829,scored,perfect,-497352
42549683158,12,11830,scored,perfect,99203
42552683799,11,11831,scored,perfect,-165808
42556684444,7,11832,scored,perfect,54764
42559684749,3,11833,scored,perfect,140689
42560706446,2,11834,scored,perfect,349390
42561683735,15,11835,scored,perfect,-526415
42570684118,0,11836,scored,perfect,328404
42575683701,9,11837,scored,perfect,491005
42576685746,8,11838,scored,perfect,298087
42580683680,13,11839,scored,perfect,-535506
42582684641,1,11840,scored,perfect,-193435
42585684757,14,11841,scored,perfect,-71185
42587683410,4,11842,scored,perfect,-74473
42592683561,10,11843,scored,perfect,-47618
42593684865,12,11844,scored,perfect,3501
42593685484,11,11845,scored,perfect,-255435
42596683666,5,11846,scored,perfect,-342468
42597686645,6,11847,scored,perfect,-207384
42599683751,3,11848,scored,perfect,-61688
42607683753,7,11849,scored,perfect,-352895
42608683830,15,11850,scored,perfect,-76294
42613683703,0,11851,scored,perfect,145808
42618684633,2,11852,scored,perfect,550193
42621683792,8,11853,scored,perfect,483351
42622687624,9,11854,scored,perfect,-15940
42625683397,1,11855,scored,perfect,-78468
42628683745,4,11856,scored,perfect,152979
42629683330,13,11857,scored,perfect,-141090
42633683792,14,11858,scored,perfect,-78816
42637690410,11,11859,scored,perfect,387150
42639686019,10,11860,scored,perfect,172243
42641683746,6,11861,scored,perfect,-179297
42644684175,3,11862,scored,perfect,42354
42647687220,5,11863,scored,perfect,-382525
42653683663,7,11864,scored,perfect,-247411
42657683720,0,11865,scored,perfect,418150
42660685378,15,11866,scored,perfect,-445541
42664685677,2,11867,scored,perfect,403731
42664686798,8,11868,scored,perfect,155863
42665683301,1,11869,scored,perfect,-86767
42667683386,12,11870,scored,perfect,-341429
42668686278,4,11872,scored,perfect,94281
42668687247,9,11871,scored,perfect,157494
42674683690,14,11873,scored,perfect,519954
42675704301,13,11874,scored,perfect,-8867
42677684061,11,11875,scored,perfect,86062
42681685075,10,11876,scored,perfect,-40510
42683702910,6,11877,scored,perfect,189381
42685686233,3,11878,scored,perfect,138593
42689685559,5,11879,scored,perfect,295384
42697686612,0,11880,scored,perfect,-458320
42699683911,7,11881,scored,perfect,-83636
42701685661,15,11882,scored,perfect,323040
42704683191,2,11883,scored,perfect,-89670
42707683589,1,11884,scored,perfect,-363288
42711683637,8,11885,scored,perfect,465339
42711684269,9,11886,scored,perfect,180143
42714685591,12,11887,scored,perfect,-416173
42714686088,14,11888,scored,perfect,-612026
42715683271,13,11889,scored,perfect,-358196
42716683116,4,11890,scored,perfect,-377599
42719684138,11,11891,scored,perfect,-339979
42725683226,6,11892,scored,perfect,-561145
42726685994,10,11893,scored,perfect,-209680
42736683949,3,11894,scored,perfect,-271272
42737702983,5,11895,scored,perfect,348469
42740683508,0,11896,scored,perfect,340867
42741683251,7,11897,scored,perfect,503854
42741683669,15,11898,scored,perfect,-63817
42750683730,2,11899,scored,perfect,454550
42750684361,1,11900,scored,perfect,-235978
42752683366,9,11901,scored,perfect,-75548
42757684445,4,11902,scored,perfect,-144633
42758684085,12,11903,scored,perfect,-459345
42764685623,13,11904,scored,perfect,-45941
42770683504,11,11905,scored,perfect,-348339
42771683792,14,11906,scored,perfect,373399
42771684356,8,11907,scored,perfect,-300052
42779683621,6,11908,scored,perfect,-67521
42787683478,0,11909,scored,perfect,-303914
42793685977,3,11910,scored,perfect,224371
42796683325,9,11911,scored,perfect,-27406
42797687365,5,11912,scored,perfect,-210899
42799683853,2,11913,scored,perfect,457292
42799684361,7,11914,scored,perfect,359167
42800683630,15,11915,scored,perfect,-231613
42800684160,12,11916,scored,perfect,-332906
42803683637,1,11917,scored,perfect,-615256
42808683820,13,11918,scored,perfect,111429
42808684521,10,11919,scored,perfect,-320931
42809685188,4,11920,scored,perfect,413917
42816687705,8,11921,scored,perfect,-125068
42816688497,11,11922,scored,perfect,-229101
42823683716,6,11923,scored,perfect,346018
42826685363,14,11924,scored,perfect,-274088
42828684042,0,11925,scored,perfect,455801
42835686352,3,11926,scored,perfect,-175373
42838683328,5,11927,scored,perfect,508316
42838683943,9,11928,scored,perfect,-399549
42839685468,7,11929,scored,perfect,-329391
42841683322,15,11930,scored,perfect,200830
42841683870,2,11931,scored,perfect,-446553
42842683189,12,11932,scored,perfect,-274744
42844683667,1,11933,scored,perfect,-101511
42848683429,13,11934,scored,perfect,-157369
42849702840,10,11935,scored,perfect,200678
42850683910,4,11936,scored,perfect,345141
42861684291,8,11937,scored,perfect,-537033
42865683590,6,11938,scored,perfect,272834
42865684112,11,11939,scored,perfect,-177399
42867683987,14,11940,scored,perfect,-72011
42868685496,0,11941,scored,perfect,317761
42880684912,7,11942,scored,perfect,-40661
42881686245,3,11943,scored,perfect,247643
42881686765,9,11944,scored,perfect,-190682
42883683287,5,11945,scored,perfect,389802
42883683970,15,11946,scored,perfect,-248818
42884684234,12,11947,scored,perfect,185868
42886705878,2,11948,scored,perfect,261197
42887701808,1,11949,scored,perfect,217960
42891705737,10,11950,scored,perfect,294816
42892683741,4,11951,scored,perfect,-284351
42894683680,13,11952,scored,perfect,-497123
42903704391,8,11953,scored,perfect,423529
42910686345,0,11954,scored,perfect,569837
42911721160,6,11955,scored,perfect,62288
42911721657,11,11956,scored,perfect,39588
42915684249,14,11957,scored,perfect,3167
42921683585,3,11958,scored,perfect,-313067
42922686038,9,11959,scored,perfect,381612
42926686636,5,11960,scored,perfect,48135
42930684308,1,11962,scored,perfect,256157
42930684882,15,11961,scored,perfect,484643
42931683710,2,11963,scored,perfect,117438
42933684880,4,11964,scored,perfect,377240
42936719119,7,11965,scored,perfect,-118875
42938683523,13,11966,scored,perfect,570258
42942687657,10,11967,scored,perfect,-540318
42947685956,12,11968,scored,perfect,467337
42948683798,8,11969,scored,perfect,284462
42950683261,0,11970,scored,perfect,393113
42956685233,6,11971,scored,perfect,171902
42957692659,11,11973,scored,perfect,37333
42957693228,14,11972,scored,perfect,153830
42962683779,3,11974,scored,perfect,-35105
42963683457,9,11975,scored,perfect,-457699
42967683751,5,11976,scored,perfect,-148808
42977683885,1,11977,scored,perfect,-202807
42983703881,13,11978,scored,perfect,83735
42988683814,7,11979,scored,perfect,307957
42990704387,15,11980,scored,perfect,381813
42995704725,10,11981,scored,perfect,409839
42997686000,4,11982,scored,perfect,-8666
42999683696,8,11983,scored,perfect,-114363
43000683186,14,11984,scored,perfect,-431031
43001685316,6,11985,scored,perfect,-9866
43002684065,2,11986,scored,perfect,355583
43012683444,9,11987,scored,perfect,119731
43013682982,5,11988,scored,perfect,549243
43017684145,0,11990,scored,perfect,291741
43017684824,12,11989,scored,perfect,409786
43019683509,3,11991,scored,perfect,25990
43023684190,11,11992,scored,perfect,115679
43024683612,13,11993,scored,perfect,-41032
43027683901,1,11994,scored,perfect,-15160
43029683242,7,11995,scored,perfect,111433
43032684427,15,11996,scored,perfect,-402149
43042684268,6,11997,scored,perfect,283228
43042684908,2,11998,scored,perfect,-35214
43044683826,4,11999,scored,perfect,529797
43045703509,14,12000,scored,perfect,457732
43046683910,8,12001,scored,perfect,-250791
43054684343,5,12002,scored,perfect,147901
43055683693,9,12003,scored,perfect,-10999
43057683674,10,12004,scored,perfect,628761
43057684292,12,12005,scored,perfect,370610
43058683213,0,12006,scored,perfect,509217
43060685910,3,12007,scored,perfect,400619
43064685475,11,12008,scored,perfect,157390
43066718888,13,12009,scored,perfect,8668
43069685105,1,12010,scored,perfect,-79907
43070684067,7,12011,scored,perfect,-89756
43075683260,15,12012,scored,perfect,-585785
43082685274,6,12013,scored,perfect,216854
43082686153,2,12014,scored,perfect,-77912
43087666286,4,12015,scored,perfect,-187582
43090685995,8,12016,scored,perfect,-350739
43095684731,14,12017,scored,perfect,182029
43095685490,5,12018,scored,perfect,-147193
43096685749,9,12019,scored,perfect,-38087
43097938490,10,12020,scored,perfect,284272
43098690081,12,12021,scored,perfect,-343479
43099685693,0,12022,scored,perfect,191295
43100683478,3,12023,scored,perfect,-313549
43105691329,11,12024,scored,perfect,426201
43108684083,13,12025,scored,perfect,-356945
43110692168,7,12026,scored,perfect,-217266
43111685552,1,12027,scored,perfect,366676
43116738664,15,12028,scored,perfect,142628
43124683709,6,12029,scored,perfect,627897
43126684481,2,12030,scored,perfect,-351536
43128683358,4,12031,scored,perfect,22484
43132684319,8,12032,scored,perfect,-209916
43136683506,9,12033,scored,perfect,-412512
43138683413,12,12034,scored,perfect,-413322
43139683588,5,12035,scored,perfect,-62788
43140683348,0,12036,scored,perfect,316839
43140683874,10,12037,scored,perfect,-79933
43141684137,3,12038,scored,perfect,-373264
43141684883,14,12039,scored,perfect,-425153
43146684182,11,12040,scored,perfect,6408
43150685426,13,12041,scored,perfect,24019
43153684150,1,12043,scored,perfect,-472041
43153684723,7,12042,scored,perfect,-384609
43159687498,15,12044,scored,perfect,-317615
43164683832,6,12045,scored,perfect,-330917
43167683074,2,12046,scored,perfect,311949
43181685129,10,12047,scored,perfect,100205
43184685108,0,12048,scored,perfect,177224
43185684272,4,12049,scored,perfect,291134
43190683903,9,12050,scored,perfect,204872
43196704119,12,12051,scored,perfect,122808
43197686287,11,12052,scored,perfect,-342523
43200683345,15,12053,scored,perfect,417100
43205685039,1,12054,scored,perfect,-303521
43206683863,5,12055,scored,perfect,-425797
43210684304,6,12056,scored,perfect,339180
43211683450,14,12057,scored,perfect,437316
43212683357,3,12058,scored,perfect,141477
43212684134,8,12059,scored,perfect,-10617
43214684708,13,12060,scored,perfect,422633
43230684329,4,12061,scored,perfect,-102904
43230685188,10,12062,scored,perfect,-236310
43231683975,7,12063,scored,perfect,-153217
43237747671,9,12064,scored,perfect,-246465
43238695525,0,12065,scored,perfect,512159
43238697294,12,12066,scored,perfect,205714
43244690488,15,12067,scored,perfect,495392
43254684211,11,12068,scored,perfect,328951
43255686129,8,12069,scored,perfect,-47149
43257684718,2,12070,scored,perfect,-102777
43258683346,14,12071,scored,perfect,-99954
43260687364,6,12072,scored,perfect,48374
43261683861,5,12073,scored,perfect,-275010
43267684298,1,12074,scored,perfect,399198
43269684147,3,12075,scored,perfect,-22346
43272686085,7,12076,scored,perfect,-27199
43273683911,10,12077,scored,perfect,140097
43274683419,4,12078,scored,perfect,-294622
43276683437,13,12079,scored,perfect,-125844
43278684281,0,12080,scored,perfect,289356
43281684702,12,12081,scored,perfect,236960
43281685336,9,12082,scored,perfect,-311282
43285684682,15,12083,scored,perfect,110513
43294684139,11,12084,scored,perfect,-447803
43303683553,6,12085,scored,perfect,148540
43303684173,14,12086,scored,perfect,-594725
43310684343,3,12087,scored,perfect,-31383
43313683822,1,12088,scored,perfect,490987
43313684560,10,12089,scored,perfect,-360111
43314684017,7,12090,scored,perfect,206770
43314684614,2,12092,scored,perfect,-504080
43314685106,5,12091,scored,perfect,-424025
43315683385,8,12093,scored,perfect,267165
43318684714,13,12094,scored,perfect,314114
43319683610,4,12095,scored,perfect,-431157
43323683621,0,12096,scored,perfect,208594
43323684499,12,12097,scored,perfect,-231373
43335685189,11,12098,scored,perfect,391338
43336703738,9,12100,scored,perfect,358878
43336706181,15,12099,scored,perfect,439140
43343685869,6,12101,scored,perfect,-62697
43346683714,14,12102,scored,perfect,198892
43350709026,3,12103,scored,perfect,-51204
43355684442,8,12104,scored,perfect,133958
43355684969,7,12105,scored,perfect,-194394
43356684513,10,12106,scored,perfect,4533
43357701886,2,12107,scored,perfect,391072
43358683397,13,12108,scored,perfect,103724
43363683286,5,12109,scored,perfect,486858
43364684910,0,12110,scored,perfect,476658
43368684894,12,12111,scored,perfect,-95741
43369685969,1,12112,scored,perfect,122286
43369686443,4,12113,scored,perfect,-349506
43376686255,15,12114,scored,perfect,-274177
43377685131,9,12115,scored,perfect,-11176
43377685565,11,12116,scored,perfect,-313197
43386684349,6,12117,scored,perfect,-641
43389685732,14,12118,scored,perfect,-410650
43391702108,3,12119,scored,perfect,138704
43396684514,8,12120,scored,perfect,-273360
43397686592,10,12121,scored,perfect,552442
43398684379,2,12122,scored,perfect,-79509
43399683152,7,12123,scored,perfect,398031
43401684123,13,12124,scored,perfect,-309012
43404683986,0,12125,scored,perfect,271997
43404684679,5,12126,scored,perfect,-75747
43411721597,4,12127,scored,perfect,-170270
43414685043,12,12128,scored,perfect,333025
43422685336,11,12129,scored,perfect,73620
43431687371,3,12130,scored,perfect,-267055
43433712378,6,12132,scored,perfect,-69958
43433712849,9,12131,scored,perfect,75001
43435684114,15,12133,scored,perfect,35010
43444683960,10,12134,scored,perfect,-310026
43446683201,7,12135,scored,perfect,621617
43447684517,2,12136,scored,perfect,535923
43451684449,8,12137,scored,perfect,-294026
43452683995,5,12138,scored,perfect,403771
43457684299,12,12139,scored,perfect,-217981
43458683342,4,12140,scored,perfect,167139
43460684802,0,12141,scored,perfect,461882
43461683948,1,12142,scored,perfect,534319
43461684485,14,12143,scored,perfect,516726
43461684854,13,12144,scored,perfect,-275499
43466683483,11,12145,scored,perfect,564550
43476684307,9,12146,scored,perfect,-205280
43481684618,15,12147,scored,perfect,66612
43481685287,3,12148,scored,perfect,-268812
43482683445,6,12149,scored,perfect,168614
43493685466,10,12150,scored,perfect,280826
43496683754,7,12151,scored,perfect,-405399
43506684855,0,12153,scored,perfect,186706
43506686306,8,12152,scored,perfect,378131
43515683761,4,12154,scored,perfect,-270928
43519683878,2,12155,scored,perfect,117749
43521690212,12,12156,scored,perfect,465478
43522685121,9,12157,scored,perfect,368110
43522686819,6,12158,scored,perfect,23271
43527683924,15,12159,scored,perfect,576005
43534684466,11,12160,scored,perfect,435081
43534685418,1,12161,scored,perfect,183285
43534685905,14,12162,scored,perfect,-128439
43538684197,3,12163,scored,perfect,556969
43538684747,7,12164,scored,perfect,-185794
43542683506,10,12165,scored,perfect,76309
43542683981,13,12166,scored,perfect,-260270
43546683769,5,12167,scored,perfect,532097
43556684720,4,12168,scored,perfect,-36361
43560684776,2,12169,scored,perfect,-433901
43572686811,6,12170,scored,perfect,-147391
43574685455,0,12171,scored,perfect,-88499
43578704811,15,12172,scored,perfect,-135810
43579702651,7,12174,scored,perfect,102471
43579705732,9,12173,scored,perfect,255560
43582696857,11,12176,scored,perfect,207442
43582697442,14,12175,scored,perfect,298936
43590684171,3,12177,scored,perfect,-258327
43594684339,10,12178,scored,perfect,380211
43595683353,13,12179,scored,perfect,-161878
43597685191,5,12180,scored,perfect,252669
43600721402,12,12181,scored,perfect,-82640
43609684994,1,12182,scored,perfect,-176906
43611684271,8,12183,scored,perfect,-53760
43619711909,2,12184,scored,perfect,-32034
43622686726,14,12185,scored,perfect,170104
43625683905,9,12186,scored,perfect,-473957
43629684282,15,12187,scored,perfect,-65786
43630684465,6,12188,scored,perfect,-256396
43631685396,11,12189,scored,perfect,-65527
43634686100,0,12190,scored,perfect,405846
43634686697,7,12191,scored,perfect,298938
43636683631,3,12192,scored,perfect,465787
43636684204,4,12193,scored,perfect,-205143
43639684460,5,12194,scored,perfect,120911
43642683199,13,12195,scored,perfect,16362
43645684496,12,12196,scored,perfect,136308
43647685432,10,12197,scored,perfect,-106412
43651684544,1,12198,scored,perfect,204349
43661683582,8,12199,scored,perfect,83913
43661684336,2,12200,scored,perfect,-462983
43665684169,14,12201,scored,perfect,-202770
43666702379,9,12202,scored,perfect,498937
43678683640,4,12203,scored,perfect,-290218
43682705089,7,12204,scored,perfect,30959
43686684245,5,12205,scored,perfect,5006
43686685581,15,12206,scored,perfect,-248125
43691683593,3,12207,scored,perfect,13321
43691684423,13,12208,scored,perfect,-125166
43692684555,0,12209,scored,perfect,-3073
43693687030,12,12210,scored,perfect,266194
43696683635,6,12211,scored,perfect,320114
43696684176,11,12212,scored,perfect,306519
43699683507,1,12213,scored,perfect,370841
43700683419,10,12214,scored,perfect,505254
43702684529,8,12215,scored,perfect,-111181
43703683600,2,12216,scored,perfect,434571
43707683712,9,12217,scored,perfect,-269347
43715684291,14,12218,scored,perfect,-252934
43719684527,4,12219,scored,perfect,378398
43724683263,7,12220,scored,perfect,553859
43736703443,3,12221,scored,perfect,550333
43736706182,6,12223,scored,perfect,252163
43736708723,15,12222,scored,perfect,430572
43738683580,13,12224,scored,perfect,-437568
43742683865,0,12225,scored,perfect,452013
43742685233,10,12226,scored,perfect,-23672
43742685761,11,12227,scored,perfect,-109472
43743684668,5,12228,scored,perfect,156226
43744683503,2,12229,scored,perfect,241917
43746683664,1,12230,scored,perfect,123003
43747684649,8,12231,scored,perfect,380946
43752683468,12,12232,scored,perfect,166732
43756684652,9,12233,scored,perfect,-50520
43758703065,14,12234,scored,perfect,518771
43760684621,4,12235,scored,perfect,501181
43764688542,7,12236,scored,perfect,-163286
43775683470,3,12237,scored,perfect,-570164
43779704343,6,12238,scored,perfect,283269
43782684696,15,12239,scored,perfect,-311285
43784685568,13,12240,scored,perfect,421008
43785685242,2,12241,scored,perfect,184958
43788683518,0,12242,scored,perfect,551110
43788684064,1,12243,scored,perfect,-443072
43789684533,11,12244,scored,perfect,-77718
43792683992,10,12245,scored,perfect,461736
43794705025,12,12246,scored,perfect,5005
43796703861,8,12247,scored,perfect,359083
43799683692,5,12248,scored,perfect,444231
43800684449,4,12249,scored,perfect,241680
43812705924,7,12250,scored,perfect,420140
43817684009,14,12251,scored,perfect,467083
43817684832,9,12252,scored,perfect,38517
43818691148,3,12253,scored,perfect,-40098
43822686674,6,12254,scored,perfect,-127814
43824684026,15,12255,scored,perfect,-398823
43829684033,0,12256,scored,perfect,-40989
43835688990,13,12257,scored,perfect,225568
43836724964,8,12258,scored,perfect,-9385
43838686579,12,12259,scored,perfect,208268
43839684634,11,12260,scored,perfect,-422707
43842683614,5,12261,scored,perfect,-123227
43844686864,1,12262,scored,perfect,126718
43847685048,4,12263,scored,perfect,326146
43860689103,10,12264,scored,perfect,-179674
43863684383,9,12265,scored,perfect,-354822
43864684531,3,12266,scored,perfect,253791
43866683841,2,12267,scored,perfect,452814
43869684190,0,12268,scored,perfect,-188782
43870683703,6,12269,scored,perfect,-123239
43873684662,15,12270,scored,perfect,-143252
43877684700,7,12271,scored,perfect,254252
43878683145,14,12272,scored,perfect,-222068
43882684111,8,12273,scored,perfect,41760
43882685118,12,12274,scored,perfect,-55541
43882685583,13,12275,scored,perfect,-357197
43884686535,11,12276,scored,perfect,393054
43884687216,1,12277,scored,perfect,-205739
43886684708,5,12278,scored,perfect,-367271
43887683212,4,12279,scored,perfect,146768
43902684966,10,12280,scored,perfect,394987
43903683667,9,12281,scored,perfect,-364048
43907723551,3,12282,scored,perfect,162016
43908704189,2,12283,scored,perfect,-126321
43911684720,6,12284,scored,perfect,-477151
43913684066,0,12285,scored,perfect,-281260
43916684339,15,12286,scored,perfect,-283986
43917684284,7,12287,scored,perfect,-524495
43920684254,14,12288,scored,perfect,418885
43924712174,11,12289,scored,perfect,156586
43926684848,8,12290,scored,perfect,32947
43930687165,1,12291,scored,perfect,181861
43930688399,13,12292,scored,perfect,-425939
43933684207,4,12294,scored,perfect,-506432
43933684978,12,12293,scored,perfect,-310224
43934686559,5,12295,scored,perfect,-209352
43945684128,10,12296,scored,perfect,-208514
43946684025,9,12297,scored,perfect,298981
43948684972,3,12298,scored,perfect,218271
43951684632,2,12299,scored,perfect,289659
43952684085,6,12300,scored,perfect,-436140
43956686718,0,12301,scored,perfect,224333
43957684008,15,12302,scored,perfect,183353
43958683552,7,12303,scored,perfect,182797
43962683907,14,12304,scored,perfect,59944
43965684729,11,12305,scored,perfect,-198659
43967683508,8,12306,scored,perfect,196131
43972686947,1,12307,scored,perfect,-207395
43974704736,12,12308,scored,perfect,377121
43975707613,5,12309,scored,perfect,121955
43980686999,4,12311,scored,perfect,-287707
43980687720,13,12310,scored,perfect,-286499
43986684051,10,12312,scored,perfect,-520525
43987683138,9,12313,scored,perfect,-323571
43990684708,3,12314,scored,perfect,225912
43992683803,2,12315,scored,perfect,383827
43994684263,6,12316,scored,perfect,-336655
44001684191,7,12317,scored,perfect,197602
44001684896,0,12318,scored,perfect,-72462
44006686396,15,12319,scored,perfect,255998
44008683376,14,12320,scored,perfect,295393
44016683707,1,12321,scored,perfect,-478958
44017683533,11,12322,scored,perfect,80627
44020683871,12,12323,scored,perfect,-70102
44021683753,8,12324,scored,perfect,522184
44022685066,4,12325,scored,perfect,484725
44022685857,5,12326,scored,perfect,204149
44024683445,13,12327,scored,perfect,-381654
44027683898,10,12328,scored,perfect,204713
44028684116,9,12329,scored,perfect,-134503
44031683769,3,12330,scored,perfect,198890
44036684249,2,12331,scored,perfect,-552644
44039684199,6,12332,scored,perfect,-573538
44043684575,7,12333,scored,perfect,-108353
44044684295,0,12334,scored,perfect,113224
44049684144,15,12335,scored,perfect,-407082
44057724062,14,12336,scored,perfect,581532
44059684176,11,12337,scored,perfect,-50149
44063684717,1,12338,scored,perfect,39208
44066704550,12,12339,scored,perfect,485547
44068684552,13,12340,scored,perfect,265007
44069705596,10,12341,scored,perfect,366342
44070703842,5,12342,scored,perfect,203863
44075683860,9,12343,scored,perfect,-245068
44078683622,4,12344,scored,perfect,-304156
44081684087,8,12345,scored,perfect,378724
44081684619,2,12346,scored,perfect,76653
44083683307,7,12347,scored,perfect,-298778
44085685069,6,12348,scored,perfect,395908
44086704780,0,12349,scored,perfect,438588
44094704682,15,12350,scored,perfect,225907
44099683502,3,12351,scored,perfect,303117
44102683814,14,12352,scored,perfect,241483
44102684391,11,12353,scored,perfect,-25825
44103683361,1,12354,scored,perfect,-609014
44110685092,13,12355,scored,perfect,328422
44121683899,10,12356,scored,perfect,499694
44125684401,4,12357,scored,perfect,-520663
44133705291,12,12358,scored,perfect,408714
44134684985,15,12359,scored,perfect,50210
44141683470,6,12360,scored,perfect,354145
44142683310,9,12361,scored,perfect,-227752
44145683796,5,12362,scored,perfect,-51668
44146683519,0,12363,scored,perfect,532124
44153683940,1,12364,scored,perfect,161359
44163684860,13,12365,scored,perfect,587451
44163685524,8,12366,scored,perfect,-78902
44164684317,3,12367,scored,perfect,-186023
44166720416,7,12368,scored,perfect,93469
44169683758,4,12369,scored,perfect,-476253
44175683347,10,12370,scored,perfect,-369027
44177683709,12,12371,scored,perfect,-344754
44180685126,11,12372,scored,perfect,-357581
44187683592,9,12373,scored,perfect,-131366
44189684702,2,12374,scored,perfect,-261897
44198684365,6,12375,scored,perfect,-43721
44203683596,0,12376,scored,perfect,478320
44203684202,5,12377,scored,perfect,-45243
44209684796,13,12378,scored,perfect,-182309
44211704774,4,12379,scored,perfect,184509
44212703343,14,12380,scored,perfect,152139
44214683981,7,12381,scored,perfect,202899
44217683810,10,12382,scored,perfect,-52532
44219684011,3,12383,scored,perfect,397511
44220683383,12,12384,scored,perfect,-158226
44231684728,8,12385,scored,perfect,-33555
44232683190,1,12386,scored,perfect,5102
44233683407,2,12387,scored,perfect,118638
44234685805,15,12388,scored,perfect,-189744
44236705991,11,12389,scored,perfect,-67927
44238683647,6,12390,scored,perfect,-361027
44239684207,9,12391,scored,perfect,-289910
44245684586,0,12392,scored,perfect,32618
44249704778,5,12393,scored,perfect,179559
44252684743,13,12394,scored,perfect,-350042
44253684008,4,12395,scored,perfect,-285677
44255686535,14,12396,scored,perfect,305653
44258683359,7,12397,scored,perfect,-242490
44258683760,10,12398,scored,perfect,-506430
44260685066,3,12399,scored,perfect,230423
44261684459,12,12400,scored,perfect,-411995
44277683863,15,12401,scored,perfect,417915
44277684492,1,12402,scored,perfect,-480203
44278683742,8,12403,scored,perfect,426609
44284684844,6,12404,scored,perfect,345269
44285684022,9,12405,scored,perfect,-388246
44287683664,0,12406,scored,perfect,268792
44292683364,11,12407,scored,perfect,383458
44296684315,13,12408,scored,perfect,519485
44300683630,5,12409,scored,perfect,47501
44309685057,14,12410,scored,perfect,97777
44309686213,10,12411,scored,perfect,-328979
44310684337,2,12412,scored,perfect,483434
44310685300,4,12413,scored,perfect,-343113
44311683586,12,12414,scored,perfect,-438564
44316683847,7,12415,scored,perfect,323316
44317683354,3,12417,scored,perfect,-262196
44317683783,15,12416,scored,perfect,-6065
44320683629,1,12418,scored,perfect,115384
44328683724,9,12419,scored,perfect,-532195
44329683351,8,12420,scored,perfect,-106496
44331684846,6,12421,scored,perfect,449850
44332683743,0,12422,scored,perfect,-179263
44333703132,11,12423,scored,perfect,339684
44336684351,13,12424,scored,perfect,-463839
44341684973,5,12425,scored,perfect,517792
44350684439,10,12426,scored,perfect,-486532
44351684187,4,12427,scored,perfect,-53819
44352684331,14,12428,scored,perfect,135933
44357684548,7,12429,scored,perfect,286223
44358683396,3,12430,scored,perfect,405845
44358684000,2,12431,scored,perfect,-415913
44359686461,15,12432,scored,perfect,22144
44363683864,12,12433,scored,perfect,290233
44363684421,1,12434,scored,perfect,-467380
44372686920,9,12435,scored,perfect,-66139
44372687776,8,12436,scored,perfect,-304241
44373685288,0,12437,scored,perfect,93387
44375684135,6,12438,scored,perfect,-324186
44379684200,11,12439,scored,perfect,243188
44379685004,13,12440,scored,perfect,-341442
44382683993,5,12441,scored,perfect,567409
44393685834,14,12442,scored,perfect,416655
44393686680,10,12443,scored,perfect,123052
44395684105,4,12444,scored,perfect,-100603
44397686980,7,12445,scored,perfect,-523493
44398684424,3,12446,scored,perfect,126643
44399683220,2,12447,scored,perfect,-359907
44403684007,15,12448,scored,perfect,-48792
44403684600,1,12449,scored,perfect,-558938
44405684982,12,12450,scored,perfect,-114479
44414685147,8,12451,scored,perfect,469829
44418685943,6,12452,scored,perfect,-315859
44421684119,9,12453,scored,perfect,373148
44425683681,13,12454,scored,perfect,-123187
44426684807,0,12455,scored,perfect,40481
44430686646,5,12457,scored,perfect,-401733
44430687249,11,12456,scored,perfect,-385329
44434684663,10,12458,scored,perfect,-190387
44436685035,4,12459,scored,perfect,-225456
44436685649,14,12460,scored,perfect,-317362
44442683534,3,12461,scored,perfect,42338
44446683835,12,12462,scored,perfect,-211743
44447685789,15,12463,scored,perfect,-367171
44449683927,1,12464,scored,perfect,-241748
44456686290,2,12465,scored,perfect,273638
44456686983,7,12466,scored,perfect,-223390
44463684270,6,12467,scored,perfect,479906
44465684110,8,12468,scored,perfect,-247009
44466683332,0,12469,scored,perfect,-439720
44469712403,9,12470,scored,perfect,384046
44471684031,11,12471,scored,perfect,608407
44479683839,5,12472,scored,perfect,231417
44482683899,4,12473,scored,perfect,551241
44482684458,14,12474,scored,perfect,-281918
44484684712,3,12475,scored,perfect,149149
44486684417,10,12476,scored,perfect,-122873
44487703195,13,12477,scored,perfect,231392
44492684084,1,12478,scored,perfect,-273604
44493685206,12,12480,scored,perfect,-277191
44493685801,15,12479,scored,perfect,-121507
44499683522,7,12481,scored,perfect,167092
44500712084,2,12482,scored,perfect,-167996
44503684066,6,12483,scored,perfect,-279244
44509684746,9,12484,scored,perfect,318459
44520683892,5,12485,scored,perfect,18192
44521683539,0,12486,scored,perfect,266170
44521683980,11,12487,scored,perfect,-49472
44521684369,8,12488,scored,perfect,-237192
44522686692,4,12489,scored,perfect,48676
44528684482,3,12490,scored,perfect,331486
44532684787,14,12491,scored,perfect,237827
44533683292,10,12492,scored,perfect,-216954
44535684001,15,12493,scored,perfect,-315007
44537683835,13,12494,scored,perfect,155686
44537684280,1,12495,scored,perfect,-149743
44538684161,12,12496,scored,perfect,-136844
44541683683,2,12497,scored,perfect,-415770
44544684979,7,12498,scored,perfect,-181990
44546683817,6,12499,scored,perfect,-155105
44549684345,9,12500,scored,perfect,139276
44561715660,0,12501,scored,perfect,103975
44562683368,11,12502,scored,perfect,-99539
44564684882,5,12503,scored,perfect,94776
44566684384,8,12504,scored,perfect,271386
44569684350,3,12505,scored,perfect,-248264
44570683289,4,12506,scored,perfect,-211178
44573684201,14,12507,scored,perfect,-103133
44575684658,10,12508,scored,perfect,302299
44576686959,15,12509,scored,perfect,-135397
44578684025,1,12510,scored,perfect,-160752
44583704828,2,12511,scored,perfect,122449
44585690296,7,12512,scored,perfect,-79528
44590684008,12,12513,scored,perfect,55211
44591683284,9,12514,scored,perfect,-374167
44597689711,13,12515,scored,perfect,135578
44606684494,5,12516,scored,perfect,-304014
44607702531,8,12517,scored,perfect,623311
44617684014,15,12518,scored,perfect,-78543
44618684833,14,12519,scored,perfect,-245495
44623684632,3,12520,scored,perfect,379284
44628683892,0,12521,scored,perfect,-255801
44632683904,2,12522,scored,perfect,-402909
44635687782,12,12523,scored,perfect,-176362
44636683866,4,12524,scored,perfect,413402
44636684533,6,12525,scored,perfect,-544606
44637702346,11,12526,scored,perfect,131245
44638683351,1,12527,scored,perfect,125897
44641684598,10,12528,scored,perfect,468817
44646684094,9,12529,scored,perfect,609280
44653683745,13,12530,scored,perfect,-20584
44656684450,5,12531,scored,perfect,280883
44657684401,7,12532,scored,perfect,495556
44658683306,15,12533,scored,perfect,-131745
44666683783,3,12534,scored,perfect,150362
44668685351,14,12535,scored,perfect,48579
44670683556,8,12536,scored,perfect,266677
44676685128,2,12537,scored,perfect,384161
44678683514,12,12538,scored,perfect,-141246
44686702008,9,12539,scored,perfect,304787
44688683960,10,12540,scored,perfect,450661
44695684134,1,12541,scored,perfect,141721
44702684253,7,12542,scored,perfect,380871
44702684992,15,12543,scored,perfect,-484568
44703683909,11,12544,scored,perfect,189477
44703684465,6,12545,scored,perfect,-137427
44705686987,13,12546,scored,perfect,-45505
44706684654,5,12547,scored,perfect,209283
44708683724,14,12548,scored,perfect,-350895
44710689007,0,12549,scored,perfect,-132736
44711684101,4,12550,scored,perfect,-388968
44712683609,3,12551,scored,perfect,308374
44713684138,8,12552,scored,perfect,-423546
44716703831,2,12553,scored,perfect,358283
44720684515,12,12554,scored,perfect,2385
44728683747,10,12555,scored,perfect,-584456
44731686796,9,12556,scored,perfect,-37951
44736684073,1,12557,scored,perfect,24737
44749683412,7,12558,scored,perfect,428901
44751684736,13,12559,scored,perfect,215530
44752684244,4,12560,scored,perfect,-418784
44756686566,8,12561,scored,perfect,323236
44757683931,0,12562,scored,perfect,132095
44757684451,15,12563,scored,perfect,-410900
44758684330,3,12564,scored,perfect,32503
44760688043,14,12565,scored,perfect,402933
44760688952,2,12567,scored,perfect,-331581
44760689990,11,12566,scored,perfect,-306640
44761684129,12,12568,scored,perfect,13139
44763685405,6,12569,scored,perfect,331966
44766683684,5,12570,scored,perfect,457580
44769684140,10,12571,scored,perfect,-178646
44773684259,9,12572,scored,perfect,38963
44778705294,1,12573,scored,perfect,371308
44794684933,7,12574,scored,perfect,228282
44798684323,3,12575,scored,perfect,-156010
44799702420,13,12576,scored,perfect,268072
44800683329,4,12577,scored,perfect,63804
44800683891,15,12578,scored,perfect,11668
44802684353,2,12579,scored,perfect,256990
44809684701,14,12580,scored,perfect,151379
44809685645,6,12581,scored,perfect,-140195
44810685968,12,12582,scored,perfect,-441978
44814684474,11,12583,scored,perfect,427206
44814685127,8,12584,scored,perfect,-501446
44816725861,9,12585,scored,perfect,436688
44817683479,0,12586,scored,perfect,-194666
44818685813,5,12587,scored,perfect,-153431
44819684777,1,12588,scored,perfect,321890
44820697062,10,12589,scored,perfect,382485
44838686263,7,12590,scored,perfect,596269
44844685083,15,12591,scored,perfect,-449496
44849711116,3,12592,scored,perfect,313341
44850683445,6,12593,scored,perfect,-345437
44856686933,4,12594,scored,perfect,212543
44858683302,0,12595,scored,perfect,-205795
44862683710,11,12596,scored,perfect,-69663
44865684270,2,12597,scored,perfect,150426
44865684882,12,12598,scored,perfect,101303
44871683662,14,12599,scored,perfect,-76858
44872685421,5,12600,scored,perfect,-66463
44880687132,1,12601,scored,perfect,-363371
44881686573,10,12602,scored,perfect,396460
44883705983,13,12603,scored,perfect,-52873
44889684536,8,12604,scored,perfect,172940
44892684127,9,12605,scored,perfect,-36262
44893684888,3,12606,scored,perfect,341729
44894684152,6,12607,scored,perfect,410591
44901686457,7,12608,scored,perfect,183375
44902684495,15,12609,scored,perfect,-435815
44904683477,0,12610,scored,perfect,-55943
44906686000,12,12611,scored,perfect,166772
44906686476,4,12612,scored,perfect,-267921
44907703322,2,12613,scored,perfect,194856
44911684306,14,12614,scored,perfect,-198424
44914684492,5,12615,scored,perfect,25453
44915684138,11,12616,scored,perfect,-322649
44921705423,1,12617,scored,perfect,435863
44923684083,10,12618,scored,perfect,-194047
44925715944,13,12619,scored,perfect,389200
44933683486,8,12620,scored,perfect,-374294
44937684927,9,12621,scored,perfect,347067
44940684706,6,12622,scored,perfect,-371147
44941701991,3,12623,scored,perfect,-58065
44942683479,7,12624,scored,perfect,-318240
44943684814,15,12625,scored,perfect,-289335
44945683484,0,12626,scored,perfect,-63576
44947685240,4,12627,scored,perfect,266809
44948683400,12,12628,scored,perfect,73194
44952683731,2,12629,scored,perfect,212643
44961683561,14,12630,scored,perfect,-280989
44962684345,1,12631,scored,perfect,-21969
44963683981,5,12632,scored,perfect,-388627
44965684494,11,12633,scored,perfect,-194473
44966704418,10,12634,scored,perfect,608372
44967683359,13,12635,scored,perfect,59669
44976684805,8,12636,scored,perfect,92334
44979683248,9,12637,scored,perfect,-342980
44983707595,3,12638,scored,perfect,39107
44984684114,6,12639,scored,perfect,317675
44993685199,12,12640,scored,perfect,-257782
44994683960,15,12641,scored,perfect,462820
45000683662,0,12642,scored,perfect,60422
45000684484,7,12643,scored,perfect,-329245
45007684787,4,12644,scored,perfect,-170887
45008683202,11,12645,scored,perfect,-563125
45011683820,1,12646,scored,perfect,-306154
45013683293,10,12647,scored,perfect,-287534
45014684034,14,12648,scored,perfect,-327951
45016683413,8,12649,scored,perfect,-425900
45020684287,13,12650,scored,perfect,47590
45021683731,5,12651,scored,perfect,-257776
45023683773,3,12652,scored,perfect,-31159
45024683784,9,12653,scored,perfect,299033
45027684239,2,12654,scored,perfect,343233
45032683668,6,12655,scored,perfect,-160113
45033683335,12,12656,scored,perfect,-334112
45036683907,15,12657,scored,perfect,-224150
45041683828,7,12658,scored,perfect,-280368
45043685435,0,12659,scored,perfect,-29303
45054683547,10,12660,scored,perfect,206265
45055688804,11,12661,scored,perfect,225908
45055689551,1,12662,scored,perfect,-486436
45056683988,14,12663,scored,perfect,185132
45057729921,4,12664,scored,perfect,634691
45057730552,8,12665,scored,perfect,210310
45067684437,3,12666,scored,perfect,112855
45067685528,9,12667,scored,perfect,-534384
45069713316,2,12668,scored,perfect,168549
45070683700,13,12669,scored,perfect,-338847
45071683811,5,12670,scored,perfect,602609
45073683483,6,12671,scored,perfect,-305457
45074683412,12,12672,scored,perfect,-106889
45083683619,15,12673,scored,perfect,-88509
45084685058,7,12674,scored,perfect,173554
45084685518,0,12675,scored,perfect,-78947
45095683782,10,12676,scored,perfect,401
45099703090,1,12677,scored,perfect,373978
45100701724,8,12678,scored,perfect,236178
45102684238,11,12679,scored,perfect,-485963
45103683876,14,12680,scored,perfect,-480864
45108684059,3,12681,scored,perfect,-274452
45112683922,5,12682,scored,perfect,-28294
45113683676,4,12683,scored,perfect,472088
45114683950,6,12684,scored,perfect,33511
45116683323,9,12685,scored,perfect,-121133
45117683494,2,12686,scored,perfect,257029
45118684847,12,12687,scored,perfect,7550
45119683534,13,12688,scored,perfect,-171428
45127684558,15,12689,scored,perfect,-38016
45128689816,0,12690,scored,perfect,197674
45128690370,7,12691,scored,perfect,-166727
45137683646,10,12692,scored,perfect,-305187
45142684014,8,12693,scored,perfect,-167698
45145683752,11,12694,scored,perfect,110603
45146721989,14,12695,scored,perfect,464879
45146722559,1,12696,scored,perfect,160143
45150683847,3,12697,scored,perfect,-237403
45153684168,4,12698,scored,perfect,31951
45157710214,9,12699,scored,perfect,275280
45160689074,6,12700,scored,perfect,340589
45161684176,12,12701,scored,perfect,314740
45161685130,2,12702,scored,perfect,-267324
45164686029,5,12704,scored,perfect,-610023
45164686804,13,12703,scored,perfect,-299434
45169684371,0,12705,scored,perfect,360297
45169685097,7,12706,scored,perfect,-560530
45171683569,15,12707,scored,perfect,71953
45182684667,10,12708,scored,perfect,403136
45183684315,8,12709,scored,perfect,-469141
45186708210,1,12710,scored,perfect,3191
45188686338,14,12711,scored,perfect,615313
45190684110,11,12712,scored,perfect,151889
45194684349,3,12713,scored,perfect,77961
45194685037,4,12714,scored,perfect,-377384
45198684369,9,12715,scored,perfect,-309399
45201684680,6,12716,scored,perfect,319994
45204683946,2,12717,scored,perfect,-139350
45205683682,5,12718,scored,perfect,274267
45210688724,7,12719,scored,perfect,-85341
45210689706,0,12721,scored,perfect,-274795
45210690308,12,12720,scored,perfect,-156562
45220684486,15,12722,scored,perfect,-151748
45221683786,13,12723,scored,perfect,288127
45225684054,8,12724,scored,perfect,-348924
45228683661,1,12725,scored,perfect,150571
45228684362,14,12726,scored,perfect,-4152
45230687071,10,12727,scored,perfect,140952
45233683972,11,12728,scored,perfect,222422
45234687149,3,12729,scored,perfect,-90538
45235687321,4,12730,scored,perfect,126548
45239684836,9,12731,scored,perfect,172285
45252685189,0,12732,scored,perfect,-236992
45258684309,6,12733,scored,perfect,-229796
45259684483,2,12734,scored,perfect,-153765
45260688177,5,12735,scored,perfect,-457042
45265685138,12,12736,scored,perfect,-298235
45268686431,15,12737,scored,perfect,18875
45271683615,13,12738,scored,perfect,542058
45272684682,1,12739,scored,perfect,439976
45272685819,8,12740,scored,perfect,148702
45273684073,11,12741,scored,perfect,-316084
45274683727,7,12742,scored,perfect,186256
45274684313,3,12743,scored,perfect,-380201
45277684590,14,12744,scored,perfect,-50234
45280688545,10,12745,scored,perfect,89671
45281684228,9,12746,scored,perfect,-89469
45285687634,4,12747,scored,perfect,472839
45299707661,0,12748,scored,perfect,58391
45301684543,6,12749,scored,perfect,-148571
45303684254,2,12750,scored,perfect,-386910
45303684887,5,12751,scored,perfect,-610688
45306686990,12,12752,scored,perfect,449143
45309684554,15,12753,scored,perfect,159682
45312683909,8,12754,scored,perfect,39595
45313683423,1,12755,scored,perfect,102856
45316684699,3,12756,scored,perfect,418158
45316686080,13,12757,scored,perfect,29003
45318684368,14,12758,scored,perfect,-395260
45322686087,11,12759,scored,perfect,-109171
45330684529,7,12760,scored,perfect,-463005
45331684842,9,12761,scored,perfect,336182
45333683872,4,12762,scored,perfect,-282607
45338685493,10,12763,scored,perfect,293506
45343685438,6,12764,scored,perfect,-195709
45344684732,0,12765,scored,perfect,43997
45344685427,5,12766,scored,perfect,-521712
45350684111,15,12767,scored,perfect,-214120
45353684012,8,12769,scored,perfect,-169033
45353684969,12,12768,scored,perfect,-52761
45356686951,1,12770,scored,perfect,-32973
45356687614,13,12771,scored,perfect,-279027
45356688223,2,12772,scored,perfect,-464292
45358684205,3,12773,scored,perfect,54320
45359687183,14,12774,scored,perfect,-127158
45367686704,11,12775,scored,perfect,409102
45371684004,7,12776,scored,perfect,-451416
45372688871,9,12777,scored,perfect,-314248
45375683683,4,12778,scored,perfect,-573056
45383684097,6,12779,scored,perfect,-563493
45384685200,0,12780,scored,perfect,-228676
45386684870,10,12781,scored,perfect,73320
45388686288,5,12782,scored,perfect,-275675
45392683796,15,12783,scored,perfect,176651
45399718254,12,12784,scored,perfect,432995
45399718898,1,12785,scored,perfect,180584
45400684045,14,12786,scored,perfect,-300116
45403683542,3,12787,scored,perfect,-416677
45415684554,11,12788,scored,perfect,-270594
45425684170,2,12789,scored,perfect,145222
45425684914,4,12790,scored,perfect,-282164
45426684605,8,12791,scored,perfect,202803
45427684108,7,12792,scored,perfect,149886
45428683613,13,12793,scored,perfect,-386698
45430685022,10,12794,scored,perfect,162324
45439684415,15,12795,scored,perfect,-236783
45440684304,12,12796,scored,perfect,-151495
45444685075,5,12797,scored,perfect,541063
45446683297,14,12798,scored,perfect,511878
45458683916,3,12799,scored,perfect,-145636
45461724552,0,12800,scored,perfect,-97011
45461725316,9,12801,scored,perfect,-169675
45463683502,11,12802,scored,perfect,428944
45464684667,1,12803,scored,perfect,-212238
45466703121,6,12804,scored,perfect,493966
45469683958,2,12805,scored,perfect,196178
45471683664,4,12806,scored,perfect,28941
45479683585,8,12807,scored,perfect,-388808
45480684968,10,12808,scored,perfect,484237
45480685657,13,12809,scored,perfect,17964
45480686237,12,12810,scored,perfect,-408208
45485684713,5,12811,scored,perfect,481025
45487702062,14,12812,scored,perfect,197722
45489684666,15,12813,scored,perfect,135405
45491683477,7,12814,scored,perfect,-311376
45499686270,3,12815,scored,perfect,113921
45503683761,9,12816,scored,perfect,-468660
45510688565,1,12817,scored,perfect,177796
45513685995,6,12818,scored,perfect,88661
45513686472,0,12819,scored,perfect,-335196
45515684412,11,12820,scored,perfect,-366615
45519684261,4,12821,scored,perfect,23952
45519684905,2,12822,scored,perfect,-348500
45521683848,10,12823,scored,perfect,-195834
45523684311,8,12824,scored,perfect,-145795
45535685587,12,12825,scored,perfect,456812
45535686505,15,12826,scored,perfect,-463012
45538684069,13,12827,scored,perfect,330163
45541683956,3,12828,scored,perfect,268102
45541684523,7,12829,scored,perfect,-145729
45542683612,5,12830,scored,perfect,-573353
45543684648,14,12831,scored,perfect,79504
45546683504,9,12832,scored,perfect,641803
45550683508,1,12833,scored,perfect,-507358
45557685407,0,12834,scored,perfect,-83437
45558702728,11,12835,scored,perfect,-2794
45559687167,6,12836,scored,perfect,130172
45560686505,4,12837,scored,perfect,-334588
45566683983,8,12838,scored,perfect,-194220
45568685195,10,12839,scored,perfect,294648
45575684227,12,12840,scored,perfect,-358192
45579683693,13,12841,scored,perfect,-100754
45582684093,2,12842,scored,perfect,261624
45582684719,7,12843,scored,perfect,-20799
45586684644,5,12844,scored,perfect,-571649
45587683311,3,12846,scored,perfect,31398
45587683734,14,12845,scored,perfect,287116
45587684160,9,12847,scored,perfect,-352197
45589684406,15,12848,scored,perfect,-586165
45597686575,0,12849,scored,perfect,-288729
45598684167,1,12850,scored,perfect,310442
45598684659,11,12851,scored,perfect,-191003
45602684691,6,12852,scored,perfect,533343
45603684034,4,12853,scored,perfect,-260807
45608684361,10,12854,scored,perfect,-485623
45612683804,8,12855,scored,perfect,170296
45617683753,12,12856,scored,perfect,177467
45620684202,13,12857,scored,perfect,-118609
45622685998,7,12858,scored,perfect,-194040
45633692479,15,12859,scored,perfect,135016
45641683685,9,12860,scored,perfect,-415018
45641684434,11,12861,scored,perfect,-545600
45643684457,3,12862,scored,perfect,-94310
45647685264,14,12863,scored,perfect,227667
45649683479,6,12864,scored,perfect,110911
45653683551,4,12865,scored,perfect,-76277
45658683682,5,12866,scored,perfect,-520980
45661702508,1,12867,scored,perfect,281222
45663683155,13,12868,scored,perfect,-209973
45666683697,0,12869,scored,perfect,406409
45670683580,2,12870,scored,perfect,131936
45673684468,15,12871,scored,perfect,11267
45674683639,8,12872,scored,perfect,-452247
45675683201,10,12873,scored,perfect,-367989
45683683876,9,12874,scored,perfect,174647
45685684136,7,12876,scored,perfect,-34199
45685684658,11,12875,scored,perfect,231203
45686683553,12,12877,scored,perfect,338804
45687683243,3,12878,scored,perfect,181073
45693684941,6,12879,scored,perfect,236148
45694683406,14,12880,scored,perfect,-272422
45696683021,4,12881,scored,perfect,-222554
45705686063,13,12882,scored,perfect,-242627
45709685322,1,12883,scored,perfect,-26692
45710689052,5,12884,scored,perfect,-72452
45711684147,2,12885,scored,perfect,384461
45712683349,0,12886,scored,perfect,132204
45715684434,8,12887,scored,perfect,-128620
45719684698,15,12888,scored,perfect,-52378
45722684664,10,12889,scored,perfect,221477
45727684793,9,12890,scored,perfect,-409864
45728684749,3,12891,scored,perfect,153118
45729683132,7,12892,scored,perfect,225483
45729683677,11,12893,scored,perfect,4492
45732683793,12,12894,scored,perfect,109537
45736684144,4,12895,scored,perfect,-341465
45737684011,6,12896,scored,perfect,-265399
45739684767,14,12897,scored,perfect,49970
45747686383,13,12898,scored,perfect,-379594
45750683420,1,12899,scored,perfect,-196776
45755687987,8,12900,scored,perfect,-417349
45760688067,15,12901,scored,perfect,-312461
45761705713,5,12902,scored,perfect,517494
45762683341,2,12903,scored,perfect,-267874
45763683398,0,12904,scored,perfect,-441086
45765684248,10,12905,scored,perfect,37982
45771683764,7,12906,scored,perfect,298315
45774683914,12,12907,scored,perfect,614756
45778705476,4,12908,scored,perfect,369443
45782684257,9,12909,scored,perfect,640843
45786684281,6,12910,scored,perfect,-306323
45787710200,11,12911,scored,perfect,170046
45788683739,3,12912,scored,perfect,105047
45790684136,14,12913,scored,perfect,154325
45793684645,13,12914,scored,perfect,-55302
45794706896,1,12915,scored,perfect,388127
45798684196,8,12916,scored,perfect,-248720
45802684331,5,12917,scored,perfect,172227
45802684898,15,12918,scored,perfect,15140
45802685340,2,12919,scored,perfect,-497177
45805684802,0,12920,scored,perfect,47367
45805685403,10,12921,scored,perfect,-289543
45818685365,12,12922,scored,perfect,652235
45820684450,4,12923,scored,perfect,264571
45821683147,7,12924,scored,perfect,-145080
45824703476,9,12925,scored,perfect,95151
45828684216,6,12926,scored,perfect,252940
45829683253,3,12927,scored,perfect,14298
45833705070,11,12928,scored,perfect,-91308
45837684234,1,12929,scored,perfect,297891
45837684911,13,12930,scored,perfect,-371614
45843685188,5,12931,scored,perfect,324455
45844684367,14,12932,scored,perfect,459442
45848684171,15,12933,scored,perfect,236103
45851684269,2,12934,scored,perfect,-59528
45851684754,10,12935,scored,perfect,-289504
45852684202,0,12936,scored,perfect,-312373
45852684760,8,12937,scored,perfect,-502124
45858683679,12,12938,scored,perfect,-367912
45862684151,4,12939,scored,perfect,-138281
45864684235,7,12940,scored,perfect,475842
45864684666,9,12941,scored,perfect,-85213
45870683727,6,12942,scored,perfect,277145
45871683558,3,12943,scored,perfect,261825
45877684042,1,12944,scored,perfect,-247574
45879683468,11,12945,scored,perfect,-175660
45882684175,13,12946,scored,perfect,-335799
45883702535,5,12947,scored,perfect,101157
45894707555,10,12948,scored,perfect,361365
45894713087,14,12949,scored,perfect,327606
45903703904,0,12950,scored,perfect,426926
45910686993,15,12951,scored,perfect,61831
45916683806,7,12952,scored,perfect,202185
45919685013,8,12953,scored,perfect,317598
45919685684,2,12954,scored,perfect,-294796
45923684575,1,12955,scored,perfect,119190
45925683583,3,12956,scored,perfect,-157371
45932684137,9,12957,scored,perfect,-239454
45934684118,5,12958,scored,perfect,-289821
45937684256,10,12959,scored,perfect,255448
45938685716,13,12960,scored,perfect,130255
45940706668,4,12961,scored,perfect,149254
45940709358,14,12962,scored,perfect,60454
45942684248,6,12963,scored,perfect,-23083
45944684259,11,12964,scored,perfect,133782
45947686758,0,12965,scored,perfect,-215607
45948684384,12,12966,scored,perfect,180552
45952685150,15,12967,scored,perfect,552246
45958704268,7,12968,scored,perfect,127529
45970684275,1,12970,scored,perfect,83892
45970685052,8,12969,scored,perfect,101288
45975704252,9,12971,scored,perfect,311492
45976684159,5,12972,scored,perfect,67379
45978703209,2,12973,scored,perfect,421697
45982684103,14,12974,scored,perfect,120143
45982684632,13,12975,scored,perfect,-71388
45984684243,11,12976,scored,perfect,-69915
45985688366,4,12977,scored,perfect,-45684
45987683713,10,12978,scored,perfect,-112774
45989684795,6,12979,scored,perfect,-44384
45994684291,15,12980,scored,perfect,-414485
45997687277,0,12981,scored,perfect,-21132
46003704520,12,12982,scored,perfect,286843
46004683613,7,12983,scored,perfect,-414105
46005684451,3,12984,scored,perfect,-45637
46011706308,8,12985,scored,perfect,520537
46011706899,1,12986,scored,perfect,121525
46019709534,5,12987,scored,perfect,1663
46020683162,9,12988,scored,perfect,-64059
46032704486,10,12989,scored,perfect,570060
46032725149,2,12990,scored,perfect,154146
46033683646,14,12991,scored,perfect,167271
46033684192,4,12992,scored,perfect,-197027
46043686683,11,12993,scored,perfect,444669
46044684192,15,12994,scored,perfect,106176
46045684158,6,12995,scored,perfect,-295263
46047685280,0,12996,scored,perfect,234552
46050683541,12,12997,scored,perfect,-270140
46051685159,1,12998,scored,perfect,-158432
46052684091,7,12999,scored,perfect,-356101
46058704092,13,13000,scored,perfect,522681
46059684522,8,13001,scored,perfect,206929
46060688231,9,13002,scored,perfect,-463055
46063684528,5,13003,scored,perfect,501379
46069684717,3,13004,scored,perfect,62527
46077687170,14,13005,scored,perfect,31971
46078684218,4,13006,scored,perfect,140415
46088686213,10,13007,scored,perfect,-416873
46090685129,11,13008,scored,perfect,-298991
46091683475,6,13009,scored,perfect,113791
46091684010,15,13010,scored,perfect,51299
46091684501,0,13011,scored,perfect,-305251
46095683810,2,13012,scored,perfect,-202143
46096683415,1,13013,scored,perfect,14225
46096683865,7,13014,scored,perfect,-118619
46097686717,12,13015,scored,perfect,72572
46102684260,8,13016,scored,perfect,450542
46102684745,13,13017,scored,perfect,-12475
46106684385,9,13018,scored,perfect,118045
46106685085,5,13019,scored,perfect,-50356
46112683610,3,13020,scored,perfect,-153694
46121683693,4,13021,scored,perfect,508607
46125683554,14,13022,scored,perfect,401462
46129705197,10,13023,scored,perfect,103023
46132684083,15,13024,scored,perfect,118590
46133711153,0,13025,scored,perfect,246857
46134687505,6,13026,scored,perfect,-237658
46135686238,2,13027,scored,perfect,-306320
46137683718,1,13028,scored,perfect,358746
46137684226,7,13029,scored,perfect,-164054
46139684613,11,13030,scored,perfect,-411273
46141683832,12,13031,scored,perfect,-166189
46143685270,13,13032,scored,perfect,74548
46144684047,8,13033,scored,perfect,318449
46164687755,5,13034,scored,perfect,-681
46165683825,9,13035,scored,perfect,160711
46165684475,14,13036,scored,perfect,-43159
46166683181,3,13037,scored,perfect,302410
46169684161,10,13038,scored,perfect,-169378
46174683569,15,13039,scored,perfect,143386
46174684106,4,13040,scored,perfect,-156581
46175688445,6,13041,scored,perfect,45204
46182683628,0,13042,scored,perfect,-200257
46183683593,7,13043,scored,perfect,-343622
46189684440,13,13044,scored,perfect,473131
46193685376,2,13045,scored,perfect,197283
46194684074,11,13046,scored,perfect,193004
46196684125,8,13047,scored,perfect,48306
46203713915,1,13048,scored,perfect,337913
46204683581,12,13049,scored,perfect,75838
46206686731,9,13050,scored,perfect,-164434
46213684526,5,13051,scored,perfect,-140504
46215684479,4,13052,scored,perfect,299551
46217685229,15,13053,scored,perfect,-302816
46218685163,3,13054,scored,perfect,-430619
46220683729,14,13055,scored,perfect,-71276
46231688597,7,13056,scored,perfect,-96946
46235684871,2,13057,scored,perfect,-78362
46236684617,10,13058,scored,perfect,440850
46236685343,0,13059,scored,perfect,-239527
46237683229,8,13060,scored,perfect,-259502
46247685456,11,13061,scored,perfect,245668
46247687946,13,13062,scored,perfect,29389
46248684911,1,13063,scored,perfect,185649
46252684660,6,13064,scored,perfect,-293531
46254703062,12,13065,scored,perfect,593123
46255685015,5,13066,scored,perfect,375232
46255685554,9,13067,scored,perfect,-17457
46259687776,15,13068,scored,perfect,100548
46260686133,14,13069,scored,perfect,-313565
46262683865,3,13070,scored,perfect,171688
46266683783,4,13071,scored,perfect,509845
46272685007,7,13072,scored,perfect,421426
46276687281,0,13073,scored,perfect,-366937
46278705637,2,13075,scored,perfect,251422
46278708963,10,13074,scored,perfect,461867
46288684181,8,13076,scored,perfect,-221187
46288685512,11,13077,scored,perfect,-418774
46290684511,13,13078,scored,perfect,-206397
46293684807,1,13079,scored,perfect,150918
46294685053,12,13080,scored,perfect,437049
46295693261,5,13081,scored,perfect,108717
46298684957,6,13082,scored,perfect,226471
46303683877,15,13083,scored,perfect,-283373
46305688069,14,13084,scored,perfect,392554
46306724794,3,13085,scored,perfect,-639994
46309684845,9,13086,scored,perfect,-227568
46310686872,4,13087,scored,perfect,-399013
46316683481,7,13088,scored,perfect,-509907
46319684934,2,13090,scored,perfect,-229046
46319685541,10,13089,scored,perfect,-214089
46320702435,0,13091,scored,perfect,144088
46332685147,8,13092,scored,perfect,638112
46338684517,1,13093,scored,perfect,262206
46339684825,6,13094,scored,perfect,41221
46345683901,12,13095,scored,perfect,-269807
46349684840,5,13096,scored,perfect,-136273
46352684978,11,13097,scored,perfect,338786
46352685748,9,13098,scored,perfect,-71615
46353683688,15,13099,scored,perfect,243252
46356762594,14,13100,scored,perfect,104870
46356763321,3,13101,scored,perfect,-437536
46357686872,7,13102,scored,perfect,147481
46357687474,4,13103,scored,perfect,-67145
46364685105,10,13104,scored,perfect,-93458
46365685318,13,13105,scored,perfect,-120671
46366685885,0,13106,scored,perfect,-263975
46370684071,2,13107,scored,perfect,-250843
46374684615,8,13108,scored,perfect,601799
46379684085,1,13109,scored,perfect,-253737
46380685633,6,13110,scored,perfect,49490
46387685650,12,13111,scored,perfect,-123289
46391684478,5,13112,scored,perfect,-90702
46397685628,14,13113,scored,perfect,520532
46397687815,11,13114,scored,perfect,61998
46401687229,15,13115,scored,perfect,94877
46402684555,3,13116,scored,perfect,-395504
46405684742,9,13117,scored,perfect,421571
46407684169,10,13118,scored,perfect,-371809
46408702232,4,13119,scored,perfect,470102
46418685692,7,13120,scored,perfect,396532
46419708689,2,13121,scored,perfect,-29792
46420684024,0,13122,scored,perfect,11955
46420684467,1,13123,scored,perfect,-179049
46421683848,8,13124,scored,perfect,-44109
46428683855,6,13125,scored,perfect,-439341
46430686974,13,13126,scored,perfect,-378106
46435686851,5,13127,scored,perfect,-363734
46438684048,12,13128,scored,perfect,516840
46445683613,9,13129,scored,perfect,-309664
46451685755,11,13130,scored,perfect,-340017
46452684479,3,13131,scored,perfect,165182
46455685197,4,13132,scored,perfect,-407688
46468685426,1,13133,scored,perfect,-137444
46470683528,14,13134,scored,perfect,42132
46472684581,15,13135,scored,perfect,488929
46472686682,6,13136,scored,perfect,-113270
46474684065,10,13137,scored,perfect,455397
46477684279,5,13138,scored,perfect,234879
46481686555,0,13139,scored,perfect,-123000
46487684432,8,13140,scored,perfect,394533
46488684149,12,13141,scored,perfect,491405
46493684792,7,13142,scored,perfect,-162057
46502685106,2,13143,scored,perfect,295003
46502685874,9,13144,scored,perfect,-268691
46508705262,11,13145,scored,perfect,294344
46519685270,14,13147,scored,perfect,-8986
46519685967,15,13146,scored,perfect,127505
46521683675,10,13148,scored,perfect,-87077
46522685742,0,13149,scored,perfect,102602
46522686317,6,13150,scored,perfect,-313959
46523684621,4,13151,scored,perfect,-76769
46524683106,13,13152,scored,perfect,450192
46525682944,1,13153,scored,perfect,-162428
46529684159,12,13154,scored,perfect,44505
46530687695,5,13155,scored,perfect,-161455
46533703904,3,13156,scored,perfect,-149918
46535688239,7,13157,scored,perfect,-346353
46543685402,9,13158,scored,perfect,337755
46546684218,8,13159,scored,perfect,-261945
46554722804,2,13160,scored,perfect,507131
46554723523,11,13161,scored,perfect,434480
46560684358,15,13162,scored,perfect,607330
46572686560,6,13163,scored,perfect,-378767
46579684612,12,13164,scored,perfect,-276228
46580685230,1,13165,scored,perfect,342596
46580685783,14,13166,scored,perfect,-428990
46581686121,3,13167,scored,perfect,414185
46581686607,10,13168,scored,perfect,265321
46589684187,8,13169,scored,perfect,363559
46596683738,11,13170,scored,perfect,419395
46599683492,13,13171,scored,perfect,383394
46599684002,9,13172,scored,perfect,-48611
46600684168,0,13173,scored,perfect,209696
46605684252,5,13174,scored,perfect,421537
46606686326,7,13175,scored,perfect,268860
46611684605,15,13176,scored,perfect,14491
46614687500,2,13177,scored,perfect,-501271
46615684406,4,13178,scored,perfect,176383
46619684627,6,13179,scored,perfect,535005
46625683616,3,13180,scored,perfect,98968
46628684352,1,13181,scored,perfect,-370514
46629702039,14,13182,scored,perfect,322469
46630688083,8,13183,scored,perfect,354646
46630688955,12,13184,scored,perfect,-96229
46631686391,10,13185,scored,perfect,-207075
46641683616,0,13186,scored,perfect,-360448
46642686212,11,13187,scored,perfect,222263
46642686877,9,13188,scored,perfect,103892
46643684905,13,13189,scored,perfect,180079
46647686459,7,13190,scored,perfect,-105544
46650693072,5,13191,scored,perfect,-1109
46652684004,15,13192,scored,perfect,229563
46660688224,6,13193,scored,perfect,-463688
46667686231,4,13194,scored,perfect,242273
46667687027,2,13195,scored,perfect,39423
46668685139,3,13196,scored,perfect,258856
46669684211,1,13197,scored,perfect,247618
46671683086,14,13198,scored,perfect,-69793
46672687288,8,13199,scored,perfect,-509683
46673684157,10,13200,scored,perfect,263164
46674696575,12,13201,scored,perfect,344736
46682684232,0,13202,scored,perfect,-65281
46683683785,13,13203,scored,perfect,-118011
46684687396,9,13204,scored,perfect,-322101
46685685592,11,13205,scored,perfect,-354152
46690684180,7,13206,scored,perfect,-230561
46694708244,5,13207,scored,perfect,225284
46695703160,15,13208,scored,perfect,116765
46713684541,1,13209,scored,perfect,514240
46715684079,8,13210,scored,perfect,264865
46715684981,12,13211,scored,perfect,78002
46722686354,2,13212,scored,perfect,-66264
46729684415,0,13213,scored,perfect,102264
46735687211,9,13214,scored,perfect,-444434
46736684449,4,13215,scored,perfect,418695
46736685000,6,13216,scored,perfect,-424950
46739684854,11,13217,scored,perfect,427146
46742686141,10,13218,scored,perfect,-185029
46743684589,5,13219,scored,perfect,645327
46747686512,3,13220,scored,perfect,-145025
46748684432,15,13221,scored,perfect,-258826
46756684581,7,13222,scored,perfect,-294588
46760684414,13,13223,scored,perfect,411816
46761710821,8,13224,scored,perfect,366149
46764684444,2,13225,scored,perfect,-446065
46765684534,12,13226,scored,perfect,-99175
46772686093,0,13227,scored,perfect,-6658
46772686965,14,13228,scored,perfect,-379980
46774684159,1,13229,scored,perfect,-189097
46776684400,9,13230,scored,perfect,56972
46779703423,11,13231,scored,perfect,371667
46780684457,6,13232,scored,perfect,-108657
46782683973,10,13233,scored,perfect,-404972
46785685680,4,13234,scored,perfect,105464
46786706813,5,13235,scored,perfect,365270
46791683683,15,13236,scored,perfect,352481
46795683808,3,13237,scored,perfect,-251889
46797686090,7,13238,scored,perfect,71799
46803684366,8,13239,scored,perfect,408911
46806686025,13,13240,scored,perfect,392417
46808683310,12,13241,scored,perfect,236770
46809685539,2,13242,scored,perfect,34515
46828684558,14,13243,scored,perfect,-112500
46829683494,6,13244,scored,perfect,-98541
46830685082,10,13245,scored,perfect,305198
46834685198,11,13246,scored,perfect,-128630
46835689187,0,13247,scored,perfect,-114238
46843685323,9,13248,scored,perfect,556018
46844684083,8,13249,scored,perfect,206365
46846683695,1,13250,scored,perfect,176444
46847685220,15,13251,scored,perfect,527683
46849704282,13,13252,scored,perfect,285255
46850692478,5,13253,scored,perfect,107717
46852684644,7,13254,scored,perfect,-291839
46853683444,2,13255,scored,perfect,209193
46854684297,3,13256,scored,perfect,129002
46856684489,12,13257,scored,perfect,201700
46859684387,4,13258,scored,perfect,331658
46869684282,14,13259,scored,perfect,97186
46871683149,6,13260,scored,perfect,395878
46871683586,10,13261,scored,perfect,28750
46875683776,11,13262,scored,perfect,-61556
46875684396,0,13263,scored,perfect,-466374
46884687150,8,13264,scored,perfect,138725
46884687938,9,13265,scored,perfect,134112
46888683997,15,13266,scored,perfect,-167311
46893685126,7,13267,scored,perfect,-60864
46893685800,13,13268,scored,perfect,-239210
46895704433,1,13269,scored,perfect,234175
46896683136,12,13270,scored,perfect,-467935
46905687499,5,13271,scored,perfect,-76796
46912703400,3,13272,scored,perfect,308188
46916683925,6,13273,scored,perfect,408987
46923684152,4,13274,scored,perfect,-151748
46927684624,14,13275,scored,perfect,173298
46935688259,10,13276,scored,perfect,206211
46943685703,13,13277,scored,perfect,-204040
46945683653,9,13278,scored,perfect,26447
46946683788,12,13279,scored,perfect,212855
46948683860,1,13280,scored,perfect,-318438
46950683743,15,13281,scored,perfect,206257
46953683861,2,13282,scored,perfect,139397
46956684321,3,13283,scored,perfect,214544
46957683839,8,13284,scored,perfect,322096
46957684380,6,13286,scored,perfect,-374268
46957684809,7,13285,scored,perfect,-273275
46963683978,0,13287,scored,perfect,-19908
46964685037,5,13288,scored,perfect,-377850
46965685751,4,13289,scored,perfect,-276862
46968684364,11,13290,scored,perfect,-413719
46969684063,14,13291,scored,perfect,-330621
46976684624,10,13292,scored,perfect,246687
46988683970,12,13293,scored,perfect,28303
46993688134,1,13294,scored,perfect,598959
46993688981,13,13295,scored,perfect,497221
46993689472,9,13296,scored,perfect,-155355
46996683756,15,13297,scored,perfect,187624
46998684726,2,13298,scored,perfect,-59371
47000683620,8,13299,scored,perfect,371215
47002684666,6,13300,scored,perfect,-35860
47005686664,0,13301,scored,perfect,423142
47007703152,7,13302,scored,perfect,426154
47009684167,4,13303,scored,perfect,188903
47011684358,14,13304,scored,perfect,-488416
47013683993,11,13305,scored,perfect,-392903
47017686443,3,13306,scored,perfect,130824
47028684324,5,13308,scored,perfect,254096
47028685894,10,13307,scored,perfect,412827
47030689039,12,13309,scored,perfect,-424118
47039684444,9,13310,scored,perfect,334141
47042687206,1,13312,scored,perfect,252657
47042688025,15,13311,scored,perfect,388959
47043685239,2,13313,scored,perfect,357134
47044684212,8,13314,scored,perfect,386101
47044684721,6,13315,scored,perfect,17356
47050703589,7,13316,scored,perfect,240181
47053683488,14,13317,scored,perfect,228139
47058683888,13,13318,scored,perfect,155590
47061683822,4,13319,scored,perfect,-160380
47062683390,11,13320,scored,perfect,83811
47063683897,0,13321,scored,perfect,506970
47065705928,3,13322,scored,perfect,277909
47075684264,10,13323,scored,perfect,347163
47077684517,12,13324,scored,perfect,437608
47078683343,5,13325,scored,perfect,-289698
47079684158,9,13326,scored,perfect,-371169
47082683839,1,13327,scored,perfect,147474
47083683727,2,13328,scored,perfect,343427
47084688322,15,13329,scored,perfect,403033
47088684649,8,13330,scored,perfect,-285025
47089684459,6,13331,scored,perfect,354913
47091684078,7,13332,scored,perfect,-402671
47096705945,14,13333,scored,perfect,281790
47099684052,13,13334,scored,perfect,257296
47101685356,4,13335,scored,perfect,-367215
47103684263,11,13336,scored,perfect,-129077
47105694434,0,13337,scored,perfect,-307863
47106684411,3,13338,scored,perfect,207243
47118685224,12,13339,scored,perfect,673647
47118686017,10,13340,scored,perfect,127122
47119684162,5,13341,scored,perfect,214752
47121684331,9,13342,scored,perfect,615230
47123684421,2,13343,scored,perfect,-107794
47142686781,13,13344,scored,perfect,83919
47149683930,3,13345,scored,perfect,317200
47149684822,0,13346,scored,perfect,-453690
47151684824,14,13347,scored,perfect,-348128
47156687001,6,13348,scored,perfect,210576
47157684246,8,13349,scored,perfect,343362
47159686996,4,13350,scored,perfect,89656
47160684621,5,13351,scored,perfect,244304
47160685222,11,13352,scored,perfect,143810
47160686081,15,13353,scored,perfect,-481063
47161707686,10,13354,scored,perfect,398426
47168684625,2,13355,scored,perfect,261135
47169684637,1,13356,scored,perfect,-559452
47171684237,7,13357,scored,perfect,-423071
47177684590,9,13358,scored,perfect,532892
47177685278,12,13359,scored,perfect,316887
47183684092,13,13360,scored,perfect,-351762
47190684411,3,13361,scored,perfect,-255261
47199684137,6,13362,scored,perfect,355320
47200683271,14,13363,scored,perfect,-284634
47203684321,4,13364,scored,perfect,163378
47206684590,11,13365,scored,perfect,401072
47206685382,10,13366,scored,perfect,90999
47206685949,5,13367,scored,perfect,25296
47219684670,9,13368,scored,perfect,-405719
47220683609,8,13369,scored,perfect,-213354
47222685279,7,13370,scored,perfect,417272
47224683252,12,13371,scored,perfect,484100
47225701523,2,13372,scored,perfect,360276
47232684158,0,13373,scored,perfect,105156
47234684984,3,13374,scored,perfect,374071
47234685541,15,13375,scored,perfect,219875
47238684649,1,13376,scored,perfect,102468
47239684661,13,13377,scored,perfect,-488597
47241683347,6,13378,scored,perfect,-433543
47246683431,14,13379,scored,perfect,-297025
47249684116,4,13380,scored,perfect,12763
47249684673,5,13381,scored,perfect,-466245
47251684765,11,13382,scored,perfect,-380291
47253697922,10,13383,scored,perfect,-310960
47261684167,9,13384,scored,perfect,130476
47264684658,12,13385,scored,perfect,-12411
47264685146,8,13386,scored,perfect,-601375
47269684296,7,13387,scored,perfect,-397208
47271683328,2,13388,scored,perfect,-46777
47273684140,0,13389,scored,perfect,166373
47276684604,3,13390,scored,perfect,-53456
47277684200,15,13391,scored,perfect,-303210
47279683340,1,13392,scored,perfect,-205005
47280684791,13,13393,scored,perfect,362126
47282703782,6,13394,scored,perfect,395036
47287705345,14,13395,scored,perfect,419423
47290684307,4,13396,scored,perfect,-252135
47291702820,5,13397,scored,perfect,511506
47298684749,10,13398,scored,perfect,-167077
47300683291,11,13399,scored,perfect,-442567
47304703024,9,13400,scored,perfect,190590
47306684914,12,13401,scored,perfect,107124
47311684625,2,13402,scored,perfect,-561883
47312701456,7,13403,scored,perfect,412969
47312704391,8,13404,scored,perfect,350025
47319685122,0,13405,scored,perfect,256831
47319685816,3,13406,scored,perfect,-116040
47319686223,15,13407,scored,perfect,-151821
47321683625,1,13408,scored,perfect,527709
47322686580,13,13409,scored,perfect,-189776
47338686244,14,13410,scored,perfect,-282304
47339684350,10,13411,scored,perfect,-85987
47339684981,6,13412,scored,perfect,-260651
47344684749,11,13413,scored,perfect,-118944
47349686378,4,13414,scored,perfect,357757
47358683947,9,13415,scored,perfect,9756
47359684967,8,13416,scored,perfect,-228510
47362683840,0,13417,scored,perfect,146259
47363684809,12,13418,scored,perfect,-199655
47375684755,5,13419,scored,perfect,-204541
47377685154,7,13420,scored,perfect,32444
47380684568,1,13421,scored,perfect,419278
47383684201,6,13422,scored,perfect,-546618
47389684061,4,13424,scored,perfect,201174
47389684721,11,13423,scored,perfect,337496
47390705802,10,13425,scored,perfect,53111
47392684122,14,13426,scored,perfect,-81173
47394695690,2,13427,scored,perfect,485560
47395684357,13,13428,scored,perfect,395369
47401685233,15,13429,scored,perfect,-321850
47405684957,3,13430,scored,perfect,465272
47410688872,9,13431,scored,perfect,196639
47414685761,12,13432,scored,perfect,437810
47416683582,5,13433,scored,perfect,-142836
47419684547,0,13434,scored,perfect,480654
47421683536,8,13435,scored,perfect,350389
47422686259,1,13436,scored,perfect,-33239
47422686800,7,13437,scored,perfect,-474139
47426685045,6,13438,scored,perfect,219990
47438683780,13,13439,scored,perfect,420439
47439686549,14,13440,scored,perfect,472112
47453684194,10,13441,scored,perfect,-170687
47461700263,11,13442,scored,perfect,465016
47470683971,2,13443,scored,perfect,27515
47471701995,3,13444,scored,perfect,547253
47471704448,8,13445,scored,perfect,386308
47474684237,12,13446,scored,perfect,123141
47476684360,4,13448,scored,perfect,77605
47476684971,15,13447,scored,perfect,149448
47480684215,9,13449,scored,perfect,53295
47482683815,13,13450,scored,perfect,573405
47485686156,5,13451,scored,perfect,254775
47486719274,0,13452,scored,perfect,408897
47489684174,14,13453,scored,perfect,280069
47491683318,6,13454,scored,perfect,-229527
47493685187,7,13455,scored,perfect,195705
47495684959,10,13456,scored,perfect,-43384
47497685874,1,13457,scored,perfect,-505292
47504719429,11,13458,scored,perfect,180711
47511683919,8,13459,scored,perfect,-322226
47515714960,2,13460,scored,perfect,380385
47518684429,3,13461,scored,perfect,343697
47519684364,4,13462,scored,perfect,452364
47520683980,12,13463,scored,perfect,-320339
47521683208,15,13464,scored,perfect,-257122
47522686763,9,13465,scored,perfect,-491424
47525683360,5,13467,scored,perfect,-581597
47525683888,13,13466,scored,perfect,-554007
47528684276,0,13468,scored,perfect,78809
47529684027,14,13469,scored,perfect,275079
47541683519,6,13470,scored,perfect,132954
47541684332,1,13471,scored,perfect,-328313
47547688031,10,13472,scored,perfect,18004
47550684115,11,13473,scored,perfect,-155994
47551684391,7,13474,scored,perfect,-111314
47556689434,2,13475,scored,perfect,129
47561683445,12,13476,scored,perfect,92283
47562683810,4,13478,scored,perfect,184981
47562684461,15,13477,scored,perfect,362871
47562684827,3,13479,scored,perfect,-41568
47563684312,9,13480,scored,perfect,-148244
47565684283,8,13481,scored,perfect,122101
47570684010,5,13482,scored,perfect,221519
47571683328,13,13483,scored,perfect,-261471
47572684243,14,13484,scored,perfect,514507
47572685962,0,13485,scored,perfect,-563817
47581686528,6,13486,scored,perfect,61633
47588684157,1,13487,scored,perfect,14627
47589684504,10,13488,scored,perfect,231845
47593685459,7,13490,scored,perfect,151232
47593686145,11,13489,scored,perfect,262367
47597685086,2,13491,scored,perfect,363535
47605685007,12,13492,scored,perfect,503893
47606684334,3,13493,scored,perfect,243617
47607719501,9,13494,scored,perfect,425140
47607719965,4,13495,scored,perfect,357904
47608683440,8,13496,scored,perfect,-427987
47610687800,5,13497,scored,perfect,-90345
47615685032,15,13498,scored,perfect,-83750
47618684444,14,13499,scored,perfect,-138310
47624683585,13,13500,scored,perfect,-266579
47627683950,0,13501,scored,perfect,224183
47629684428,6,13502,scored,perfect,-23003
47633683766,10,13503,scored,perfect,151013
47633684369,11,13504,scored,perfect,-407651
47634687467,1,13505,scored,perfect,435527
47637683729,2,13506,scored,perfect,303609
47640684474,7,13507,scored,perfect,-48952
47646684380,3,13508,scored,perfect,-18539
47649684196,4,13509,scored,perfect,264443
47658684400,9,13510,scored,perfect,38672
47658685079,14,13511,scored,perfect,-460684
47662683477,5,13512,scored,perfect,184721
47664684168,12,13513,scored,perfect,-100502
47664685093,8,13514,scored,perfect,-571450
47666684275,13,13515,scored,perfect,-58870
47668683956,0,13516,scored,perfect,354081
47672686329,15,13517,scored,perfect,-148823
47677684379,1,13518,scored,perfect,121110
47677685027,6,13519,scored,perfect,-61502
47681686682,2,13520,scored,perfect,-227953
47686693509,7,13521,scored,perfect,89818
47688686570,11,13522,scored,perfect,-41889
47691683744,3,13523,scored,perfect,15012
47691684434,4,13524,scored,perfect,-49701
47692683824,10,13525,scored,perfect,-55787
47702684342,14,13526,scored,perfect,-371458
47703684086,9,13527,scored,perfect,-372153
47706686057,8,13528,scored,perfect,336580
47708683385,0,13529,scored,perfect,-448493
47710684779,13,13530,scored,perfect,34319
47711684056,5,13531,scored,perfect,-331497
47713683988,15,13532,scored,perfect,-416288
47714686624,12,13533,scored,perfect,124767
47717686584,1,13534,scored,perfect,74566
47726685028,2,13535,scored,perfect,284660
47729684311,7,13536,scored,perfect,-153600
47731687108,4,13537,scored,perfect,-115670
47735686550,6,13538,scored,perfect,59820
47740684146,10,13539,scored,perfect,-271841
47745683665,14,13540,scored,perfect,-60701
47755684937,15,13541,scored,perfect,-138629
47756687183,0,13542,scored,perfect,430073
47758684127,3,13543,scored,perfect,-149840
47763684005,1,13544,scored,perfect,219570
47764684784,8,13545,scored,perfect,-391201
47766683990,9,13546,scored,perfect,96222
47766684518,12,13547,scored,perfect,88210
47766684912,13,13548,scored,perfect,-452150
47767686695,5,13549,scored,perfect,-76757
47772685738,7,13550,scored,perfect,-428426
47775706213,4,13551,scored,perfect,418161
47778684768,2,13552,scored,perfect,-253969
47779683326,6,13553,scored,perfect,43185
47780685245,11,13554,scored,perfect,257999
47781686794,10,13555,scored,perfect,241148
47799683463,15,13556,scored,perfect,12503
47804705921,3,13557,scored,perfect,147685
47807683864,8,13558,scored,perfect,-120741
47809687923,5,13559,scored,perfect,225572
47810684739,13,13560,scored,perfect,608983
47816684008,1,13561,scored,perfect,40177
47816684652,12,13562,scored,perfect,-10394
47821683661,4,13563,scored,perfect,627363
47821684198,6,13564,scored,perfect,-16444
47821684708,14,13565,scored,perfect,-73052
47823684447,9,13566,scored,perfect,214093
47829683620,2,13567,scored,perfect,-124995
47833713729,0,13568,scored,perfect,326060
47833714389,10,13569,scored,perfect,-141009
47836684523,11,13570,scored,perfect,334122
47839684416,7,13571,scored,perfect,382409
47844706536,15,13572,scored,perfect,426988
47845684044,3,13573,scored,perfect,-269218
47857683820,12,13574,scored,perfect,-262028
47864684686,1,13575,scored,perfect,-283559
47866704288,5,13576,scored,perfect,429330
47867685767,13,13577,scored,perfect,-252319
47870703572,8,13578,scored,perfect,179922
47874705737,0,13579,scored,perfect,65799
47875683186,10,13580,scored,perfect,-555635
47878683774,14,13581,scored,perfect,-608637
47879683298,2,13582,scored,perfect,281713
47882712702,7,13583,scored,perfect,119968
47883703017,6,13584,scored,perfect,135897
47885685884,3,13585,scored,perfect,-328486
47888683790,4,13586,scored,perfect,495322
47888684246,11,13587,scored,perfect,32332
47889684255,9,13588,scored,perfect,-408798
47895683760,15,13589,scored,perfect,-45260
47906686341,1,13590,scored,perfect,435411
47907683467,5,13591,scored,perfect,57012
47907683984,13,13592,scored,perfect,-406788
47909688427,12,13593,scored,perfect,115387
47913684412,8,13594,scored,perfect,-301895
47919684416,0,13595,scored,perfect,398625
47919685092,10,13596,scored,perfect,108598
47921683882,2,13597,scored,perfect,-23231
47925683655,14,13598,scored,perfect,-536397
47926684428,6,13599,scored,perfect,-128876
47927686026,7,13600,scored,perfect,2001
47932704151,4,13601,scored,perfect,634141
47934686065,11,13602,scored,perfect,264264
47939687914,3,13603,scored,perfect,-99817
47941683520,9,13604,scored,perfect,-198325
47947685751,5,13605,scored,perfect,-517147
47951684045,12,13606,scored,perfect,229590
47954684759,1,13607,scored,perfect,111052
47955684615,13,13608,scored,perfect,369091
47955685524,15,13609,scored,perfect,323562
47955686107,8,13610,scored,perfect,-375591
47959685970,10,13611,scored,perfect,-267927
47961684169,2,13612,scored,perfect,-141624
47963686146,0,13613,scored,perfect,517810
47970703511,6,13614,scored,perfect,410463
47978684402,4,13615,scored,perfect,-207092
47979683218,7,13616,scored,perfect,288113
47983684024,9,13617,scored,perfect,322262
47983684736,14,13618,scored,perfect,152329
47986684100,11,13619,scored,perfect,316349
47989684542,3,13620,scored,perfect,-132899
47991683684,12,13621,scored,perfect,-441010
47993685165,5,13622,scored,perfect,649555
47995683525,15,13623,scored,perfect,-195938
47997686313,13,13624,scored,perfect,145429
47997686704,1,13625,scored,perfect,-345709
48001684991,2,13626,scored,perfect,-395859
48005684899,0,13627,scored,perfect,-318391
48005685477,10,13628,scored,perfect,-361556
48006686542,8,13629,scored,perfect,119958
48012703663,6,13630,scored,perfect,107844
48020684015,7,13631,scored,perfect,-88710
48025684231,4,13632,scored,perfect,322315
48038684042,3,13633,scored,perfect,199090
48041683771,9,13634,scored,perfect,-462788
48042687195,11,13635,scored,perfect,-280156
48047686874,12,13636,scored,perfect,-118617
48054683760,15,13637,scored,perfect,-71801
48054684287,2,13638,scored,perfect,-408308
48054684700,10,13639,scored,perfect,-409488
48057683562,6,13640,scored,perfect,-337637
48058683143,8,13641,scored,perfect,157253
48059686664,13,13642,scored,perfect,-24712
48060685454,14,13643,scored,perfect,250358
48062683958,7,13644,scored,perfect,-305047
48066683527,4,13645,scored,perfect,-224916
48067687152,5,13646,scored,perfect,-288766
48072686149,0,13647,scored,perfect,60589
48074703216,1,13648,scored,perfect,632118
48083712436,9,13649,scored,perfect,312298
48086684099,11,13650,scored,perfect,-221970
48087683427,3,13651,scored,perfect,234686
48094685068,12,13652,scored,perfect,471735
48098686709,10,13653,scored,perfect,-245526
48101684121,6,13654,scored,perfect,-77737
48101684594,13,13655,scored,perfect,-281190
48106687322,2,13657,scored,perfect,290202
48106688081,14,13656,scored,perfect,329205
48107683451,7,13658,scored,perfect,-358378
48108684138,5,13659,scored,perfect,209373
48108684579,15,13660,scored,perfect,-77139
48119685018,4,13661,scored,perfect,2049
48119686345,0,13662,scored,perfect,-231822
48122686394,8,13663,scored,perfect,39506
48124718850,1,13664,scored,perfect,155596
48126685469,9,13665,scored,perfect,-25427
48132684035,11,13666,scored,perfect,-369712
48133683265,3,13667,scored,perfect,-413739
48134684169,12,13668,scored,perfect,-47136
48138684056,10,13669,scored,perfect,-335860
48144684528,13,13670,scored,perfect,-444932
48145683651,6,13671,scored,perfect,-77368
48147686220,14,13672,scored,perfect,-351395
48152684252,5,13673,scored,perfect,342396
48155684341,7,13674,scored,perfect,126506
48159687182,15,13675,scored,perfect,-169796
48161684100,0,13676,scored,perfect,148095
48171684450,9,13677,scored,perfect,71338
48182701098,10,13678,scored,perfect,450323
48183683309,12,13679,scored,perfect,-546368
48186684039,13,13680,scored,perfect,-221962
48196683809,2,13681,scored,perfect,530515
48196684385,14,13682,scored,perfect,-167935
48200684172,11,13683,scored,perfect,-2508
48202684071,6,13684,scored,perfect,-347136
48204683865,5,13685,scored,perfect,-153554
48205684660,7,13686,scored,perfect,98293
48207684344,0,13687,scored,perfect,-311544
48208683812,3,13688,scored,perfect,-195038
48209686591,1,13689,scored,perfect,-193112
48213683803,15,13690,scored,perfect,105701
48213684379,4,13691,scored,perfect,-192849
48215685207,8,13692,scored,perfect,121879
48216683730,9,13693,scored,perfect,293566
48222686144,10,13694,scored,perfect,-78192
48225683896,12,13695,scored,perfect,-246290
48229683604,13,13696,scored,perfect,-286639
48239684021,2,13697,scored,perfect,139697
48241684089,11,13698,scored,perfect,498036
48242683139,14,13699,scored,perfect,149890
48243684700,6,13700,scored,perfect,324157
48245685859,5,13701,scored,perfect,107997
48247686593,7,13702,scored,perfect,-6741
48249721341,3,13703,scored,perfect,400593
48250701311,0,13704,scored,perfect,362110
48264687925,15,13705,scored,perfect,-415906
48265684673,4,13706,scored,perfect,336244
48265685303,1,13707,scored,perfect,-331924
48266683099,12,13708,scored,perfect,281852
48266683586,9,13709,scored,perfect,-269551
48270684119,8,13710,scored,perfect,108694
48270684692,10,13711,scored,perfect,-72145
48271683204,13,13712,scored,perfect,18377
48283720752,2,13714,scored,perfect,316010
48283721451,11,13713,scored,perfect,536403
48287683875,5,13715,scored,perfect,372413
48287684494,6,13716,scored,perfect,345482
48289684617,14,13717,scored,perfect,330523
48289685103,3,13718,scored,perfect,-329701
48289685459,7,13719,scored,perfect,-533999
48291702658,0,13720,scored,perfect,12830
48307684854,12,13721,scored,perfect,-175729
48319684451,15,13722,scored,perfect,-559356
48327684280,11,13723,scored,perfect,33035
48328683710,13,13724,scored,perfect,-93290
48330684552,1,13725,scored,perfect,-53120
48332683939,14,13726,scored,perfect,441608
48336684662,9,13727,scored,perfect,377114
48336685197,5,13728,scored,perfect,-305364
48342685292,10,13729,scored,perfect,261836
48350684150,12,13730,scored,perfect,-75307
48350684797,7,13731,scored,perfect,-447876
48354684354,0,13732,scored,perfect,-265045
48357684062,2,13733,scored,perfect,451461
48360687132,3,13734,scored,perfect,329679
48362683682,8,13735,scored,perfect,312662
48364686656,6,13736,scored,perfect,9334
48366683824,4,13737,scored,perfect,-429980
48371683787,15,13738,scored,perfect,353161
48372686529,14,13739,scored,perfect,-252699
48376684326,9,13740,scored,perfect,97649
48378684114,13,13741,scored,perfect,-48898
48379684052,11,13742,scored,perfect,-8697
48381687459,5,13743,scored,perfect,218756
48382701046,1,13744,scored,perfect,177255
48384686665,10,13745,scored,perfect,-276761
48391683665,7,13746,scored,perfect,414611
48392686506,12,13747,scored,perfect,-210832
48407706119,4,13748,scored,perfect,571152
48410684609,8,13749,scored,perfect,-374014
48411709051,0,13750,scored,perfect,-1060
48413684394,2,13751,scored,perfect,-33431
48414684316,3,13752,scored,perfect,-287459
48416683984,6,13753,scored,perfect,315827
48421683494,5,13754,scored,perfect,34842
48423684284,9,13755,scored,perfect,-346830
48426687986,10,13756,scored,perfect,-223920
48427684223,1,13758,scored,perfect,403788
48427684898,15,13757,scored,perfect,563016
48434687102,12,13759,scored,perfect,-53778
48436684692,13,13760,scored,perfect,-519999
48438684256,11,13761,scored,perfect,514728
48438684939,14,13762,scored,perfect,390913
48440684515,7,13763,scored,perfect,151560
48454703921,0,13764,scored,perfect,65987
48455684618,3,13765,scored,perfect,305926
48457684718,8,13766,scored,perfect,-286765
48460686147,6,13767,scored,perfect,-347945
48462683626,4,13768,scored,perfect,-292022
48469686727,9,13769,scored,perfect,161075
48469687719,1,13770,scored,perfect,-233875
48471719741,2,13772,scored,perfect,71162
48471720350,5,13771,scored,perfect,187071
48472685839,15,13773,scored,perfect,-125714
48473704869,10,13774,scored,perfect,37454
48475683616,12,13775,scored,perfect,-180694
48479683877,13,13776,scored,perfect,-152476
48480710369,11,13778,scored,perfect,315717
48480711112,14,13777,scored,perfect,499192
48480711881,7,13779,scored,perfect,-324791
48496684663,0,13780,scored,perfect,370848
48496685422,3,13781,scored,perfect,220181
48499683885,8,13782,scored,perfect,-408383
48503683624,4,13783,scored,perfect,6496
48508684537,6,13784,scored,perfect,-317039
48513684456,15,13785,scored,perfect,-313065
48516683668,2,13786,scored,perfect,-134659
48518684745,1,13787,scored,perfect,-147393
48522685072,13,13788,scored,perfect,222393
48528683793,12,13789,scored,perfect,-330148
48532708000,11,13790,scored,perfect,668435
48534687690,14,13791,scored,perfect,-107002
48535685928,5,13792,scored,perfect,-35754
48536684143,9,13793,scored,perfect,425111
48541686149,8,13794,scored,perfect,251999
48544698799,10,13795,scored,perfect,-164759
48545683412,7,13796,scored,perfect,-15824
48552684292,6,13797,scored,perfect,-382380
48553683729,3,13798,scored,perfect,-186345
48553684297,15,13799,scored,perfect,-561398
48554683285,4,13800,scored,perfect,-191256
48558683779,1,13801,scored,perfect,-389605
48567686786,0,13802,scored,perfect,-141837
48574684028,13,13803,scored,perfect,-97198
48578684231,5,13804,scored,perfect,-344759
48579683267,9,13805,scored,perfect,236981
48580687652,12,13806,scored,perfect,350211
48582683683,11,13807,scored,perfect,-44986
48588686310,7,13808,scored,perfect,349573
48589685073,10,13809,scored,perfect,-86523
48591683837,2,13810,scored,perfect,121000
48600683517,1,13811,scored,perfect,-138908
48600684309,4,13812,scored,perfect,-182701
48603704146,3,13813,scored,perfect,137777
48607684020,8,13814,scored,perfect,238632
48610688576,15,13815,scored,perfect,-298884
48612683688,6,13816,scored,perfect,-38150
48613683484,14,13817,scored,perfect,-338780
48619684542,13,13818,scored,perfect,-380428
48622685676,0,13819,scored,perfect,24549
48622687144,11,13820,scored,perfect,-538078
48623684886,5,13821,scored,perfect,224919
48623685571,12,13822,scored,perfect,-1569
48628684791,9,13823,scored,perfect,365814
48632684506,7,13824,scored,perfect,304156
48632685419,10,13825,scored,perfect,297054
48632685960,2,13826,scored,perfect,-331935
48641688391,4,13827,scored,perfect,306383
48643684687,1,13828,scored,perfect,191932
48644684365,3,13829,scored,perfect,-180406
48649704183,8,13830,scored,perfect,527279
48654683584,14,13831,scored,perfect,143072
48659687169,6,13832,scored,perfect,386275
48660686387,15,13833,scored,perfect,-253005
48662683666,13,13834,scored,perfect,166511
48663683832,0,13835,scored,perfect,30010
48664684659,5,13837,scored,perfect,331417
48664685141,12,13836,scored,perfect,407655
48667683360,11,13838,scored,perfect,-177717
48672686332,9,13839,scored,perfect,75449
48675691915,2,13840,scored,perfect,-54347
48677684320,10,13841,scored,perfect,583119
48679683277,7,13842,scored,perfect,55749
48682683996,4,13843,scored,perfect,-65072
48683720938,1,13844,scored,perfect,195957
48687683823,3,13845,scored,perfect,255788
48695684082,14,13846,scored,perfect,311116
48706687036,6,13847,scored,perfect,202419
48706687744,15,13848,scored,perfect,145946
48708720990,8,13849,scored,perfect,-76633
48709687041,13,13850,scored,perfect,-158370
48711684348,12,13851,scored,perfect,-512520
48713686109,0,13852,scored,perfect,-296564
48714684725,11,13853,scored,perfect,121107
48716683762,9,13854,scored,perfect,513061
48717685893,2,13855,scored,perfect,-150630
48718685411,10,13856,scored,perfect,656688
48722688292,5,13857,scored,perfect,-63006
48724684519,4,13858,scored,perfect,513976
48727684260,7,13859,scored,perfect,136092
48728683675,3,13860,scored,perfect,-289270
48729683217,1,13861,scored,perfect,-233132
48735685216,14,13862,scored,perfect,238169
48747684449,15,13863,scored,perfect,372992
48748685503,6,13864,scored,perfect,33913
48748686115,8,13865,scored,perfect,-211092
48750683334,13,13866,scored,perfect,-579535
48755684428,11,13867,scored,perfect,-423628
48759686780,10,13868,scored,perfect,-72038
48760685857,0,13869,scored,perfect,575605
48761684741,9,13870,scored,perfect,138430
48761685311,12,13871,scored,perfect,-307630
48762684271,2,13872,scored,perfect,258121
48763684433,5,13873,scored,perfect,464054
48766683744,4,13874,scored,perfect,192854
48774702916,1,13875,scored,perfect,301535
48786684206,7,13876,scored,perfect,317917
48787683100,3,13877,scored,perfect,-90582
48789686732,15,13878,scored,perfect,477132
48793684748,14,13879,scored,perfect,550273
48798684299,8,13880,scored,perfect,151463
48799683513,6,13881,scored,perfect,431320
48799683993,11,13882,scored,perfect,-29962
48800683686,0,13884,scored,perfect,-112211
48800684224,13,13883,scored,perfect,51963
48802684209,10,13885,scored,perfect,-4400
48807683789,4,13886,scored,perfect,25566
48811708078,12,13887,scored,perfect,530369
48811726572,5,13888,scored,perfect,298683
48813686215,2,13889,scored,perfect,430614
48816683658,1,13890,scored,perfect,-36998
48817688636,9,13891,scored,perfect,-57203
48833683923,3,13892,scored,perfect,-248425
48837684151,14,13893,scored,perfect,311806
48838684160,8,13894,scored,perfect,-267708
48841684209,6,13896,scored,perfect,414765
48841684946,13,13895,scored,perfect,507604
48843685096,15,13897,scored,perfect,75158
48844684218,0,13898,scored,perfect,-414646
48846683095,7,13899,scored,perfect,-126767
48849686320,4,13900,scored,perfect,-446177
48853683661,5,13901,scored,perfect,-194141
48857687416,1,13902,scored,perfect,-333017
48857688123,2,13903,scored,perfect,-396589
48858685754,9,13904,scored,perfect,-41681
48860687028,11,13905,scored,perfect,464322
48861684431,10,13906,scored,perfect,-488929
48863686113,12,13907,scored,perfect,630877
48875683834,3,13908,scored,perfect,-41999
48880688166,14,13909,scored,perfect,-395269
48881686705,6,13910,scored,perfect,-244971
48883683675,13,13911,scored,perfect,390908
48883684159,8,13912,scored,perfect,-274891
48885688442,15,13913,scored,perfect,89239
48888684775,7,13914,scored,perfect,312429
48888685261,0,13915,scored,perfect,-143941
48891683832,4,13916,scored,perfect,395027
48894684235,5,13917,scored,perfect,28417
48902685056,2,13918,scored,perfect,284411
48903685348,11,13919,scored,perfect,484194
48903685930,1,13920,scored,perfect,-646336
48906686710,12,13921,scored,perfect,282141
48910687582,9,13922,scored,perfect,497518
48910688293,10,13923,scored,perfect,-220396
48916683423,3,13924,scored,perfect,596869
48921684425,14,13925,scored,perfect,-100040
48924719283,13,13926,scored,perfect,655670
48925701726,6,13927,scored,perfect,542952
48926684165,15,13928,scored,perfect,196358
48927683910,8,13929,scored,perfect,-281101
48929683395,0,13930,scored,perfect,-276321
48932683974,4,13932,scored,perfect,319126
48932684626,7,13931,scored,perfect,365924
48936709562,5,13933,scored,perfect,506958
48944684243,1,13934,scored,perfect,-225053
48946701087,11,13935,scored,perfect,-15711
48949683606,12,13936,scored,perfect,170104
48949684278,2,13937,scored,perfect,-328061
48950687401,9,13938,scored,perfect,-166662
48955684395,10,13939,scored,perfect,52581
48958683485,3,13940,scored,perfect,-301825
48961684414,14,13941,scored,perfect,-107396
48966684122,13,13942,scored,perfect,564115
48966685178,6,13943,scored,perfect,-417932
48970683930,15,13944,scored,perfect,-310347
48974684202,0,13945,scored,perfect,569403
48976687028,8,13946,scored,perfect,91043
48977683957,7,13947,scored,perfect,-141500
48978683008,5,13948,scored,perfect,286668
48979683315,4,13949,scored,perfect,165789
48985686907,1,13950,scored,perfect,306743
48989684813,11,13951,scored,perfect,-201056
48991683765,9,13952,scored,perfect,-544694
48993684805,2,13953,scored,perfect,-241682
48993685402,12,13954,scored,perfect,-342938
48996708835,10,13955,scored,perfect,351331
48999683591,3,13956,scored,perfect,218770
49012683833,14,13957,scored,perfect,-291020
49017683510,6,13958,scored,perfect,330228
49018684393,5,13959,scored,perfect,-294027
49020683883,4,13960,scored,perfect,60450
49026684420,1,13962,scored,perfect,47622
49026685054,8,13961,scored,perfect,308478
49027684369,0,13963,scored,perfect,510456
49029684146,7,13964,scored,perfect,194628
49033684365,15,13965,scored,perfect,-440281
49035687234,13,13966,scored,perfect,443610
49036716957,12,13967,scored,perfect,285965
49037683485,9,13968,scored,perfect,343586
49041683422,10,13969,scored,perfect,-209341
49042686674,2,13970,scored,perfect,-42446
49047686116,3,13971,scored,perfect,95560
49048684786,11,13972,scored,perfect,-27603
49056686331,14,13973,scored,perfect,-32255
49060686263,6,13974,scored,perfect,635657
49061683942,5,13975,scored,perfect,-425447
49066683794,4,13976,scored,perfect,327452
49069708537,1,13977,scored,perfect,-87048
49074684166,15,13978,scored,perfect,-78390
49074684948,7,13979,scored,perfect,-317632
49076685617,12,13980,scored,perfect,-193075
49082684848,13,13981,scored,perfect,233169
49083683968,0,13982,scored,perfect,286224
49088686414,2,13983,scored,perfect,-92806
49093685476,8,13984,scored,perfect,516926
49095683491,3,13986,scored,perfect,210043
49095684028,10,13985,scored,perfect,263804
49095684437,9,13987,scored,perfect,-78382
49099683647,11,13988,scored,perfect,107101
49099684360,6,13989,scored,perfect,-416324
49106687227,4,13990,scored,perfect,-217526
49108703073,14,13991,scored,perfect,-116408
49112683566,5,13992,scored,perfect,-161423
49118686086,1,13993,scored,perfect,103359
49118686881,12,13994,scored,perfect,-327429
49130684822,2,13995,scored,perfect,-206795
49135688499,10,13996,scored,perfect,-263136
49136684330,15,13997,scored,perfect,-123799
49138686068,7,13998,scored,perfect,439022
49139684468,3,13999,scored,perfect,281305
49141683501,8,14000,scored,perfect,167097
49142686136,11,14001,scored,perfect,-126303
49147686194,9,14002,scored,perfect,-310332
49156685538,6,14003,scored,perfect,315586
49157686823,0,14004,scored,perfect,673866
49164685105,13,14005,scored,perfect,35052
49168684578,4,14006,scored,perfect,404410
49172685529,5,14007,scored,perfect,537876
49177684427,12,14008,scored,perfect,390322
49180684425,3,14009,scored,perfect,-388819
49182705304,15,14010,scored,perfect,519517
49191683795,1,14012,scored,perfect,16186
49191684624,2,14011,scored,perfect,57524
49192698874,9,14013,scored,perfect,222964
49197684335,10,14014,scored,perfect,522387
49199683786,11,14015,scored,perfect,506799
49200683932,14,14016,scored,perfect,161814
49201684761,8,14017,scored,perfect,302189
49204685637,0,14018,scored,perfect,-80589
49209684358,4,14019,scored,perfect,-193074
49209685098,6,14020,scored,perfect,-304180
49216683775,13,14021,scored,perfect,22770
49220683542,5,14022,scored,perfect,146280
49222686316,3,14023,scored,perfect,-373711
49225683774,7,14024,scored,perfect,-448085
49228683929,15,14025,scored,perfect,62722
49230684023,12,14026,scored,perfect,183448
49231685059,2,14027,scored,perfect,9764
49232701701,1,14028,scored,perfect,83399
49234683758,9,14029,scored,perfect,-87073
49238684718,10,14030,scored,perfect,-234614
49239684543,11,14031,scored,perfect,-554358
49241683365,14,14032,scored,perfect,561000
49241683781,8,14033,scored,perfect,-328270
49256686227,4,14034,scored,perfect,319541
49256687074,6,14035,scored,perfect,-38359
49257683528,13,14036,scored,perfect,657573
49257683978,0,14037,scored,perfect,213350
49266720005,5,14038,scored,perfect,53230
49268684673,3,14039,scored,perfect,25682
49271718821,15,14040,scored,perfect,556269
49272687316,7,14041,scored,perfect,-40348
49276684331,2,14042,scored,perfect,-14975
49279683361,12,14043,scored,perfect,266502
49288691605,8,14044,scored,perfect,-46181
49294706132,1,14045,scored,perfect,-2190
49313683744,15,14046,scored,perfect,-387828
49319684581,0,14047,scored,perfect,-118953
49324684067,2,14048,scored,perfect,448840
49329684034,7,14049,scored,perfect,-205375
49331684355,8,14050,scored,perfect,94918
49333701884,14,14051,scored,perfect,117983
49334684704,9,14052,scored,perfect,248243
49334685279,10,14053,scored,perfect,-33836
49335685416,1,14054,scored,perfect,169610
49335685894,12,14055,scored,perfect,-229938
49344685615,13,14056,scored,perfect,-549335
49352684318,4,14057,scored,perfect,-355065
49353684111,3,14058,scored,perfect,335734
49353684556,6,14059,scored,perfect,-244277
49353685005,11,14060,scored,perfect,-577446
49355684367,5,14061,scored,perfect,-14703
49360683963,15,14062,scored,perfect,592059
49360684597,0,14063,scored,perfect,-70135
49365704837,2,14064,scored,perfect,288023
49372686291,7,14065,scored,perfect,-300
49372687014,8,14066,scored,perfect,-595615
49375684253,1,14067,scored,perfect,96087
49378683529,10,14068,scored,perfect,301576
49384684785,12,14069,scored,perfect,128162
49384685676,14,14070,scored,perfect,-3231
49385684245,9,14071,scored,perfect,396138
49386683584,13,14072,scored,perfect,237976
49394683844,11,14073,scored,perfect,-561854
49403684397,6,14074,scored,perfect,-220463
49405684981,15,14075,scored,perfect,-76960
49413683781,3,14076,scored,perfect,485528
49415683657,5,14077,scored,perfect,-348519
49417684773,8,14078,scored,perfect,214016
49419684418,1,14079,scored,perfect,284760
49424683843,0,14080,scored,perfect,-341074
49425696536,2,14081,scored,perfect,-148794
49426684824,9,14082,scored,perfect,135900
49427683527,13,14083,scored,perfect,449619
49427684057,7,14084,scored,perfect,-492170
49430685942,14,14085,scored,perfect,-226996
49432683924,10,14086,scored,perfect,-228754
49436684000,11,14088,scored,perfect,309125
49436684773,12,14087,scored,perfect,368224
49436685329,4,14089,scored,perfect,15608
49447684926,6,14090,scored,perfect,366515
49450694572,15,14091,scored,perfect,-2506
49455684411,3,14092,scored,perfect,-164244
49457683674,5,14093,scored,perfect,688590
49457684653,8,14094,scored,perfect,-87709
49459684096,1,14095,scored,perfect,41630
49466683658,0,14096,scored,perfect,-188210
49467683219,9,14097,scored,perfect,-39728
49474683256,13,14098,scored,perfect,166629
49474683801,14,14099,scored,perfect,158457
49474684344,7,14100,scored,perfect,-340184
49479683619,4,14101,scored,perfect,258183
49479684206,10,14102,scored,perfect,243911
49479684673,11,14103,scored,perfect,-205467
49480685260,12,14104,scored,perfect,-31167
49482703300,2,14105,scored,perfect,506414
49490683717,6,14106,scored,perfect,334049
49499683504,8,14107,scored,perfect,429016
49500683684,3,14108,scored,perfect,415267
49500684234,5,14109,scored,perfect,-409395
49504684013,15,14110,scored,perfect,-30820
49505689135,1,14111,scored,perfect,434720
49508683776,9,14112,scored,perfect,-273782
49515684203,0,14113,scored,perfect,-88195
49517683379,13,14114,scored,perfect,376797
49525684452,12,14115,scored,perfect,288298
49525685569,14,14116,scored,perfect,202378
49526687406,10,14117,scored,perfect,179227
49531684514,7,14118,scored,perfect,92776
49535685806,4,14119,scored,perfect,479087
49541683518,2,14120,scored,perfect,285568
49544683900,11,14121,scored,perfect,-49175
49548683695,1,14122,scored,perfect,41572
49550683581,5,14123,scored,perfect,475736
49553683977,15,14124,scored,perfect,-150635
49557683618,3,14125,scored,perfect,703258
49557684225,9,14126,scored,perfect,93397
49558683373,8,14127,scored,perfect,396635
49566684021,6,14128,scored,perfect,-564
49570683865,14,14129,scored,perfect,-286381
49575683930,7,14130,scored,perfect,-246161
49579683692,10,14131,scored,perfect,27881
49583684143,2,14132,scored,perfect,-481860
49584686632,12,14133,scored,perfect,19775
49585687231,13,14134,scored,perfect,-470680
49586684052,11,14135,scored,perfect,497826
49587683392,0,14136,scored,perfect,90204
49588684062,4,14137,scored,perfect,132922
49588684654,1,14138,scored,perfect,-221448
49592696551,5,14139,scored,perfect,441951
49595683989,15,14140,scored,perfect,179471
49597687412,3,14141,scored,perfect,142914
49600684255,8,14142,scored,perfect,-52845
49606686313,6,14143,scored,perfect,-168042
49611684039,14,14144,scored,perfect,-465144
49612683481,9,14145,scored,perfect,115033
49615684122,7,14146,scored,perfect,-318354
49628684740,0,14148,scored,perfect,171502
49628685546,12,14147,scored,perfect,227539
49629683210,11,14149,scored,perfect,-300757
49630684623,2,14150,scored,perfect,-164422
49634684295,1,14151,scored,perfect,196386
49634685195,10,14153,scored,perfect,60297
49634685723,13,14152,scored,perfect,195278
49636684292,5,14155,scored,perfect,129835
49636684989,15,14154,scored,perfect,133124
49642686869,3,14156,scored,perfect,199869
49652684294,14,14157,scored,perfect,448869
49652685040,4,14158,scored,perfect,-397975
49653683316,6,14159,scored,perfect,80188
49653683874,8,14160,scored,perfect,-193301
49654683914,9,14161,scored,perfect,-258930
49664684922,7,14162,scored,perfect,114911
49668685214,12,14163,scored,perfect,-252112
49672688918,2,14164,scored,perfect,-395060
49673706350,0,14165,scored,perfect,70725
49675683517,1,14166,scored,perfect,61445
49675684076,11,14167,scored,perfect,-567113
49678683715,15,14168,scored,perfect,242035
49679683268,13,14169,scored,perfect,-114970
49681685221,5,14170,scored,perfect,112427
49687683674,10,14171,scored,perfect,-286666
49688683734,3,14172,scored,perfect,596255
49694684472,8,14173,scored,perfect,-471551
49697686074,6,14174,scored,perfect,22657
49699686201,9,14175,scored,perfect,593483
49703684406,4,14176,scored,perfect,423771
49703685003,14,14177,scored,perfect,55276
49706686752,7,14178,scored,perfect,-213637
49710686281,12,14179,scored,perfect,-93126
49716684145,1,14180,scored,perfect,170706
49721683594,15,14181,scored,perfect,330361
49727684557,0,14182,scored,perfect,102782
49727685201,11,14183,scored,perfect,-372942
49731684280,13,14184,scored,perfect,83110
49736684555,5,14185,scored,perfect,88861
49739686973,9,14186,scored,perfect,-531487
49741683375,2,14187,scored,perfect,147267
49744685173,4,14188,scored,perfect,-194738
49746684096,8,14189,scored,perfect,-372222
49747685854,3,14190,scored,perfect,-230748
49749683729,10,14191,scored,perfect,-441506
49750695595,12,14192,scored,perfect,-217894
49759687892,14,14193,scored,perfect,-252121
49761684641,7,14194,scored,perfect,-79797
49763687112,6,14195,scored,perfect,-135209
49770684260,0,14196,scored,perfect,291198
49772686124,15,14197,scored,perfect,133605
49775683612,11,14198,scored,perfect,133377
49777684398,1,14199,scored,perfect,-13280
49778683470,13,14200,scored,perfect,270418
49785686238,9,14201,scored,perfect,106028
49789684736,4,14202,scored,perfect,-607071
49790684248,10,14203,scored,perfect,119594
49795683778,8,14204,scored,perfect,191488
49798684064,12,14205,scored,perfect,-35106
49805687511,14,14206,scored,perfect,367918
49805688359,2,14207,scored,perfect,-4138
49809687443,3,14208,scored,perfect,376421
49814684118,7,14209,scored,perfect,118326
49816683663,0,14210,scored,perfect,584400
49820722200,5,14211,scored,perfect,177165
49821683216,6,14212,scored,perfect,75260
49821683634,11,14213,scored,perfect,-251516
49821684046,13,14214,scored,perfect,-311444
49827684721,1,14215,scored,perfect,-143771
49828684064,15,14216,scored,perfect,24999
49829683158,9,14217,scored,perfect,-67496
49830687510,4,14219,scored,perfect,-153170
49830688184,10,14218,scored,perfect,-68317
49842686874,8,14220,scored,perfect,376871
49842687845,12,14221,scored,perfect,369804
49846719908,2,14222,scored,perfect,289865
49848685049,14,14223,scored,perfect,-358017
49849683652,3,14224,scored,perfect,-361649
49855685316,7,14225,scored,perfect,455354
49860687904,0,14226,scored,perfect,295250
49864685031,11,14227,scored,perfect,-394458
49865683874,6,14228,scored,perfect,-313749
49867706127,5,14229,scored,perfect,153073
49869684590,15,14230,scored,perfect,34248
49870703406,9,14231,scored,perfect,425764
49871718965,1,14233,scored,perfect,75807
49871719391,4,14232,scored,perfect,161755
49874683714,13,14234,scored,perfect,531906
49876684135,10,14235,scored,perfect,254330
49882724731,8,14236,scored,perfect,16135
49886706370,12,14237,scored,perfect,-83106
49889684243,2,14239,scored,perfect,-200138
49889684762,14,14238,scored,perfect,8056
49891684319,3,14240,scored,perfect,-35498
49900684373,7,14241,scored,perfect,131222
49907684272,6,14242,scored,perfect,333224
49908683808,0,14243,scored,perfect,-207039
49918685448,1,14244,scored,perfect,62156
49921683589,15,14245,scored,perfect,401993
49923684432,13,14246,scored,perfect,65166
49927685107,5,14247,scored,perfect,166813
49927685790,4,14248,scored,perfect,-189485
49928684947,11,14249,scored,perfect,-168836
49928685680,12,14250,scored,perfect,-197618
49930687844,2,14251,scored,perfect,321310
49931684813,9,14252,scored,perfect,429530
49934686665,8,14253,scored,perfect,381007
49941701858,7,14254,scored,perfect,212097
49943684782,14,14255,scored,perfect,-119151
49944684324,3,14256,scored,perfect,-498380
49945683525,10,14257,scored,perfect,117598
49949719144,0,14258,scored,perfect,235589
49953705948,6,14259,scored,perfect,-606807
49960686586,1,14260,scored,perfect,134894
49962683348,15,14261,scored,perfect,350915
49966683671,13,14262,scored,perfect,-185858
49968685406,5,14263,scored,perfect,294585
49974684068,8,14264,scored,perfect,143918
49981686813,2,14265,scored,perfect,416366
49984687361,7,14266,scored,perfect,-243731
49991684456,3,14267,scored,perfect,-321267
49995683533,11,14268,scored,perfect,-199520
50002684403,6,14269,scored,perfect,307908
50007683968,0,14270,scored,perfect,526651
50010686711,14,14271,scored,perfect,263875
50013683962,12,14272,scored,perfect,372668
50014684411,13,14273,scored,perfect,74343
50023684088,15,14274,scored,perfect,111679
50024683913,10,14275,scored,perfect,210312
50025683314,9,14276,scored,perfect,290084
50028684500,4,14277,scored,perfect,165304
50036684705,8,14278,scored,perfect,-219642
50038686004,1,14279,scored,perfect,473206
50040684641,11,14280,scored,perfect,34324
50040685170,3,14281,scored,perfect,-122256
50042685983,7,14282,scored,perfect,163195
50045683560,5,14283,scored,perfect,409364
50051684494,0,14284,scored,perfect,-137977
50055686630,6,14285,scored,perfect,-15011
50055687326,12,14286,scored,perfect,-312631
50057684318,14,14287,scored,perfect,-121531
50059686109,13,14288,scored,perfect,-87233
50066683996,2,14289,scored,perfect,609970
50071683476,4,14290,scored,perfect,323318
50071684153,9,14291,scored,perfect,305732
50074684240,15,14292,scored,perfect,223934
50079684127,8,14293,scored,perfect,-144852
50081684596,10,14294,scored,perfect,280085
50083707640,3,14295,scored,perfect,187547
50083725976,7,14296,scored,perfect,90396
50086684057,1,14297,scored,perfect,-273278
50094684768,0,14298,scored,perfect,208792
50095683863,11,14299,scored,perfect,297429
50095684802,5,14300,scored,perfect,-196381
50097684710,6,14301,scored,perfect,521618
50097686338,14,14302,scored,perfect,-571055
50098683898,12,14303,scored,perfect,-340162
50099683726,13,14304,scored,perfect,-328818
50110685810,2,14305,scored,perfect,626254
50111706343,4,14306,scored,perfect,333312
50115684810,9,14307,scored,perfect,-165087
50117687165,15,14308,scored,perfect,107250
50119684469,8,14309,scored,perfect,-204793
50122685698,10,14310,scored,perfect,78305
50126684530,3,14311,scored,perfect,-190397
50134684592,7,14312,scored,perfect,359102
50146685913,12,14313,scored,perfect,-298457
50150684146,13,14314,scored,perfect,384065
50150684914,14,14315,scored,perfect,277088
50158683845,4,14316,scored,perfect,416568
50162683326,6,14317,scored,perfect,107373
50164684849,1,14318,scored,perfect,-80869
50164685697,5,14319,scored,perfect,-617126
50173685263,0,14320,scored,perfect,-130817
50175683406,3,14321,scored,perfect,29287
50182684189,10,14322,scored,perfect,-133132
50183683764,15,14323,scored,perfect,-532213
50184688401,11,14324,scored,perfect,154609
50187683623,7,14325,scored,perfect,-12156
50188683729,2,14326,scored,perfect,-275402
50193685355,14,14327,scored,perfect,-408889
50200684977,13,14328,scored,perfect,-580722
50203684346,6,14329,scored,perfect,-141672
50203684937,9,14330,scored,perfect,-579483
50204702737,12,14331,scored,perfect,323668
50206684606,8,14332,scored,perfect,165376
50207683436,5,14333,scored,perfect,431129
50209687590,1,14334,scored,perfect,-68751
50221684085,4,14335,scored,perfect,-297731
50229684614,11,14336,scored,perfect,-230771
50236685038,2,14337,scored,perfect,375877
50236685996,10,14338,scored,perfect,-341380
50239684616,14,14339,scored,perfect,-113812
50239685370,15,14340,scored,perfect,-290560
50241683684,0,14341,scored,perfect,573818
50241684243,3,14342,scored,perfect,460273
50244684372,9,14343,scored,perfect,35629
50247684888,7,14344,scored,perfect,283941
50250698831,8,14345,scored,perfect,-154098
50251684652,13,14346,scored,perfect,325563
50252684204,5,14347,scored,perfect,-153662
50254683616,6,14348,scored,perfect,29027
50255684012,1,14349,scored,perfect,383313
50255684581,12,14350,scored,perfect,69803
50263684430,4,14351,scored,perfect,-123227
50271683701,11,14352,scored,perfect,394904
50280684321,2,14353,scored,perfect,-151482
50283684320,3,14354,scored,perfect,206529
50283685061,0,14355,scored,perfect,109195
50283685560,10,14356,scored,perfect,-261250
50285686541,14,14357,scored,perfect,666179
50286684220,15,14358,scored,perfect,502488
50290684763,9,14359,scored,perfect,197496
50291683485,7,14360,scored,perfect,279922
50293685721,13,14361,scored,perfect,-320197
50294684597,6,14362,scored,perfect,-472479
50295683222,1,14363,scored,perfect,-102366
50299683665,5,14364,scored,perfect,-170038
50299684320,8,14365,scored,perfect,-242713
50303683906,12,14366,scored,perfect,349011
50306684359,4,14367,scored,perfect,-54700
50312683876,11,14368,scored,perfect,-243751
50321719567,2,14369,scored,perfect,212283
50325683567,0,14370,scored,perfect,219738
50328720044,10,14371,scored,perfect,422081
50333684315,3,14372,scored,perfect,-216308
50340686218,1,14373,scored,perfect,-179527
50344684255,13,14374,scored,perfect,565232
50346706251,12,14375,scored,perfect,156192
50347686356,9,14377,scored,perfect,-97481
50347686932,14,14376,scored,perfect,109470
50348684846,15,14378,scored,perfect,-95547
50352684300,4,14379,scored,perfect,-225550
50353683961,5,14380,scored,perfect,-198466
50353684512,7,14381,scored,perfect,-329504
50355685013,6,14382,scored,perfect,364700
50357684344,8,14383,scored,perfect,-22138
50358683134,11,14384,scored,perfect,61752
50366683850,0,14385,scored,perfect,-161348
50371684099,2,14386,scored,perfect,29413
50373684940,10,14387,scored,perfect,-146888
50376696964,3,14388,scored,perfect,-77123
50380909600,1,14389,scored,perfect,-151959
50389687407,9,14390,scored,perfect,306923
50392719006,14,14391,scored,perfect,285689
50396684148,4,14392,scored,perfect,-334069
50397690216,8,14393,scored,perfect,-89352
50404684376,15,14394,scored,perfect,281679
50406012414,13,14395,scored,perfect,224867
50408684138,12,14396,scored,perfect,250216
50412684268,0,14397,scored,perfect,92734
50414688214,6,14398,scored,perfect,-386456
50415683868,11,14399,scored,perfect,13649
50419686306,3,14400,scored,perfect,-289390
50423685033,2,14402,scored,perfect,-224554
50423685805,7,14401,scored,perfect,5661
50427684991,1,14403,scored,perfect,-494248
50428683486,10,14404,scored,perfect,-156164
50428684209,5,14405,scored,perfect,-331654
50431687621,9,14406,scored,perfect,-145854
50436684846,14,14407,scored,perfect,-254414
50439686518,8,14408,scored,perfect,-540345
50440685004,4,14409,scored,perfect,111490
50446684032,15,14410,scored,perfect,494074
50446684781,13,14411,scored,perfect,12875
50451686408,12,14412,scored,perfect,246839
50452684428,0,14413,scored,perfect,-174130
50457684535,11,14414,scored,perfect,312857
50457685376,6,14415,scored,perfect,59257
50460687104,3,14416,scored,perfect,-195542
50466684088,2,14417,scored,perfect,-464532
50467687330,7,14418,scored,perfect,-120962
50471702901,1,14419,scored,perfect,109160
50475683684,5,14420,scored,perfect,-29519
50475684545,9,14421,scored,perfect,-273915
50478683935,14,14422,scored,perfect,187895
50479683241,10,14423,scored,perfect,-352433
50482684026,8,14424,scored,perfect,265058
50483706519,4,14425,scored,perfect,189438
50491684432,15,14426,scored,perfect,279342
50493686475,0,14427,scored,perfect,344868
50493687141,12,14428,scored,perfect,-298281
50499685580,13,14429,scored,perfect,106395
50502687908,6,14430,scored,perfect,-41293
50504684053,3,14431,scored,perfect,-346586
50510689815,11,14432,scored,perfect,567696
50510690807,2,14433,scored,perfect,10550
50512683794,1,14434,scored,perfect,9698
50528684558,5,14435,scored,perfect,-260984
50528685560,9,14436,scored,perfect,-382981
50532719709,4,14437,scored,perfect,540624
50533724471,10,14438,scored,perfect,425327
50536685009,0,14440,scored,perfect,-152703
50536685929,8,14439,scored,perfect,64086
50539685802,7,14441,scored,perfect,123235
50539686555,13,14442,scored,perfect,-166294
50541683827,14,14443,scored,perfect,530782
50542687143,15,14444,scored,perfect,-162499
50543685904,12,14445,scored,perfect,154985
50546684830,6,14446,scored,perfect,588061
50546685403,3,14447,scored,perfect,109054
50559686606,1,14448,scored,perfect,342463
50560689280,11,14449,scored,perfect,466790
50561684244,2,14450,scored,perfect,-523525
50571684442,5,14451,scored,perfect,182965
50576686007,9,14452,scored,perfect,-333331
50579683877,0,14454,scored,perfect,133259
50579684653,4,14453,scored,perfect,195965
50583684192,8,14455,scored,perfect,-401000
50584688773,7,14456,scored,perfect,-259111
50593687146,14,14457,scored,perfect,528112
50593687959,12,14458,scored,perfect,-302894
50595683735,3,14459,scored,perfect,352087
50596683481,6,14460,scored,perfect,-208189
50597687217,13,14461,scored,perfect,-49054
50597687848,15,14462,scored,perfect,-405870
50600683979,10,14463,scored,perfect,-325073
50602685761,2,14464,scored,perfect,228733
50602686476,11,14465,scored,perfect,106547
50606688062,1,14466,scored,perfect,324676
50616683891,5,14467,scored,perfect,180256
50619686588,0,14468,scored,perfect,-224417
50621683428,9,14469,scored,perfect,-251662
50622689014,4,14470,scored,perfect,45744
50625683429,8,14471,scored,perfect,1707
50627685445,7,14472,scored,perfect,556183
50633683893,14,14473,scored,perfect,288106
50633684879,12,14474,scored,perfect,-418022
50636684889,3,14475,scored,perfect,270209
50637685908,6,14476,scored,perfect,229962
50642686616,15,14477,scored,perfect,310524
50645684575,11,14478,scored,perfect,-322318
50646719063,13,14479,scored,perfect,666698
50653683811,10,14480,scored,perfect,-334739
50656686807,2,14481,scored,perfect,337661
50658684003,5,14482,scored,perfect,145709
50659686454,1,14483,scored,perfect,-37141
50660688739,0,14484,scored,perfect,-4624
50666684175,9,14485,scored,perfect,-365781
50669684398,7,14486,scored,perfect,-323208
50676686338,4,14487,scored,perfect,206432
50682684239,8,14488,scored,perfect,15497
50682685239,14,14489,scored,perfect,-206982
50683683930,12,14491,scored,perfect,-413453
50683684608,15,14490,scored,perfect,-304341
50689691619,3,14492,scored,perfect,-43588
50691684036,6,14493,scored,perfect,-167739
50692684258,11,14494,scored,perfect,415737
50693686706,13,14495,scored,perfect,182566
50698684535,2,14497,scored,perfect,240804
50698685334,10,14496,scored,perfect,382520
50699684151,5,14498,scored,perfect,330572
50701689078,0,14499,scored,perfect,164467
50701689727,1,14500,scored,perfect,-87202
50707704773,9,14501,scored,perfect,193718
50711704941,7,14502,scored,perfect,-118252
50717686616,4,14503,scored,perfect,349738
50724683711,14,14504,scored,perfect,-101186
50730684868,3,14505,scored,perfect,257897
50741683667,8,14506,scored,perfect,394069
50741684912,15,14507,scored,perfect,309857
50741685464,2,14508,scored,perfect,14847
50741686217,5,14509,scored,perfect,-327359
50744684006,6,14510,scored,perfect,333481
50750683682,13,14511,scored,perfect,-348368
50751685788,11,14512,scored,perfect,262156
50751686353,12,14513,scored,perfect,260724
50764685844,7,14514,scored,perfect,348717
50764686690,9,14515,scored,perfect,-295074
50765683930,10,14516,scored,perfect,-185480
50769726762,1,14517,scored,perfect,96522
50771720318,0,14518,scored,perfect,440007
50773685150,3,14520,scored,perfect,-313254
50773685904,4,14519,scored,perfect,-149058
50775715012,14,14521,scored,perfect,509057
50781687700,8,14522,scored,perfect,272558
50782684330,5,14523,scored,perfect,-359797
50786683875,6,14524,scored,perfect,-446301
50787683344,15,14525,scored,perfect,130215
50790684611,2,14526,scored,perfect,-95944
50792684406,13,14527,scored,perfect,-272505
50794715127,11,14528,scored,perfect,99402
50799683738,12,14529,scored,perfect,551924
50807684790,9,14530,scored,perfect,34396
50807685627,10,14531,scored,perfect,-66905
50810690096,7,14532,scored,perfect,601616
50813684180,0,14533,scored,perfect,199166
50813684767,1,14534,scored,perfect,159505
50814697879,4,14535,scored,perfect,-36365
50822686280,8,14536,scored,perfect,233718
50832719508,3,14537,scored,perfect,579091
50833683349,14,14538,scored,perfect,-357957
50842698392,2,14539,scored,perfect,297345
50850683475,15,14540,scored,perfect,489486
50850684437,12,14541,scored,perfect,-279488
50852684305,10,14542,scored,perfect,-394035
50857683942,1,14543,scored,perfect,354012
50857685321,0,14544,scored,perfect,276474
50857685810,11,14545,scored,perfect,-18789
50863686179,13,14546,scored,perfect,40326
50866706148,9,14547,scored,perfect,181212
50868685131,6,14548,scored,perfect,165446
50868685743,4,14549,scored,perfect,-64266
50869684227,7,14550,scored,perfect,-55123
50870683257,5,14551,scored,perfect,-301025
50877684503,3,14552,scored,perfect,134119
50878683465,8,14553,scored,perfect,-653210
50883683879,2,14554,scored,perfect,-560499
50884686754,14,14555,scored,perfect,258374
50893685101,12,14557,scored,perfect,611107
50893686431,15,14556,scored,perfect,644283
50893686928,10,14558,scored,perfect,-398544
50903723177,0,14559,scored,perfect,331557
50904683872,11,14560,scored,perfect,-60040
50905684825,13,14561,scored,perfect,316734
50905685488,1,14562,scored,perfect,42898
50906686978,9,14563,scored,perfect,-104656
50910685010,4,14564,scored,perfect,604280
50918685658,5,14565,scored,perfect,-234343
50919685103,3,14566,scored,perfect,-519445
50921688926,6,14567,scored,perfect,441037
50922686153,8,14568,scored,perfect,-532159
50924683805,7,14569,scored,perfect,-377002
50928686616,2,14570,scored,perfect,-31277
50935686475,10,14571,scored,perfect,-12294
50936684389,14,14572,scored,perfect,-108444
50939686825,12,14573,scored,perfect,227365
50940684044,15,14574,scored,perfect,-403951
50944686237,0,14575,scored,perfect,137748
50949683586,1,14576,scored,perfect,618187
50949684344,9,14577,scored,perfect,-341204
50956687040,4,14578,scored,perfect,188655
50957683381,13,14579,scored,perfect,592827
50958683230,11,14580,scored,perfect,-200421
50960687520,5,14581,scored,perfect,585271
50964684983,8,14582,scored,perfect,-252492
50965684308,6,14583,scored,perfect,-219429
50968684795,7,14584,scored,perfect,47773
50969684132,2,14585,scored,perfect,-483397
50972686878,3,14586,scored,perfect,419651
50983684155,14,14587,scored,perfect,-363581
50991683975,9,14588,scored,perfect,132209
50993684915,0,14589,scored,perfect,-287304
50995683856,1,14590,scored,perfect,159
50995684367,10,14591,scored,perfect,-431
51004684543,13,14592,scored,perfect,-48930
51005689764,8,14593,scored,perfect,406512
51006684870,4,14594,scored,perfect,-209489
51007686676,5,14595,scored,perfect,-149511
51008718652,6,14596,scored,perfect,140274
51010684843,11,14597,scored,perfect,-151369
51011683483,15,14598,scored,perfect,-556269
51013684154,7,14599,scored,perfect,-121252
51013684711,2,14600,scored,perfect,-401225
51014685543,3,14601,scored,perfect,364867
51014686193,12,14602,scored,perfect,-369816
51028683926,14,14603,scored,perfect,34264
51031684570,9,14604,scored,perfect,-141100
51038683549,1,14605,scored,perfect,43787
51038684214,0,14606,scored,perfect,-345303
51049687234,4,14607,scored,perfect,-3955
51049688244,10,14608,scored,perfect,-224026
51053686689,15,14609,scored,perfect,-238739
51057684281,11,14610,scored,perfect,215967
51059685812,2,14611,scored,perfect,153859
51059686376,5,14612,scored,perfect,-270175
51061683802,3,14613,scored,perfect,216151
51061684536,7,14614,scored,perfect,-222679
51062684754,13,14615,scored,perfect,-150181
51063684780,6,14616,scored,perfect,-208934
51065683760,8,14617,scored,perfect,251953
51067683850,12,14618,scored,perfect,-54935
51069683572,14,14619,scored,perfect,312563
51072687839,9,14620,scored,perfect,-286631
51078684057,1,14621,scored,perfect,-29832
51083683843,0,14622,scored,perfect,529789
51095686246,15,14623,scored,perfect,68308
51097686266,4,14626,scored,perfect,-344305
51097686831,10,14624,scored,perfect,-251454
51097687378,11,14625,scored,perfect,-253450
51100684910,5,14627,scored,perfect,-102056
51104704967,3,14628,scored,perfect,183613
51105687248,2,14629,scored,perfect,53622
51110684862,7,14630,scored,perfect,509291
51110685662,13,14631,scored,perfect,-112673
51113688081,12,14632,scored,perfect,-504209
51116684081,14,14633,scored,perfect,271697
51128683621,1,14634,scored,perfect,-56994
51129683465,0,14637,scored,perfect,-198120
51129684149,6,14635,scored,perfect,-80578
51129684684,9,14636,scored,perfect,-125556
51131683921,8,14638,scored,perfect,365765
51139684343,4,14639,scored,perfect,-450245
51146683991,11,14640,scored,perfect,-368113
51148683553,10,14641,scored,perfect,180441
51148684201,3,14642,scored,perfect,-173105
51154684931,13,14643,scored,perfect,620368
51158683736,2,14644,scored,perfect,449605
51163685651,7,14645,scored,perfect,-54011
51168685367,14,14646,scored,perfect,-241628
51171684113,1,14647,scored,perfect,-193292
51171684978,9,14648,scored,perfect,-380795
51174685062,5,14649,scored,perfect,-298286
51176684977,15,14650,scored,perfect,-244842
51178683592,8,14651,scored,perfect,-549296
51188685277,0,14652,scored,perfect,539323
51193685525,11,14653,scored,perfect,-316930
51201690755,6,14654,scored,perfect,-317248
51202684682,10,14655,scored,perfect,462281
51202685437,3,14656,scored,perfect,-286510
51203683889,7,14657,scored,perfect,-527386
51204683239,12,14658,scored,perfect,-56173
51205686895,2,14659,scored,perfect,-125920
51207684077,4,14661,scored,perfect,95173
51207684730,13,14660,scored,perfect,190244
51212683795,1,14662,scored,perfect,76993
51213684051,9,14663,scored,perfect,-446279
51214684643,14,14664,scored,perfect,-184432
51215684697,5,14665,scored,perfect,-270813
51218685670,15,14666,scored,perfect,-253367
51220683770,8,14667,scored,perfect,-332538
51228684080,0,14668,scored,perfect,209960
51234705228,11,14669,scored,perfect,241932
51246684086,12,14670,scored,perfect,-239311
51247686798,3,14671,scored,perfect,-361042
51247687412,13,14672,scored,perfect,-503177
51249684625,4,14673,scored,perfect,-261972
51250683385,2,14674,scored,perfect,-603053
51251685375,6,14676,scored,perfect,27338
51251686044,10,14675,scored,perfect,209370
51261684589,5,14677,scored,perfect,-515630
51262683932,9,14678,scored,perfect,-111678
51266684129,8,14679,scored,perfect,160272
51267686247,15,14680,scored,perfect,-88510
51277684678,0,14681,scored,perfect,217632
51278683543,14,14682,scored,perfect,325845
51279684370,1,14683,scored,perfect,71943
51280685045,7,14684,scored,perfect,82987
51280685740,11,14685,scored,perfect,-107157
51294684388,3,14686,scored,perfect,-500757
51295683206,4,14687,scored,perfect,67843
51296683829,12,14688,scored,perfect,530354
51299683560,2,14689,scored,perfect,337668
51300683630,6,14690,scored,perfect,-369209
51310684165,9,14691,scored,perfect,378995
51311683715,10,14692,scored,perfect,-551638
51314684098,15,14693,scored,perfect,-275545
51314684620,13,14694,scored,perfect,-590922
51318684755,8,14695,scored,perfect,277811
51330687398,14,14696,scored,perfect,-399538
51331687278,11,14697,scored,perfect,-133069
51332703017,0,14698,scored,perfect,507309
51333684248,5,14699,scored,perfect,316914
51333684883,7,14700,scored,perfect,-298195
51346684740,2,14701,scored,perfect,56692
51350698139,4,14702,scored,perfect,-24265
51353684319,6,14703,scored,perfect,-171958
51353685289,3,14704,scored,perfect,-522278
51357683974,15,14705,scored,perfect,-13712
51365684467,8,14706,scored,perfect,-372696
51367686383,9,14707,scored,perfect,-80178
51368685030,1,14709,scored,perfect,-309284
51368685722,10,14708,scored,perfect,-100485
51369685683,12,14710,scored,perfect,214927
51370684945,13,14711,scored,perfect,-181904
51371683430,14,14712,scored,perfect,-422799
51377684498,11,14713,scored,perfect,504349
51380684981,0,14714,scored,perfect,285566
51380685556,7,14715,scored,perfect,146242
51381684694,5,14716,scored,perfect,-293943
51390707585,2,14717,scored,perfect,396906
51392727886,4,14718,scored,perfect,173211
51394707516,6,14719,scored,perfect,236724
51397687920,3,14720,scored,perfect,-409804
51405687269,15,14721,scored,perfect,354532
51406685639,8,14722,scored,perfect,97160
51411684575,9,14723,scored,perfect,385245
51413686781,13,14724,scored,perfect,-126870
51415684756,10,14725,scored,perfect,-354961
51417683595,1,14726,scored,perfect,103806
51419684412,12,14727,scored,perfect,-108467
51420683690,0,14728,scored,perfect,232092
51420684394,7,14729,scored,perfect,-281625
51422686427,11,14730,scored,perfect,72270
51426684646,5,14731,scored,perfect,237074
51430684610,14,14732,scored,perfect,85125
51435684666,2,14734,scored,perfect,-240564
51435685414,4,14733,scored,perfect,-164156
51436685231,6,14735,scored,perfect,-532825
51439684566,3,14736,scored,perfect,415814
51449723588,8,14737,scored,perfect,167264
51449724342,15,14738,scored,perfect,30043
51462684155,1,14739,scored,perfect,312320
51463683784,11,14740,scored,perfect,554574
51464687785,10,14741,scored,perfect,177789
51469685037,5,14742,scored,perfect,296610
51477684437,4,14743,scored,perfect,449057
51477685145,13,14744,scored,perfect,-197221
51480688151,0,14745,scored,perfect,-98094
51482705520,2,14746,scored,perfect,327916
51483701443,14,14747,scored,perfect,365546
51483704557,9,14748,scored,perfect,-83003
51485687157,3,14749,scored,perfect,312609
51487683668,7,14750,scored,perfect,-50636
51496683826,8,14752,scored,perfect,205264
51496684507,15,14751,scored,perfect,293212
51498685201,12,14753,scored,perfect,-45596
51499684885,6,14754,scored,perfect,18988
51502684193,1,14755,scored,perfect,90584
51509684232,11,14756,scored,perfect,363259
51512683851,5,14757,scored,perfect,-55373
51514684870,10,14758,scored,perfect,-435796
51519685097,4,14759,scored,perfect,-403132
51520683326,13,14760,scored,perfect,211045
51522686263,0,14761,scored,perfect,106742
51526685388,14,14762,scored,perfect,148536
51528683747,3,14763,scored,perfect,214075
51529683213,7,14764,scored,perfect,-292910
51533683900,9,14765,scored,perfect,301122
51536683787,2,14766,scored,perfect,454113
51538684598,15,14767,scored,perfect,-518334
51539683967,6,14768,scored,perfect,-190605
51539684581,12,14769,scored,perfect,-490665
51540683608,8,14770,scored,perfect,308513
51546704548,1,14771,scored,perfect,607667
51553685264,11,14772,scored,perfect,-509937
51554684181,5,14773,scored,perfect,-88816
51557683643,10,14774,scored,perfect,39827
51561706786,4,14775,scored,perfect,246598
51562683270,13,14776,scored,perfect,-75542
51563684529,0,14777,scored,perfect,411231
51568685887,14,14778,scored,perfect,514574
51574683884,3,14779,scored,perfect,-83905
51575683297,9,14780,scored,perfect,-471215
51576684236,2,14781,scored,perfect,276472
51579683705,6,14782,scored,perfect,-344144
51581683959,8,14783,scored,perfect,19684
51589685047,12,14784,scored,perfect,-217520
51590684128,15,14785,scored,perfect,158716
51592684885,7,14786,scored,perfect,-284530
51592685378,1,14787,scored,perfect,-577722
51596683896,5,14788,scored,perfect,161681
51596684598,11,14789,scored,perfect,87733
51605684923,13,14790,scored,perfect,406638
51607683807,0,14791,scored,perfect,-235485
51608683452,14,14792,scored,perfect,-230482
51616683617,4,14793,scored,perfect,498684
51616684412,2,14794,scored,perfect,110484
51618685160,3,14795,scored,perfect,-329974
51623683752,6,14796,scored,perfect,-9149
51624683793,9,14797,scored,perfect,-80772
51624684369,10,14798,scored,perfect,-127877
51625683141,8,14799,scored,perfect,420144
51632684392,15,14800,scored,perfect,268975
51632685175,7,14801,scored,perfect,-410670
51636683935,12,14802,scored,perfect,457037
51638684426,5,14803,scored,perfect,-144265
51639684094,1,14804,scored,perfect,264450
51644683940,11,14805,scored,perfect,-489492
51646683181,13,14806,scored,perfect,-238186
51649683652,14,14807,scored,perfect,493358
51649684349,0,14808,scored,perfect,211894
51658683780,4,14809,scored,perfect,492593
51663685162,3,14810,scored,perfect,434620
51665683954,2,14811,scored,perfect,-207225
51666683306,9,14812,scored,perfect,436574
51666683845,10,14813,scored,perfect,-310807
51669683880,8,14814,scored,perfect,-230371
51675683700,7,14815,scored,perfect,-464851
51678683732,5,14816,scored,perfect,-483698
51680684866,15,14817,scored,perfect,500815
51682683691,1,14818,scored,perfect,-99182
51686684628,11,14819,scored,perfect,418905
51688683830,13,14820,scored,perfect,-133774
51690684619,12,14821,scored,perfect,-61183
51691683514,0,14822,scored,perfect,432098
51694683942,14,14823,scored,perfect,325448
51696683560,6,14824,scored,perfect,-370153
51700683537,4,14825,scored,perfect,-31251
51705689335,2,14826,scored,perfect,-470096
51706684422,3,14827,scored,perfect,-219487
51707683397,10,14828,scored,perfect,-231773
51708683298,9,14829,scored,perfect,287108
51713689850,8,14830,scored,perfect,-406387
51716683959,7,14831,scored,perfect,-413554
51724683776,5,14832,scored,perfect,-285600
51727683702,15,14833,scored,perfect,586887
51730684733,12,14834,scored,perfect,-136687
51731685283,11,14835,scored,perfect,80369
51742684876,13,14836,scored,perfect,-73655
51751684297,4,14837,scored,perfect,-28038
51757683988,8,14838,scored,perfect,-360417
51774684105,10,14839,scored,perfect,212396
51775683955,15,14840,scored,perfect,316609
51775684700,3,14841,scored,perfect,-299588
51777685230,0,14842,scored,perfect,137939
51782683768,1,14843,scored,perfect,498978
51783683320,13,14844,scored,perfect,415628
51783683973,14,14845,scored,perfect,-445991
51786684322,5,14846,scored,perfect,-362864
51787684157,2,14847,scored,perfect,319788
51787684786,11,14848,scored,perfect,261800
51787685295,7,14849,scored,perfect,-155816
51787685776,12,14850,scored,perfect,-336190
51788684814,6,14851,scored,perfect,590140
51794684979,9,14852,scored,perfect,329691
51798684918,4,14853,scored,perfect,296601
51801684265,8,14854,scored,perfect,38984
51815685731,15,14855,scored,perfect,-11308
51816683437,3,14857,scored,perfect,304016
51816684100,10,14856,scored,perfect,452539
51817685491,0,14858,scored,perfect,-575061
51822684875,1,14859,scored,perfect,238786
51824683851,13,14860,scored,perfect,113500
51826684462,14,14861,scored,perfect,141763
51827684348,5,14862,scored,perfect,372489
51830687652,2,14863,scored,perfect,-132684
51832683597,6,14864,scored,perfect,308105
51832684187,11,14865,scored,perfect,-30262
51832684687,7,14866,scored,perfect,-372299
51833702874,12,14867,scored,perfect,423842
51837684287,9,14868,scored,perfect,310452
51840688122,4,14869,scored,perfect,-274816
51844720481,8,14870,scored,perfect,426396
51864683978,10,14871,scored,perfect,53813
51866683417,1,14872,scored,perfect,-391952
51869705826,0,14873,scored,perfect,490459
51875684453,11,14874,scored,perfect,219239
51877684464,7,14875,scored,perfect,-174546
51880685254,3,14876,scored,perfect,-202719
51881684974,6,14877,scored,perfect,-182732
51883694013,12,14878,scored,perfect,524773
51883694549,9,14879,scored,perfect,-193972
51886724648,2,14880,scored,perfect,276187
51886725319,5,14881,scored,perfect,-148177
51894684058,4,14882,scored,perfect,-32515
51895683430,15,14883,scored,perfect,107654
51896683188,8,14884,scored,perfect,118248
51899684324,13,14885,scored,perfect,-355433
51901685130,14,14886,scored,perfect,-335996
51905687415,10,14887,scored,perfect,-528467
51907702823,1,14888,scored,perfect,448744
51913684117,0,14889,scored,perfect,397664
51916683640,11,14890,scored,perfect,118419
51919684081,7,14891,scored,perfect,142796
51926684151,2,14892,scored,perfect,229595
51928703724,9,14893,scored,perfect,308421
51929683452,3,14894,scored,perfect,-324733
51932683873,5,14895,scored,perfect,293920
51934684114,12,14896,scored,perfect,295098
51934684687,4,14897,scored,perfect,-165649
51939684751,6,14899,scored,perfect,382346
51939685642,8,14898,scored,perfect,460187
51940684228,13,14900,scored,perfect,-242443
51949684524,10,14901,scored,perfect,568783
51957684309,14,14902,scored,perfect,-31652
51957685102,11,14903,scored,perfect,-326402
51961686399,15,14904,scored,perfect,-357860
51962683428,0,14905,scored,perfect,47453
51962684057,1,14906,scored,perfect,-326709
51966684053,7,14907,scored,perfect,36788
51967725830,2,14908,scored,perfect,226751
51976684205,9,14909,scored,perfect,-357913
51978683751,3,14910,scored,perfect,255670
51980684076,8,14911,scored,perfect,200418
51982684059,5,14912,scored,perfect,82873
51990683800,10,14913,scored,perfect,-112965
51994684472,6,14914,scored,perfect,514805
52000683385,14,14915,scored,perfect,285082
52002684600,15,14916,scored,perfect,556189
52005685127,12,14917,scored,perfect,-101925
52008683327,11,14918,scored,perfect,190784
52010685043,2,14919,scored,perfect,535660
52010685536,7,14920,scored,perfect,23791
52011709197,0,14921,scored,perfect,-3505
52013683618,1,14922,scored,perfect,-178360
52016683650,13,14923,scored,perfect,477647
52017684807,4,14924,scored,perfect,315439
52029684705,3,14926,scored,perfect,211981
52029685533,8,14925,scored,perfect,225248
52030687352,9,14927,scored,perfect,-140247
52032683999,5,14928,scored,perfect,-83011
52037683743,6,14929,scored,perfect,158972
52037684745,10,14930,scored,perfect,-234889
52043685651,14,14931,scored,perfect,-306860
52044683617,15,14932,scored,perfect,-193209
52047687502,12,14933,scored,perfect,-102131
52052683940,7,14934,scored,perfect,217218
52053702340,0,14935,scored,perfect,111688
52054690078,2,14936,scored,perfect,238656
52056691497,1,14937,scored,perfect,-13522
52056692524,11,14938,scored,perfect,-266638
52057683640,13,14939,scored,perfect,315678
52063684907,4,14940,scored,perfect,-182131
52069706575,8,14941,scored,perfect,49802
52076684415,5,14942,scored,perfect,200714
52080684389,6,14943,scored,perfect,120294
52085684636,3,14944,scored,perfect,106145
52089684098,12,14945,scored,perfect,22174
52095683858,10,14946,scored,perfect,384865
52096683412,9,14947,scored,perfect,436818
52096684004,0,14948,scored,perfect,279495
52113683739,11,14949,scored,perfect,596413
52113684539,4,14950,scored,perfect,-326842
52113684992,15,14951,scored,perfect,-386801
52115684523,2,14952,scored,perfect,-165755
52117684390,13,14953,scored,perfect,-75975
52120684477,8,14954,scored,perfect,182485
52120685274,1,14955,scored,perfect,-216650
52123683793,5,14956,scored,perfect,301908
52125720208,6,14957,scored,perfect,191813
52125720759,7,14958,scored,perfect,-103831
52126683829,3,14959,scored,perfect,-315711
52128683551,14,14960,scored,perfect,-449138
52130684755,12,14961,scored,perfect,339447
52135683634,10,14962,scored,perfect,-186612
52138686039,9,14963,scored,perfect,291854
52140683811,0,14964,scored,perfect,348605
52156687231,11,14965,scored,perfect,-534738
52158683793,15,14966,scored,perfect,-478319
52165718222,4,14967,scored,perfect,254565
52166683859,1,14968,scored,perfect,-464273
52167684056,8,14969,scored,perfect,169862
52167684712,5,14970,scored,perfect,-484115
52171683713,7,14971,scored,perfect,359451
52175684233,12,14972,scored,perfect,-14381
52177684932,13,14973,scored,perfect,-370711
52180684738,2,14974,scored,perfect,117732
52184718628,10,14975,scored,perfect,270129
52186684959,6,14976,scored,perfect,-327823
52188686958,0,14977,scored,perfect,-336201
52188687578,14,14978,scored,perfect,-485121
52194684738,9,14979,scored,perfect,-124963
52196683595,3,14980,scored,perfect,634150
52198684329,11,14981,scored,perfect,-160659
52201684116,15,14982,scored,perfect,-6680
52207683912,1,14983,scored,perfect,511311
52207685240,8,14984,scored,perfect,-410317
52210686968,5,14985,scored,perfect,30768
52214687949,7,14986,scored,perfect,-283695
52215684162,12,14987,scored,perfect,-414043
52219684429,13,14988,scored,perfect,-31239
52223684692,2,14989,scored,perfect,-196508
52225716306,10,14990,scored,perfect,474923
52229683635,0,14991,scored,perfect,151063
52234685238,4,14992,scored,perfect,396457
52237683325,3,14993,scored,perfect,139144
52241683383,6,14994,scored,perfect,343252
52247684652,14,14995,scored,perfect,526475
52248684597,15,14996,scored,perfect,-35977
52249684026,9,14997,scored,perfect,279888
52252683792,11,14998,scored,perfect,438681
52252684781,5,14999,scored,perfect,-287133
52253683014,1,15000,scored,perfect,209774
52256685051,12,15001,scored,perfect,-455762
52257684146,7,15002,scored,perfect,214821
52265683337,2,15003,scored,perfect,-349776
52267683387,8,15005,scored,perfect,174313
52267683840,10,15004,scored,perfect,295881
52268683778,13,15006,scored,perfect,72338
52269683607,0,15007,scored,perfect,-533203
52279683858,4,15008,scored,perfect,-185839
52280684520,3,15009,scored,perfect,370721
52281684607,6,15010,scored,perfect,38759
52287683502,14,15011,scored,perfect,-176485
52293685214,5,15012,scored,perfect,-123425
52295683222,15,15013,scored,perfect,359844
52300683282,12,15014,scored,perfect,-539686
52301684383,1,15015,scored,perfect,-240360
52303683655,9,15016,scored,perfect,-69664
52307711578,8,15017,scored,perfect,-23713
52313683545,7,15018,scored,perfect,62325
52316683402,10,15019,scored,perfect,-184962
52319683934,13,15020,scored,perfect,-61343
52320683530,3,15021,scored,perfect,-76291
52328683495,11,15022,scored,perfect,34288
52328684300,4,15023,scored,perfect,-396837
52330684234,0,15024,scored,perfect,-183018
52333684129,14,15025,scored,perfect,166970
52334684256,5,15026,scored,perfect,-111292
52335684939,6,15027,scored,perfect,196769
52335686136,15,15028,scored,perfect,-310963
52340685492,2,15029,scored,perfect,-42734
52344684752,1,15030,scored,perfect,419530
52345683525,12,15031,scored,perfect,248011
52347688000,9,15032,scored,perfect,89622
52348684211,8,15033,scored,perfect,-364191
52355684629,7,15034,scored,perfect,-292289
52359685128,13,15035,scored,perfect,-170972
52360684453,10,15036,scored,perfect,204118
52362683597,3,15037,scored,perfect,-351431
52369707221,4,15039,scored,perfect,455535
52369710573,11,15038,scored,perfect,465900
52371702225,0,15040,scored,perfect,293070
52373683678,14,15041,scored,perfect,76029
52377685488,5,15042,scored,perfect,296403
52377686553,15,15043,scored,perfect,-210563
52380683784,6,15044,scored,perfect,-463547
52381684873,2,15045,scored,perfect,17572
52384801766,1,15046,scored,perfect,503561
52388684091,9,15047,scored,perfect,-434747
52393686386,8,15049,scored,perfect,34541
52393687347,12,15048,scored,perfect,35717
52396683346,7,15050,scored,perfect,-61682
52410684740,11,15051,scored,perfect,144789
52411683777,4,15052,scored,perfect,-371049
52413683164,14,15053,scored,perfect,-376392
52416683495,0,15054,scored,perfect,151427
52416683961,3,15055,scored,perfect,82
52416684384,13,15056,scored,perfect,-362737
52419683655,15,15057,scored,perfect,64126
52419684172,10,15058,scored,perfect,-434976
52421683810,5,15059,scored,perfect,370246
52421684295,6,15060,scored,perfect,-115799
52423683952,2,15061,scored,perfect,268359
52430685191,9,15062,scored,perfect,228503
52438683487,1,15063,scored,perfect,205553
52442684088,8,15064,scored,perfect,-599825
52446703327,7,15065,scored,perfect,211266
52450683209,12,15066,scored,perfect,308193
52450684190,11,15067,scored,perfect,31510
52452683702,4,15068,scored,perfect,503231
52457684332,0,15069,scored,perfect,12262
52460684249,15,15070,scored,perfect,455271
52461704097,14,15071,scored,perfect,368629
52465683566,3,15072,scored,perfect,-213546
52470683614,13,15073,scored,perfect,106962
52486683998,1,15074,scored,perfect,-266783
52494684369,2,15075,scored,perfect,253521
52494685174,7,15076,scored,perfect,-97474
52496683162,12,15077,scored,perfect,-143432
52497685961,6,15078,scored,perfect,-398282
52502683711,5,15079,scored,perfect,-215790
52505687204,3,15080,scored,perfect,-226186
52505688105,8,15081,scored,perfect,-492552
52506683264,0,15082,scored,perfect,214016
52507683244,4,15083,scored,perfect,-274400
52509683716,14,15084,scored,perfect,73375
52511683563,11,15085,scored,perfect,-203434
52511684055,9,15086,scored,perfect,-490214
52514685262,15,15087,scored,perfect,389800
52521684708,10,15088,scored,perfect,653617
52521685381,13,15089,scored,perfect,-377316
52529683720,1,15090,scored,perfect,-94685
52536683606,12,15091,scored,perfect,-495408
52539685109,7,15092,scored,perfect,161678
52548683460,6,15093,scored,perfect,-311624
52552683431,2,15094,scored,perfect,-28242
52556683683,9,15095,scored,perfect,-193864
52560684017,0,15096,scored,perfect,659092
52562703017,4,15097,scored,perfect,93316
52567683609,13,15098,scored,perfect,-83276
52572685661,1,15099,scored,perfect,-48695
52573683366,8,15100,scored,perfect,-76329
52576684105,11,15101,scored,perfect,-47634
52578683749,3,15102,scored,perfect,99878
52578684393,5,15104,scored,perfect,-449393
52578684920,12,15103,scored,perfect,-312737
52579683434,15,15105,scored,perfect,218800
52581683989,7,15106,scored,perfect,362300
52581684546,10,15107,scored,perfect,290119
52594684414,14,15108,scored,perfect,119455
52605687650,0,15109,scored,perfect,-362488
52609683788,2,15110,scored,perfect,15699
52611684425,9,15111,scored,perfect,-494510
52619683869,15,15112,scored,perfect,-21609
52620683787,4,15113,scored,perfect,303514
52625684083,3,15114,scored,perfect,-40292
52628688881,12,15115,scored,perfect,119087
52628689569,11,15116,scored,perfect,-221228
52629683867,1,15117,scored,perfect,32808
52632683696,8,15118,scored,perfect,69025
52632684549,10,15119,scored,perfect,-21532
52634684146,7,15120,scored,perfect,-185194
52641683649,5,15121,scored,perfect,-18292
52643684931,6,15122,scored,perfect,302826
52643686294,14,15123,scored,perfect,-201771
52651684347,0,15124,scored,perfect,-287
52651685357,2,15125,scored,perfect,-4098
52655684862,9,15126,scored,perfect,57096
52656684711,13,15127,scored,perfect,-215894
52660684403,15,15128,scored,perfect,142276
52661683819,4,15129,scored,perfect,-184949
52665684379,3,15130,scored,perfect,-119443
52669684214,11,15131,scored,perfect,-538788
52670683512,12,15132,scored,perfect,-117835
52673683856,1,15133,scored,perfect,28368
52678683530,7,15134,scored,perfect,-651825
52681683974,5,15135,scored,perfect,-67392
52681684559,8,15136,scored,perfect,-120313
52682708150,10,15137,scored,perfect,203004
52684684960,14,15138,scored,perfect,-84835
52684685364,6,15139,scored,perfect,-329341
52696683741,2,15140,scored,perfect,572098
52696684787,0,15141,scored,perfect,-117755
52699683268,9,15142,scored,perfect,-341841
52701684972,4,15143,scored,perfect,-216784
52710685070,11,15144,scored,perfect,385655
52710686768,3,15145,scored,perfect,291114
52710688321,15,15146,scored,perfect,-458570
52711683406,12,15147,scored,perfect,-262020
52711683910,13,15148,scored,perfect,-358467
52719684183,1,15149,scored,perfect,530963
52724684028,7,15150,scored,perfect,621028
52724684800,8,15151,scored,perfect,309705
52726684839,14,15152,scored,perfect,-370206
52730687229,6,15153,scored,perfect,157507
52734684663,5,15154,scored,perfect,-148372
52735684368,10,15155,scored,perfect,-73560
52738684043,2,15156,scored,perfect,279759
52742683941,9,15157,scored,perfect,-637278
52752683613,11,15158,scored,perfect,-129639
52752684269,3,15159,scored,perfect,-268849
52753683329,0,15160,scored,perfect,-180350
52755684253,15,15161,scored,perfect,-458751
52756685110,12,15162,scored,perfect,431486
52756685744,4,15163,scored,perfect,-460057
52758683791,13,15164,scored,perfect,351488
52764684324,1,15165,scored,perfect,120619
52764685033,7,15166,scored,perfect,-319782
52767717477,8,15167,scored,perfect,197256
52769684434,14,15168,scored,perfect,-172509
52780684395,2,15169,scored,perfect,-97751
52781688429,5,15170,scored,perfect,-577634
52786683510,6,15171,scored,perfect,-129297
52803683687,12,15172,scored,perfect,-465902
52805684856,3,15173,scored,perfect,-309149
52806683328,11,15174,scored,perfect,240800
52817687014,1,15175,scored,perfect,-202067
52818684393,0,15176,scored,perfect,54854
52819683257,15,15177,scored,perfect,-425413
52822687284,8,15178,scored,perfect,-304576
52823684892,5,15179,scored,perfect,-75940
52828684755,7,15180,scored,perfect,382504
52831683750,4,15181,scored,perfect,381386
52832683680,9,15182,scored,perfect,-363374
52834685047,10,15183,scored,perfect,191278
52835684584,14,15184,scored,perfect,628606
52840683674,6,15185,scored,perfect,-358637
52843686595,13,15186,scored,perfect,328620
52845684273,2,15187,scored,perfect,402231
52846683648,3,15188,scored,perfect,511375
52847687833,12,15189,scored,perfect,-304222
52849683945,11,15190,scored,perfect,205449
52859684205,0,15191,scored,perfect,297446
52862683634,15,15192,scored,perfect,328843
52863683248,5,15193,scored,perfect,-163522
52866684361,8,15194,scored,perfect,351199
52871683736,4,15195,scored,perfect,278143
52873683510,1,15196,scored,perfect,92415
52876684021,9,15198,scored,perfect,237282
52876684647,14,15197,scored,perfect,262470
52881684083,6,15199,scored,perfect,-207893
52885684952,7,15200,scored,perfect,407235
52890683926,12,15201,scored,perfect,315860
52892684555,3,15202,scored,perfect,64634
52897685740,10,15203,scored,perfect,194423
52903683764,13,15204,scored,perfect,173944
52903684439,15,15205,scored,perfect,171957
52906684088,8,15206,scored,perfect,-441292
52908704354,11,15207,scored,perfect,-24831
52911683858,2,15208,scored,perfect,390366
52913683615,0,15209,scored,perfect,483429
52920684836,4,15210,scored,perfect,20449
52922686813,1,15211,scored,perfect,-594371
52927684651,9,15212,scored,perfect,3692
52930684433,12,15213,scored,perfect,-219562
52934684305,3,15214,scored,perfect,375885
52934686282,5,15215,scored,perfect,322237
52934687080,14,15216,scored,perfect,114111
52934687674,6,15217,scored,perfect,-62695
52935684064,7,15218,scored,perfect,567328
52938684053,10,15219,scored,perfect,-328657
52945683545,13,15220,scored,perfect,401908
52947690841,15,15221,scored,perfect,-366730
52948683412,11,15222,scored,perfect,-254641
52957684844,2,15223,scored,perfect,-209333
52958683973,0,15224,scored,perfect,-65273
52958684396,8,15225,scored,perfect,-210258
52961683375,4,15226,scored,perfect,21213
52966683835,1,15227,scored,perfect,367031
52969704168,9,15228,scored,perfect,561963
52971703070,12,15229,scored,perfect,330779
52977684798,7,15230,scored,perfect,69639
52984755125,13,15231,scored,perfect,-620169
52986683990,3,15232,scored,perfect,200085
52986684498,10,15233,scored,perfect,63858
52986685019,5,15234,scored,perfect,-342600
52987682901,6,15235,scored,perfect,316847
52988684056,11,15236,scored,perfect,-460714
52989684173,14,15237,scored,perfect,-128234
52989684716,15,15238,scored,perfect,-240144
52998683123,2,15239,scored,perfect,289930
53000683198,8,15240,scored,perfect,-98744
53001683998,0,15241,scored,perfect,228512
53002684111,4,15242,scored,perfect,-436787
53020685246,9,15243,scored,perfect,-76764
53023683685,7,15244,scored,perfect,360347
53023684221,1,15245,scored,perfect,-304531
53026684386,12,15246,scored,perfect,90525
53026685112,10,15247,scored,perfect,-311144
53027683541,3,15248,scored,perfect,414526
53030683886,5,15249,scored,perfect,-513180
53033684054,11,15250,scored,perfect,334138
53033684799,15,15251,scored,perfect,-452079
53036683740,14,15252,scored,perfect,-455696
53038683626,2,15253,scored,perfect,172303
53039684644,6,15254,scored,perfect,-21048
53042683027,0,15255,scored,perfect,-57230
53050684067,8,15256,scored,perfect,-196342
53053683766,13,15257,scored,perfect,336699
53053684298,4,15258,scored,perfect,-608865
53060684510,9,15259,scored,perfect,-271527
53066684487,12,15260,scored,perfect,65133
53068689229,7,15261,scored,perfect,28366
53068690257,10,15262,scored,perfect,-86186
53073686397,3,15263,scored,perfect,134067
53074684298,5,15264,scored,perfect,525758
53079684247,2,15266,scored,perfect,-125900
53079684848,6,15265,scored,perfect,-69481
53083705926,15,15267,scored,perfect,-162240
53087684308,0,15268,scored,perfect,-109028
53090684569,14,15269,scored,perfect,162083
53094685702,1,15270,scored,perfect,-557940
53098684134,8,15271,scored,perfect,-186895
53100683998,13,15272,scored,perfect,507677
53101684209,9,15273,scored,perfect,-306414
53102684149,11,15274,scored,perfect,-368870
53113685873,3,15275,scored,perfect,-316918
53114684772,7,15276,scored,perfect,-365615
53115710010,12,15277,scored,perfect,264759
53119684088,10,15278,scored,perfect,-136852
53122685211,4,15279,scored,perfect,216197
53122687223,5,15280,scored,perfect,-359319
53129685080,0,15281,scored,perfect,-426547
53132684512,2,15282,scored,perfect,76559
53135683689,6,15283,scored,perfect,192660
53136684527,15,15284,scored,perfect,-277851
53137684166,14,15285,scored,perfect,331354
53138684549,1,15287,scored,perfect,-398920
53138685138,8,15286,scored,perfect,-332492
53141684336,13,15288,scored,perfect,232432
53141684807,9,15289,scored,perfect,-435468
53142684767,11,15290,scored,perfect,-382763
53153685008,3,15291,scored,perfect,-577580
53157684021,7,15292,scored,perfect,-273219
53164684580,5,15293,scored,perfect,-267593
53167684173,12,15294,scored,perfect,294161
53167684756,4,15295,scored,perfect,653
53167685169,10,15296,scored,perfect,-49268
53172685096,0,15297,scored,perfect,385637
53173684414,2,15298,scored,perfect,148040
53181684462,8,15299,scored,perfect,193467
53184686523,9,15300,scored,perfect,-13902
53189684103,15,15301,scored,perfect,233581
53194684506,3,15302,scored,perfect,-512725
53201685076,6,15303,scored,perfect,-161108
53203683851,7,15304,scored,perfect,190896
53206685612,5,15305,scored,perfect,-556267
53207685322,4,15306,scored,perfect,-400353
53208683544,14,15307,scored,perfect,385273
53209685157,10,15308,scored,perfect,135149
53214684377,13,15309,scored,perfect,433019
53219684834,12,15310,scored,perfect,-384570
53221695968,0,15311,scored,perfect,253345
53222686260,8,15312,scored,perfect,-363243
53223684949,1,15313,scored,perfect,-358389
53224704864,11,15314,scored,perfect,311181
53225684349,2,15316,scored,perfect,219176
53225684918,9,15315,scored,perfect,458480
53232683761,15,15317,scored,perfect,-440305
53237684522,3,15318,scored,perfect,-334023
53242683632,6,15319,scored,perfect,-280341
53246684160,7,15320,scored,perfect,106067
53247684803,5,15321,scored,perfect,421491
53250704469,10,15322,scored,perfect,409760
53257684586,13,15323,scored,perfect,-73256
53259685572,14,15324,scored,perfect,-198524
53260683784,12,15325,scored,perfect,562503
53260684193,4,15326,scored,perfect,92083
53261701581,0,15327,scored,perfect,160247
53263683621,8,15328,scored,perfect,428346
53264685052,11,15329,scored,perfect,-84831
53267684190,1,15330,scored,perfect,-263332
53273685677,9,15332,scored,perfect,-154194
53273686430,15,15331,scored,perfect,-44703
53278683922,2,15334,scored,perfect,206012
53278684799,3,15333,scored,perfect,245016
53282684522,6,15335,scored,perfect,-394936
53286706173,7,15336,scored,perfect,-36972
53292684536,5,15337,scored,perfect,-292696
53298683859,13,15338,scored,perfect,136559
53298684723,10,15339,scored,perfect,-329307
53300683962,12,15340,scored,perfect,193165
53306684455,11,15341,scored,perfect,130927
53306684996,4,15342,scored,perfect,-242785
53308684082,0,15343,scored,perfect,-204739
53308684529,8,15344,scored,perfect,-456215
53309685712,14,15345,scored,perfect,228411
53311707974,1,15346,scored,perfect,-5699
53317684806,15,15347,scored,perfect,-210054
53319684226,3,15348,scored,perfect,-19750
53320683993,2,15349,scored,perfect,319022
53321700662,9,15350,scored,perfect,227036
53323683928,6,15351,scored,perfect,-15396
53327684143,7,15352,scored,perfect,278816
53333684349,5,15353,scored,perfect,502629
53343685564,13,15354,scored,perfect,19453
53346684378,10,15355,scored,perfect,463898
53348684035,12,15356,scored,perfect,-290663
53350685434,0,15357,scored,perfect,-315465
53352683955,1,15358,scored,perfect,288789
53362683768,3,15359,scored,perfect,-304189
53363684301,2,15360,scored,perfect,-160515
53365684516,15,15361,scored,perfect,144924
53365685069,14,15362,scored,perfect,-35681
53367684121,6,15363,scored,perfect,203507
53372690625,9,15365,scored,perfect,34337
53372691809,11,15364,scored,perfect,53519
53373684495,4,15366,scored,perfect,252398
53373684902,8,15367,scored,perfect,40018
53375685129,7,15368,scored,perfect,-307279
53380685209,5,15369,scored,perfect,-356458
53384685770,13,15370,scored,perfect,36663
53386684759,10,15371,scored,perfect,-19317
53390685455,12,15372,scored,perfect,62527
53391684064,0,15373,scored,perfect,231181
53392713809,1,15374,scored,perfect,171117
53406686141,2,15375,scored,perfect,-210990
53409686184,15,15376,scored,perfect,223195
53413683915,11,15377,scored,perfect,327937
53418689282,8,15378,scored,perfect,-27421
53419684000,3,15379,scored,perfect,511166
53421691541,9,15380,scored,perfect,630174
53424683834,4,15381,scored,perfect,105827
53424684338,13,15382,scored,perfect,-21553
53425684724,7,15383,scored,perfect,318
53425685292,5,15384,scored,perfect,-428942
53427684732,10,15385,scored,perfect,-214737
53436684034,1,15386,scored,perfect,-98672
53438685219,14,15387,scored,perfect,-518653
53441684937,12,15388,scored,perfect,-549613
53447685161,6,15389,scored,perfect,507474
53454684609,2,15390,scored,perfect,-402027
53456686026,11,15391,scored,perfect,-434219
53457685753,15,15392,scored,perfect,-22201
53458683705,0,15393,scored,perfect,337222
53470684077,8,15394,scored,perfect,133189
53475683578,10,15395,scored,perfect,162625
53478685121,3,15396,scored,perfect,-584121
53479683591,9,15397,scored,perfect,-137141
53481685794,4,15398,scored,perfect,-509637
53482683642,14,15399,scored,perfect,-143657
53483683525,13,15400,scored,perfect,139026
53484685816,12,15401,scored,perfect,-140997
53485684420,5,15402,scored,perfect,-13548
53487683913,7,15403,scored,perfect,294900
53487684421,6,15404,scored,perfect,-66082
53489684189,1,15405,scored,perfect,380569
53501686980,15,15406,scored,perfect,311910
53502683759,2,15407,scored,perfect,303113
53504729263,0,15408,scored,perfect,394615
53505684840,11,15409,scored,perfect,444172
53511684846,8,15410,scored,perfect,-581204
53522686338,3,15411,scored,perfect,-132918
53524684235,14,15412,scored,perfect,386143
53527683862,9,15413,scored,perfect,-384274
53528684650,6,15414,scored,perfect,-598593
53533684167,1,15415,scored,perfect,230970
53534685236,7,15416,scored,perfect,42292
53535684944,12,15417,scored,perfect,344722
53540683946,5,15418,scored,perfect,339369
53540684388,4,15419,scored,perfect,-308134
53544684277,15,15420,scored,perfect,-450803
53546719430,2,15421,scored,perfect,407496
53547685546,11,15422,scored,perfect,136237
53550685227,13,15423,scored,perfect,-364805
53556685054,10,15424,scored,perfect,-234092
53565685023,8,15425,scored,perfect,115567
53565685642,3,15426,scored,perfect,-80806
53566684370,14,15427,scored,perfect,10730
53566684832,0,15428,scored,perfect,-142550
53573705441,6,15429,scored,perfect,139466
53577685292,12,15430,scored,perfect,568384
53579684485,1,15432,scored,perfect,-79650
53579684998,7,15431,scored,perfect,-52605
53580691278,5,15433,scored,perfect,153291
53590685186,2,15434,scored,perfect,109989
53590686377,15,15435,scored,perfect,-302737
53593685982,9,15436,scored,perfect,216675
53594691759,11,15437,scored,perfect,-379589
53597686405,4,15438,scored,perfect,-421066
53600688298,10,15439,scored,perfect,-441471
53606693554,3,15440,scored,perfect,-250731
53612685337,8,15441,scored,perfect,136332
53613684244,13,15442,scored,perfect,608426
53613684697,0,15443,scored,perfect,54752
53613685095,6,15444,scored,perfect,-146258
53615683779,14,15445,scored,perfect,-245707
53619684527,7,15446,scored,perfect,-151361
53621684170,1,15447,scored,perfect,85396
53621684737,12,15448,scored,perfect,-157711
53622686129,5,15449,scored,perfect,64630
53630685085,2,15450,scored,perfect,-75287
53631684923,15,15451,scored,perfect,-295864
53645684384,4,15452,scored,perfect,100337
53646684029,11,15453,scored,perfect,-319817
53647685686,3,15454,scored,perfect,-453067
53649684295,10,15455,scored,perfect,-22784
53649684717,9,15456,scored,perfect,-154752
53654704467,8,15457,scored,perfect,269530
53656684117,6,15458,scored,perfect,346029
53661685741,13,15459,scored,perfect,114313
53661686267,14,15460,scored,perfect,-281698
53670684796,0,15461,scored,perfect,-193570
53671683595,2,15462,scored,perfect,-259656
53671684057,15,15463,scored,perfect,-329175
53674683540,7,15464,scored,perfect,-325051
53677684232,5,15465,scored,perfect,582142
53678683638,12,15466,scored,perfect,-280689
53679684030,1,15467,scored,perfect,12310
53686683619,4,15468,scored,perfect,497445
53687683564,11,15469,scored,perfect,-286426
53688684090,3,15470,scored,perfect,185740
53694711299,9,15471,scored,perfect,-113117
53695683510,8,15473,scored,perfect,234713
53695684007,10,15472,scored,perfect,305484
53700704506,6,15474,scored,perfect,545134
53705684786,14,15475,scored,perfect,-8698
53706685041,13,15476,scored,perfect,298576
53711684894,15,15477,scored,perfect,-590482
53722686162,12,15478,scored,perfect,-390103
53723683597,7,15479,scored,perfect,-267449
53725684268,1,15480,scored,perfect,34686
53726686667,5,15481,scored,perfect,-26513
53727684045,2,15482,scored,perfect,307001
53728697081,11,15483,scored,perfect,-122142
53730689436,3,15484,scored,perfect,-142482
53730690234,4,15485,scored,perfect,-462090
53735990067,10,15486,scored,perfect,242582
53738684587,9,15487,scored,perfect,385453
53739685227,8,15488,scored,perfect,-162934
53740684515,6,15489,scored,perfect,196510
53741683561,0,15490,scored,perfect,566757
53749683576,13,15491,scored,perfect,431436
53750685243,14,15492,scored,perfect,-138815
53753684067,15,15493,scored,perfect,-575929
53770684183,11,15494,scored,perfect,-234907
53772685613,1,15495,scored,perfect,-394919
53776685543,4,15496,scored,perfect,-26425
53777684680,2,15497,scored,perfect,595322
53780685489,7,15498,scored,perfect,-333021
53781683802,0,15499,scored,perfect,465153
53782683516,3,15500,scored,perfect,98983
53783683593,8,15501,scored,perfect,-191264
53788684624,12,15502,scored,perfect,-60546
53789684949,13,15503,scored,perfect,-529482
53791683267,10,15504,scored,perfect,562509
53794683608,15,15505,scored,perfect,149664
53796717050,9,15506,scored,perfect,306666
53797685838,6,15507,scored,perfect,-54808
53801683742,5,15508,scored,perfect,-96117
53805684341,14,15509,scored,perfect,337574
53812684105,11,15510,scored,perfect,285787
53815684020,1,15511,scored,perfect,-70058
53817684015,4,15512,scored,perfect,-70692
53820683843,2,15513,scored,perfect,78600
53831685744,8,15514,scored,perfect,-534470
53833684437,12,15515,scored,perfect,520164
53834684428,13,15516,scored,perfect,-5034
53839693015,6,15517,scored,perfect,-110570
53841684174,15,15518,scored,perfect,-245997
53842684549,0,15519,scored,perfect,209218
53842684960,5,15520,scored,perfect,-521023
53843683775,10,15521,scored,perfect,-207763
53846712634,3,15522,scored,perfect,243747
53850684116,7,15523,scored,perfect,506335
53855684224,9,15524,scored,perfect,386506
53856685003,11,15525,scored,perfect,-303097
53860684582,4,15526,scored,perfect,-150547
53861683592,2,15527,scored,perfect,-209248
53862683799,1,15528,scored,perfect,-43246
53864683952,14,15529,scored,perfect,-222747
53872685854,8,15530,scored,perfect,-567259
53874703937,12,15531,scored,perfect,430589
53877684094,13,15532,scored,perfect,96573
53883683777,10,15533,scored,perfect,-264073
53884685023,6,15534,scored,perfect,274677
53886684929,0,15535,scored,perfect,-282292
53887685190,3,15536,scored,perfect,207633
53888684246,15,15537,scored,perfect,313936
53889684495,5,15538,scored,perfect,171034
53893685505,7,15539,scored,perfect,195874
53895688612,9,15540,scored,perfect,-201305
53897699692,11,15541,scored,perfect,-188475
53901696212,2,15543,scored,perfect,-345826
53901696988,4,15542,scored,perfect,-211115
53903684192,1,15544,scored,perfect,-220863
53905696747,14,15545,scored,perfect,26465
53914686452,8,15546,scored,perfect,505202
53919684199,13,15547,scored,perfect,300941
53921684013,12,15548,scored,perfect,-41402
53924697198,10,15549,scored,perfect,328047
53927684373,0,15550,scored,perfect,-73063
53928689279,6,15551,scored,perfect,297676
53931685212,5,15552,scored,perfect,-131055
53931685763,15,15553,scored,perfect,-533999
53932703970,3,15554,scored,perfect,-29265
53933683946,7,15555,scored,perfect,-274349
53936683608,9,15556,scored,perfect,-220628
53942710028,4,15557,scored,perfect,163637
53946725293,2,15559,scored,perfect,389700
53946725764,14,15558,scored,perfect,484707
53946726150,1,15560,scored,perfect,306594
53948683648,11,15561,scored,perfect,-54117
53959685376,8,15562,scored,perfect,-56479
53964683938,12,15563,scored,perfect,507185
53966683845,10,15564,scored,perfect,435896
53966684422,13,15565,scored,perfect,-114281
53969719142,0,15566,scored,perfect,500758
53972685986,6,15567,scored,perfect,-240449
53975704387,7,15568,scored,perfect,-139967
53976685049,15,15569,scored,perfect,40876
53981685040,9,15570,scored,perfect,-620183
53982706618,3,15571,scored,perfect,327871
53984685413,5,15572,scored,perfect,336108
53989684249,11,15573,scored,perfect,476601
53996705633,2,15574,scored,perfect,534814
53998683677,1,15575,scored,perfect,-324593
54000684474,14,15576,scored,perfect,435061
54010683786,10,15577,scored,perfect,291633
54012684833,4,15578,scored,perfect,284206
54014684117,6,15579,scored,perfect,343663
54021683976,8,15580,scored,perfect,382648
54035684444,15,15581,scored,perfect,469344
54035685058,0,15582,scored,perfect,-51473
54037684019,12,15583,scored,perfect,-278707
54041684758,3,15585,scored,perfect,480360
54041685541,13,15584,scored,perfect,545458
54041686030,9,15586,scored,perfect,-128755
54042709298,2,15587,scored,perfect,311470
54045683939,14,15588,scored,perfect,372939
54045684852,7,15589,scored,perfect,-215043
54051684257,11,15590,scored,perfect,-194425
54054683659,4,15591,scored,perfect,-159423
54055684439,5,15592,scored,perfect,118225
54058684021,6,15593,scored,perfect,75494
54060684461,1,15594,scored,perfect,-214705
54061684414,8,15595,scored,perfect,-395992
54063683755,10,15596,scored,perfect,627414
54076684413,0,15597,scored,perfect,-386595
54079683813,15,15598,scored,perfect,-282040
54083705232,13,15599,scored,perfect,308689
54083707957,9,15600,scored,perfect,-44103
54084685189,3,15601,scored,perfect,-67176
54092683622,12,15602,scored,perfect,-217696
54094684641,14,15603,scored,perfect,148300
54096724193,7,15604,scored,perfect,646923
54097684751,2,15605,scored,perfect,543860
54106685972,8,15606,scored,perfect,-431367
54116683967,4,15607,scored,perfect,-244995
54123684108,0,15608,scored,perfect,11532
54124683825,11,15609,scored,perfect,-403402
54125704851,9,15610,scored,perfect,8045
54131684107,10,15611,scored,perfect,-175762
54136684001,13,15612,scored,perfect,129757
54146705925,14,15613,scored,perfect,550505
54146724248,3,15614,scored,perfect,78895
54149704122,2,15615,scored,perfect,398980
54154683670,5,15616,scored,perfect,335195
54154684231,15,15617,scored,perfect,249149
54154684637,1,15618,scored,perfect,-194126
54156684909,12,15619,scored,perfect,78356
54167685703,9,15620,scored,perfect,-228973
54168684579,7,15621,scored,perfect,-394266
54169683448,0,15622,scored,perfect,-528167
54170683542,4,15624,scored,perfect,227952
54170684140,6,15623,scored,perfect,388647
54171683850,8,15625,scored,perfect,-167783
54174685227,10,15626,scored,perfect,-407241
54175702342,11,15627,scored,perfect,464973
54177683810,13,15628,scored,perfect,571417
54189684125,14,15629,scored,perfect,-266364
54197686097,1,15630,scored,perfect,-267466
54198684670,15,15631,scored,perfect,80901
54198685836,3,15632,scored,perfect,-36211
54199703914,2,15633,scored,perfect,319922
54201687046,5,15634,scored,perfect,-51459
54202683717,12,15635,scored,perfect,486165
54208684872,7,15636,scored,perfect,-526990
54211683991,4,15637,scored,perfect,4531
54213683791,6,15638,scored,perfect,-485085
54215683885,11,15639,scored,perfect,-223461
54216683945,8,15640,scored,perfect,13354
54216684412,0,15642,scored,perfect,-281648
54216684739,9,15641,scored,perfect,-149048
54217687505,13,15643,scored,perfect,-26860
54226683804,10,15644,scored,perfect,95113
54231686065,14,15645,scored,perfect,-342533
54238683788,1,15646,scored,perfect,-384143
54240683910,2,15647,scored,perfect,-341984
54242684396,12,15648,scored,perfect,177924
54245683995,5,15649,scored,perfect,249362
54247684465,15,15650,scored,perfect,537224
54247686216,3,15651,scored,perfect,-272039
54249683711,7,15652,scored,perfect,-267364
54254683630,6,15653,scored,perfect,-310517
54257684530,0,15654,scored,perfect,170114
54260684426,8,15655,scored,perfect,187148
54262683985,9,15656,scored,perfect,114570
54267685470,11,15657,scored,perfect,12515
54267686026,13,15658,scored,perfect,-81672
54267686671,4,15659,scored,perfect,-398189
54270683851,10,15660,scored,perfect,-45461
54275684532,14,15661,scored,perfect,455551
54279704494,1,15662,scored,perfect,165276
54283684065,12,15663,scored,perfect,-510171
54284685519,2,15664,scored,perfect,-272000
54287683676,5,15665,scored,perfect,297811
54288683706,3,15666,scored,perfect,-415386
54291684654,15,15667,scored,perfect,122052
54292683944,7,15668,scored,perfect,-201263
54303683916,8,15669,scored,perfect,177683
54305683963,0,15670,scored,perfect,367255
54306684834,9,15671,scored,perfect,-639448
54311684231,13,15672,scored,perfect,-141846
54316684292,6,15673,scored,perfect,171893
54316684770,10,15674,scored,perfect,-125709
54321684340,11,15675,scored,perfect,446151
54324684250,14,15676,scored,perfect,-125018
54328684683,1,15677,scored,perfect,319881
54335684632,2,15678,scored,perfect,114598
54335685296,4,15679,scored,perfect,-288532
54339685313,3,15680,scored,perfect,-43376
54340684167,5,15682,scored,perfect,119559
54340684786,15,15681,scored,perfect,334007
54340685156,7,15683,scored,perfect,-173992
54342684239,12,15684,scored,perfect,-214043
54344713505,8,15685,scored,perfect,-115742
54348683871,9,15686,scored,perfect,-124620
54353685474,0,15687,scored,perfect,-467342
54355684805,13,15688,scored,perfect,269819
54359685585,6,15689,scored,perfect,169068
54360683887,10,15690,scored,perfect,75828
54361705006,11,15691,scored,perfect,83901
54366684486,14,15692,scored,perfect,332
54368686699,1,15693,scored,perfect,157512
54376684728,2,15695,scored,perfect,-202785
54376685485,4,15694,scored,perfect,1967
54380684347,5,15696,scored,perfect,4102
54383684811,15,15697,scored,perfect,515393
54391685008,8,15698,scored,perfect,-184313
54398684390,0,15699,scored,perfect,12144
54400685324,3,15700,scored,perfect,-567980
54401683761,7,15701,scored,perfect,290916
54402684636,11,15702,scored,perfect,-404762
54411684976,1,15703,scored,perfect,42581
54411685847,10,15704,scored,perfect,-357331
54416684260,2,15705,scored,perfect,-331879
54417685439,9,15706,scored,perfect,-211998
54417685921,4,15707,scored,perfect,-504423
54421683919,13,15708,scored,perfect,-271701
54422685234,14,15709,scored,perfect,-404955
54425684267,5,15711,scored,perfect,156625
54425684700,6,15710,scored,perfect,338074
54426684855,12,15712,scored,perfect,42704
54431685440,8,15714,scored,perfect,-542223
54431686104,15,15713,scored,perfect,-389235
54438683753,0,15715,scored,perfect,-267415
54446684133,3,15716,scored,perfect,688139
54447685686,11,15717,scored,perfect,-370584
54450696244,7,15718,scored,perfect,392561
54455684414,1,15719,scored,perfect,72625
54457683528,10,15720,scored,perfect,320120
54461684321,4,15721,scored,perfect,459074
54462684436,2,15722,scored,perfect,215505
54463684206,14,15723,scored,perfect,21303
54464684442,13,15724,scored,perfect,510069
54467705900,5,15725,scored,perfect,185732
54471684469,9,15726,scored,perfect,617101
54475685138,15,15727,scored,perfect,-458216
54481685406,8,15728,scored,perfect,-273834
54484684769,0,15729,scored,perfect,-14484
54484685489,12,15730,scored,perfect,-117394
54485683987,6,15731,scored,perfect,-115759
54489684620,11,15732,scored,perfect,350798
54493684138,7,15733,scored,perfect,167581
54496685248,3,15734,scored,perfect,344761
54497684428,1,15735,scored,perfect,393722
54498685300,10,15736,scored,perfect,21336
54501683803,4,15737,scored,perfect,-301482
54506684037,13,15738,scored,perfect,201174
54508707969,14,15739,scored,perfect,5971
54513683909,2,15740,scored,perfect,253397
54516684456,5,15742,scored,perfect,66676
54516685079,9,15741,scored,perfect,129142
54524683833,8,15743,scored,perfect,156244
54524684473,15,15744,scored,perfect,131216
54525683996,0,15745,scored,perfect,407661
54525684591,12,15746,scored,perfect,-210305
54526683965,6,15747,scored,perfect,363167
54529683984,11,15748,scored,perfect,189894
54538683654,3,15749,scored,perfect,295256
54540685016,10,15750,scored,perfect,130477
54541683799,7,15751,scored,perfect,598344
54541684822,1,15752,scored,perfect,365708
54542684597,4,15753,scored,perfect,355824
54555685376,13,15754,scored,perfect,286769
54555686179,2,15755,scored,perfect,173185
54555686658,14,15756,scored,perfect,19937
54560683796,5,15757,scored,perfect,577696
54563684040,9,15758,scored,perfect,616068
54565684860,12,15759,scored,perfect,-324010
54567683771,0,15760,scored,perfect,139206
54570684812,15,15761,scored,perfect,109179
54571685765,11,15762,scored,perfect,-52411
54571686453,6,15763,scored,perfect,-245767
54572684961,8,15764,scored,perfect,257138
54578683843,3,15765,scored,perfect,-143659
54580684472,10,15766,scored,perfect,-27998
54581683992,7,15767,scored,perfect,128202
54585683994,1,15768,scored,perfect,273376
54589684542,4,15769,scored,perfect,441297
54597685850,13,15771,scored,perfect,-418205
54597686320,14,15770,scored,perfect,-333769
54599683722,2,15772,scored,perfect,444172
54600683759,5,15773,scored,perfect,-6709
54604684290,9,15774,scored,perfect,-50980
54612689173,6,15775,scored,perfect,77908
54613684034,8,15776,scored,perfect,-467472
54614683837,15,15777,scored,perfect,-200796
54615685570,0,15778,scored,perfect,361713
54616684625,11,15780,scored,perfect,251045
54616685032,12,15779,scored,perfect,446885
54621683750,3,15781,scored,perfect,-113268
54623684258,7,15783,scored,perfect,359179
54623684714,10,15782,scored,perfect,364391
54626683756,1,15784,scored,perfect,-372679
54631685438,4,15785,scored,perfect,-620662
54638683842,13,15786,scored,perfect,27259
54650683786,9,15787,scored,perfect,413994
54654683915,2,15788,scored,perfect,94108
54657683757,0,15789,scored,perfect,-299125
54661684827,3,15790,scored,perfect,-198711
54662683997,11,15791,scored,perfect,350857
54662684986,12,15792,scored,perfect,105155
54664684701,8,15793,scored,perfect,140114
54666683529,15,15794,scored,perfect,248631
54669683575,7,15795,scored,perfect,-52553
54670686308,1,15796,scored,perfect,-615797
54672685888,14,15797,scored,perfect,-441019
54673683778,5,15798,scored,perfect,-11213
54674683885,4,15799,scored,perfect,-448406
54675684076,6,15800,scored,perfect,-208949
54676683771,10,15801,scored,perfect,-180775
54678684696,13,15802,scored,perfect,-538925
54692704834,9,15803,scored,perfect,-44642
54695684056,2,15804,scored,perfect,-294159
54701683920,0,15805,scored,perfect,388237
54703684276,3,15806,scored,perfect,57611
54705684719,11,15807,scored,perfect,37847
54706683581,12,15808,scored,perfect,163541
54708684400,8,15809,scored,perfect,519701
54722686124,14,15810,scored,perfect,-550862
54724684447,1,15811,scored,perfect,83110
54726684169,4,15812,scored,perfect,-127856
54727684361,7,15813,scored,perfect,-478581
54731684015,15,15814,scored,perfect,342323
54735684620,6,15816,scored,perfect,587397
54735685450,13,15815,scored,perfect,634881
54735685803,10,15817,scored,perfect,-209705
54739684476,5,15818,scored,perfect,27943
54744684406,9,15819,scored,perfect,-318394
54749683850,2,15820,scored,perfect,354417
54749684848,3,15821,scored,perfect,182336
54749685201,11,15822,scored,perfect,-47577
54750683600,12,15823,scored,perfect,322404
54752683979,0,15824,scored,perfect,-158719
54752684384,8,15825,scored,perfect,-274373
54763683822,14,15826,scored,perfect,362713
54767685117,7,15827,scored,perfect,-645314
54768683998,1,15828,scored,perfect,-164851
54773684315,4,15829,scored,perfect,-164983
54773685086,15,15830,scored,perfect,-255232
54775707238,13,15831,scored,perfect,13734
54776683958,10,15832,scored,perfect,78267
54781685816,6,15833,scored,perfect,-639832
54784686448,5,15834,scored,perfect,149807
54792683825,2,15835,scored,perfect,372687
54795683687,8,15836,scored,perfect,-214385
54800685607,12,15837,scored,perfect,-307209
54801683899,9,15838,scored,perfect,169421
54812723150,3,15839,scored,perfect,438126
54813683811,1,15840,scored,perfect,-262488
54822684765,13,15841,scored,perfect,385142
54822687488,10,15842,scored,perfect,-551214
54824684823,4,15843,scored,perfect,58501
54824685391,7,15844,scored,perfect,-114812
54825683685,14,15845,scored,perfect,150802
54832683889,15,15846,scored,perfect,327322
54834685813,2,15847,scored,perfect,-151479
54839684113,11,15848,scored,perfect,-234319
54844684510,0,15849,scored,perfect,453394
54844684964,6,15850,scored,perfect,-343949
54846685430,5,15851,scored,perfect,301018
54847684507,9,15852,scored,perfect,427579
54848684029,12,15853,scored,perfect,238821
54851683808,8,15854,scored,perfect,215722
54853704037,3,15855,scored,perfect,193856
54854684734,1,15856,scored,perfect,-1487
54864684981,10,15857,scored,perfect,250778
54866683576,14,15858,scored,perfect,-322813
54867704138,4,15859,scored,perfect,179091
54869684205,7,15860,scored,perfect,-509083
54870684861,13,15861,scored,perfect,-483465
54874684096,15,15862,scored,perfect,-132084
54874684593,2,15863,scored,perfect,-315557
54882710759,11,15864,scored,perfect,233533
54886683777,0,15865,scored,perfect,130928
54888683691,6,15866,scored,perfect,415412
54889684958,9,15867,scored,perfect,-562426
54890684108,5,15868,scored,perfect,137292
54890684564,12,15869,scored,perfect,-176667
54891684504,8,15870,scored,perfect,208825
54897686375,1,15871,scored,perfect,-383345
54905684385,3,15872,scored,perfect,-139455
54906684257,10,15873,scored,perfect,251178
54911684516,4,15874,scored,perfect,-95999
54916684044,2,15875,scored,perfect,-492688
54919684002,13,15876,scored,perfect,271626
54919684647,14,15877,scored,perfect,-350167
54927685855,15,15878,scored,perfect,-87223
54930684926,7,15879,scored,perfect,-140634
54930685516,0,15880,scored,perfect,-341390
54933684087,8,15881,scored,perfect,93782
54943684749,12,15882,scored,perfect,225967
54944685047,5,15883,scored,perfect,-109217
54946683956,3,15884,scored,perfect,520359
54951684282,1,15885,scored,perfect,-137936
54951684924,10,15886,scored,perfect,-341851
54956684922,6,15887,scored,perfect,263839
54956685478,4,15888,scored,perfect,-406419
54963683818,11,15889,scored,perfect,445051
54964685910,2,15890,scored,perfect,-437343
54969684168,15,15891,scored,perfect,-35798
54974683979,9,15892,scored,perfect,-173514
54976684543,14,15893,scored,perfect,-304520
54980684699,0,15894,scored,perfect,-372693
54988683701,7,15895,scored,perfect,459621
54992704330,13,15896,scored,perfect,287788
54994683682,1,15897,scored,perfect,-473682
54998683971,10,15898,scored,perfect,-43660
55002683638,12,15899,scored,perfect,-379710
55003705268,8,15900,scored,perfect,-112951
55006684964,4,15901,scored,perfect,-128819
55006685447,3,15902,scored,perfect,-537478
55014684346,5,15903,scored,perfect,-265292
55017685534,9,15904,scored,perfect,-454071
55018683883,14,15905,scored,perfect,-259725
55025684952,2,15906,scored,perfect,124667
55025685453,11,15907,scored,perfect,-394336
55029686105,15,15908,scored,perfect,166865
55030683874,7,15909,scored,perfect,324682
55030684380,0,15910,scored,perfect,-453710
55033717841,13,15911,scored,perfect,304662
55035685706,1,15912,scored,perfect,427231
55037684162,6,15913,scored,perfect,270154
55039685304,10,15914,scored,perfect,-511878
55046684344,12,15915,scored,perfect,204176
55049704755,8,15916,scored,perfect,479101
55057684690,4,15917,scored,perfect,250424
55057686090,3,15918,scored,perfect,-163465
55060684360,14,15919,scored,perfect,107169
55061683814,9,15920,scored,perfect,475418
55070684420,2,15922,scored,perfect,-177657
55070684995,5,15921,scored,perfect,-161226
55077684286,15,15923,scored,perfect,-16499
55078683830,6,15924,scored,perfect,-167410
55080684212,7,15925,scored,perfect,-44868
55083684260,10,15926,scored,perfect,-147648
55091683745,1,15927,scored,perfect,-458748
55092683876,11,15928,scored,perfect,260982
55092684344,12,15929,scored,perfect,-174700
55094683991,8,15930,scored,perfect,-118377
55098684580,3,15931,scored,perfect,-98303
55099711782,4,15932,scored,perfect,420100
55100684765,13,15933,scored,perfect,477505
55100685200,0,15934,scored,perfect,-567303
55108705945,9,15935,scored,perfect,187515
55108708346,14,15936,scored,perfect,176309
55111684750,2,15937,scored,perfect,81677
55113683780,5,15938,scored,perfect,-10678
55121684040,6,15939,scored,perfect,225642
55121684786,15,15940,scored,perfect,-121176
55125720711,10,15941,scored,perfect,341681
55127684092,7,15942,scored,perfect,-88000
55133706562,1,15943,scored,perfect,-33131
55137684593,12,15944,scored,perfect,-235894
55138684294,11,15945,scored,perfect,94773
55140683847,3,15946,scored,perfect,-234140
55142684121,13,15947,scored,perfect,80420
55143684465,8,15948,scored,perfect,-322837
55152683849,14,15949,scored,perfect,-433444
55155684604,2,15950,scored,perfect,550289
55156684017,9,15951,scored,perfect,23534
55158683944,5,15952,scored,perfect,-151363
55164685246,6,15953,scored,perfect,-521560
55165684116,4,15954,scored,perfect,75871
55175684215,15,15955,scored,perfect,458902
55177683851,7,15956,scored,perfect,375466
55177684319,10,15957,scored,perfect,-204848
55178683571,12,15958,scored,perfect,-221937
55179684107,0,15959,scored,perfect,-320079
55181683884,3,15960,scored,perfect,-133123
55181684368,11,15961,scored,perfect,-177133
55184684906,8,15962,scored,perfect,-115060
55186684738,13,15963,scored,perfect,-381408
55192686025,1,15964,scored,perfect,-245949
55193683967,14,15965,scored,perfect,53510
55195684286,2,15966,scored,perfect,148911
55201684099,5,15967,scored,perfect,348581
55209684167,9,15968,scored,perfect,20911
55210685631,4,15969,scored,perfect,-298177
55212683825,6,15970,scored,perfect,-31545
55215684209,15,15971,scored,perfect,27981
55219684148,12,15972,scored,perfect,410927
55224684133,11,15973,scored,perfect,41995
55224684705,3,15974,scored,perfect,-425130
55228702487,13,15975,scored,perfect,-151331
55230684099,8,15976,scored,perfect,-289316
55232685812,0,15977,scored,perfect,-203711
55233683618,7,15978,scored,perfect,385722
55235684145,10,15979,scored,perfect,252771
55235684622,1,15980,scored,perfect,-90904
55240686018,2,15981,scored,perfect,149375
55241683858,5,15982,scored,perfect,334428
55244684879,14,15983,scored,perfect,587195
55250704252,9,15984,scored,perfect,222121
55257689515,15,15985,scored,perfect,-71330
55258683918,6,15986,scored,perfect,377202
55264685266,4,15987,scored,perfect,300508
55264685864,3,15989,scored,perfect,-489802
55264686211,11,15988,scored,perfect,-358256
55267683983,12,15990,scored,perfect,384442
55271705155,13,15991,scored,perfect,105676
55272684892,0,15992,scored,perfect,-451304
55278685061,8,15993,scored,perfect,-555682
55279683527,7,15994,scored,perfect,-312920
55280683947,10,15995,scored,perfect,178753
55286683995,1,15996,scored,perfect,196613
55286684444,14,15997,scored,perfect,-46469
55287684078,5,15998,scored,perfect,134812
55287684603,2,15999,scored,perfect,-31006
55291683700,9,16000,scored,perfect,151537
55301685270,6,16001,scored,perfect,157557
55302684243,15,16002,scored,perfect,584233
55304683507,4,16003,scored,perfect,263127
55305683702,11,16004,scored,perfect,-281773
55307684360,12,16005,scored,perfect,-425143
55312683964,13,16006,scored,perfect,-208290
55315685845,0,16007,scored,perfect,361762
55316684148,3,16008,scored,perfect,454364
55325683670,8,16009,scored,perfect,407225
55328683813,5,16010,scored,perfect,-122054
55332685945,10,16011,scored,perfect,30245
55333683752,7,16012,scored,perfect,257851
55338684544,9,16013,scored,perfect,-272203
55339685500,1,16014,scored,perfect,258681
55340684176,2,16015,scored,perfect,-208805
55343684774,15,16016,scored,perfect,77493
55344684277,6,16017,scored,perfect,-19717
55344684776,4,16018,scored,perfect,-332977
55350720139,11,16019,scored,perfect,74350
55354683906,14,16020,scored,perfect,177125
55364684429,0,16021,scored,perfect,296844
55365684954,12,16022,scored,perfect,-162122
55369684832,13,16023,scored,perfect,62897
55372685509,3,16024,scored,perfect,-738
55373684231,8,16025,scored,perfect,46068
55373684683,10,16026,scored,perfect,39671
55379684244,1,16027,scored,perfect,178673
55380684562,9,16028,scored,perfect,-220362
55384752678,2,16029,scored,perfect,-111441
55386684486,4,16030,scored,perfect,-249582
55389684482,5,16031,scored,perfect,447137
55389685116,6,16032,scored,perfect,-232762
55389685591,15,16033,scored,perfect,-282544
55392685409,7,16034,scored,perfect,-390197
55396684300,14,16035,scored,perfect,420774
55397686320,11,16036,scored,perfect,24955
55412684445,0,16037,scored,perfect,123921
55418684409,12,16038,scored,perfect,113483
55421686519,3,16039,scored,perfect,333394
55422684806,8,16040,scored,perfect,338145
55423684318,1,16041,scored,perfect,326895
55423684754,9,16042,scored,perfect,-14732
55423685236,13,16043,scored,perfect,-60129
55424683691,10,16044,scored,perfect,-62213
55427684582,2,16045,scored,perfect,-501712
55428683784,4,16046,scored,perfect,238059
55431685408,15,16047,scored,perfect,-13972
55435684342,5,16048,scored,perfect,575101
55436683829,14,16049,scored,perfect,-189301
55458684992,11,16050,scored,perfect,58640
55461684052,0,16052,scored,perfect,344351
55461684767,7,16051,scored,perfect,373574
55464685498,10,16053,scored,perfect,-440191
55471684108,3,16054,scored,perfect,-202193
55474683999,6,16055,scored,perfect,-248690
55478684884,5,16056,scored,perfect,326860
55482684410,2,16057,scored,perfect,-294789
55489684274,14,16058,scored,perfect,175168
55491683854,8,16059,scored,perfect,187733
55492683837,13,16060,scored,perfect,-170611
55496723835,15,16061,scored,perfect,378350
55506686776,11,16062,scored,perfect,37621
55506687489,1,16063,scored,perfect,-621542
55507684341,9,16064,scored,perfect,-73449
55510683667,0,16066,scored,perfect,16035
55510684292,7,16065,scored,perfect,246135
55518685139,3,16067,scored,perfect,238025
55520684688,5,16068,scored,perfect,-15501
55521684085,10,16069,scored,perfect,330388
55522685442,4,16070,scored,perfect,430578
55525684656,12,16071,scored,perfect,-421965
55526685610,6,16072,scored,perfect,328655
55527683525,2,16073,scored,perfect,519799
55529701591,14,16074,scored,perfect,36762
55531687213,8,16075,scored,perfect,-492666
55533683672,13,16076,scored,perfect,-503230
55536684685,15,16077,scored,perfect,-376904
55547685565,11,16078,scored,perfect,378333
55547687408,1,16079,scored,perfect,-190075
55549683874,9,16080,scored,perfect,245691
55551685151,0,16081,scored,perfect,-40210
55556684373,7,16082,scored,perfect,383688
55559686001,3,16083,scored,perfect,-258638
55564684563,10,16084,scored,perfect,-41153
55565683716,4,16085,scored,perfect,358853
55568685226,6,16086,scored,perfect,68211
55569683453,2,16087,scored,perfect,-407264
55572685849,5,16088,scored,perfect,-97909
55573683730,14,16089,scored,perfect,14309
55573684266,12,16090,scored,perfect,-347095
55574683902,8,16091,scored,perfect,-437107
55580684921,15,16092,scored,perfect,77858
55580685493,13,16093,scored,perfect,-516291
55591683996,1,16094,scored,perfect,354335
55591684703,9,16095,scored,perfect,-31044
55591685132,11,16096,scored,perfect,-203229
55592704696,0,16097,scored,perfect,66996
55597685468,7,16098,scored,perfect,-28221
55600684795,3,16099,scored,perfect,-628220
55608683732,10,16100,scored,perfect,249312
55611684226,6,16101,scored,perfect,-83707
55612684107,2,16102,scored,perfect,110666
55612685264,4,16103,scored,perfect,68523
55619685268,14,16104,scored,perfect,521869
55622687262,5,16105,scored,perfect,-279033
55623684875,12,16106,scored,perfect,-371844
55624683975,15,16107,scored,perfect,-319823
55630684551,13,16108,scored,perfect,-366222
55631684284,9,16109,scored,perfect,-95241
55633722448,0,16110,scored,perfect,519900
55633723040,1,16111,scored,perfect,285882
55633723419,11,16112,scored,perfect,100987
55638683631,8,16113,scored,perfect,507345
55641683800,7,16114,scored,perfect,502677
55646684048,3,16115,scored,perfect,-378962
55649684026,10,16116,scored,perfect,263278
55652683804,2,16117,scored,perfect,-144005
55654684993,4,16118,scored,perfect,31509
55654685467,6,16119,scored,perfect,-429025
55659685688,14,16120,scored,perfect,381443
55664684514,12,16121,scored,perfect,432908
55670684329,5,16122,scored,perfect,-281867
55675721209,1,16123,scored,perfect,295009
55678705710,9,16124,scored,perfect,452467
55680684305,8,16125,scored,perfect,-143241
55680684930,0,16127,scored,perfect,-442552
55680685913,11,16126,scored,perfect,-323535
55682684206,7,16128,scored,perfect,-118086
55686684511,13,16129,scored,perfect,35420
55687722173,3,16130,scored,perfect,317638
55692684690,10,16131,scored,perfect,-646449
55694684719,15,16132,scored,perfect,-311890
55701685694,14,16133,scored,perfect,-39038
55702683771,6,16134,scored,perfect,383789
55705684022,4,16135,scored,perfect,338430
55708683842,2,16136,scored,perfect,364278
55708684349,12,16137,scored,perfect,-359223
55713684280,5,16138,scored,perfect,134839
55715683896,1,16139,scored,perfect,-94212
55721683982,0,16140,scored,perfect,-402589
55724687416,8,16141,scored,perfect,578298
55725683646,7,16142,scored,perfect,286540
55726684334,9,16143,scored,perfect,-218176
55727683473,11,16144,scored,perfect,-56516
55728696369,13,16145,scored,perfect,471063
55728696887,3,16146,scored,perfect,38867
55733721870,10,16147,scored,perfect,308408
55738683888,15,16148,scored,perfect,504367
55745684127,14,16149,scored,perfect,67080
55745685321,4,16151,scored,perfect,-127689
55745685724,6,16150,scored,perfect,-113832
55750684267,2,16152,scored,perfect,126145
55751684433,12,16153,scored,perfect,-50470
55755684492,5,16154,scored,perfect,174723
55762684830,1,16155,scored,perfect,227130
55763683668,0,16156,scored,perfect,457219
55764683717,8,16157,scored,perfect,74318
55765683760,7,16158,scored,perfect,-119643
55768686902,13,16159,scored,perfect,106287
55769683684,3,16160,scored,perfect,267691
55770684256,9,16161,scored,perfect,317480
55772685343,11,16162,scored,perfect,-525189
55777684459,10,16163,scored,perfect,-367830
55779683785,15,16164,scored,perfect,-331662
55787684101,14,16165,scored,perfect,-197994
55788684134,4,16166,scored,perfect,233200
55788684709,6,16167,scored,perfect,-450741
55792683969,12,16168,scored,perfect,436082
55794686490,2,16169,scored,perfect,496404
55796683858,5,16170,scored,perfect,-423717
55802684505,1,16171,scored,perfect,-234132
55803685164,0,16172,scored,perfect,41757
55805684486,7,16174,scored,perfect,-369037
55805685120,8,16173,scored,perfect,-314237
55812722307,9,16175,scored,perfect,293105
55821684012,15,16176,scored,perfect,393797
55823685592,11,16177,scored,perfect,159049
55824683531,3,16178,scored,perfect,333819
55825683544,10,16179,scored,perfect,61943
55828685023,13,16180,scored,perfect,-466667
55830685038,6,16181,scored,perfect,264698
55830685764,4,16182,scored,perfect,-149395
55834684078,2,16183,scored,perfect,415460
55834684849,12,16184,scored,perfect,285663
55835684217,14,16185,scored,perfect,105223
55842684300,5,16186,scored,perfect,-361
55844684814,1,16187,scored,perfect,582822
55845683664,0,16188,scored,perfect,345177
55850718084,8,16189,scored,perfect,-15260
55853685690,7,16190,scored,perfect,43007
55853686240,9,16191,scored,perfect,-526361
55861683678,15,16192,scored,perfect,316420
55867684494,3,16193,scored,perfect,56739
55868683808,10,16194,scored,perfect,235508
55869683880,13,16195,scored,perfect,-207581
55871684131,6,16196,scored,perfect,17845
55875684947,4,16197,scored,perfect,-301214
55877683816,2,16198,scored,perfect,368480
55883684006,14,16199,scored,perfect,463354
55893684598,8,16200,scored,perfect,-344515
55895684150,0,16201,scored,perfect,405087
55895684655,7,16202,scored,perfect,-121956
55895685020,11,16203,scored,perfect,-245766
55899684509,12,16204,scored,perfect,-293758
55900684983,1,16205,scored,perfect,-373213
55900685485,9,16206,scored,perfect,-570078
55904683797,5,16207,scored,perfect,-149057
55910683881,3,16208,scored,perfect,81676
55912709778,13,16209,scored,perfect,186338
55915686401,6,16210,scored,perfect,295582
55916722445,15,16211,scored,perfect,327907
55917684419,4,16212,scored,perfect,420158
55917685305,2,16213,scored,perfect,24613
55921683944,10,16214,scored,perfect,223782
55926683656,14,16215,scored,perfect,177432
55936683546,7,16216,scored,perfect,274954
55938684090,0,16217,scored,perfect,241680
55940684095,12,16218,scored,perfect,-17838
55942684418,9,16219,scored,perfect,-46513
55944684000,8,16220,scored,perfect,293107
55945684524,11,16221,scored,perfect,171496
55946683627,5,16222,scored,perfect,641097
55946684046,1,16223,scored,perfect,-411290
55950685104,3,16224,scored,perfect,-534907
55952684310,13,16225,scored,perfect,-47788
55957684411,15,16226,scored,perfect,-202788
55962684008,10,16227,scored,perfect,252724
55965684833,6,16228,scored,perfect,-320784
55965685391,4,16229,scored,perfect,-360743
55966684108,2,16230,scored,perfect,-480323
55972684210,14,16231,scored,perfect,383735
55978685166,7,16232,scored,perfect,-451280
55980684406,12,16233,scored,perfect,-396145
55983684575,0,16234,scored,perfect,508301
55983685093,9,16235,scored,perfect,-423033
55986683999,1,16236,scored,perfect,-499898
55987703880,11,16237,scored,perfect,266331
55987706764,5,16238,scored,perfect,29164
55994683896,8,16239,scored,perfect,-165007
55997685405,3,16240,scored,perfect,-217355
56004683511,15,16241,scored,perfect,-156283
56006686942,13,16242,scored,perfect,215578
56009684076,6,16243,scored,perfect,-32942
56011683923,2,16244,scored,perfect,127673
56012683005,14,16245,scored,perfect,-38688
56015684029,10,16246,scored,perfect,-66177
56017683325,4,16247,scored,perfect,-234366
56019685309,7,16248,scored,perfect,183255
56024683566,0,16249,scored,perfect,-255382
56027684363,9,16250,scored,perfect,-284342
56030685036,1,16251,scored,perfect,-262395
56030685939,11,16252,scored,perfect,-508156
56041683803,12,16253,scored,perfect,-380521
56044683450,8,16254,scored,perfect,-182123
56052683594,3,16255,scored,perfect,14572
56052684223,5,16256,scored,perfect,-109589
56053683660,6,16257,scored,perfect,362207
56053684391,15,16258,scored,perfect,-314151
56054702392,2,16259,scored,perfect,210932
56056684287,14,16260,scored,perfect,-541888
56063683319,4,16261,scored,perfect,197004
56064685095,10,16262,scored,perfect,-5406
56065683866,0,16263,scored,perfect,129044
56068684130,9,16264,scored,perfect,50744
56069683841,7,16266,scored,perfect,58181
56069684399,13,16265,scored,perfect,66359
56073684859,1,16267,scored,perfect,89017
56074683985,11,16268,scored,perfect,402311
56082685065,12,16269,scored,perfect,-331615
56100684693,6,16270,scored,perfect,159425
56101683793,2,16271,scored,perfect,218814
56102683681,15,16272,scored,perfect,-310130
56103684168,8,16273,scored,perfect,-400743
56105683878,5,16274,scored,perfect,-244356
56106683964,3,16275,scored,perfect,270987
56107684559,4,16276,scored,perfect,164376
56107685056,0,16277,scored,perfect,-292007
56107685512,14,16278,scored,perfect,-401200
56110684041,9,16279,scored,perfect,226180
56111684223,7,16280,scored,perfect,249550
56114684199,11,16281,scored,perfect,153772
56115684402,1,16282,scored,perfect,-207239
56120687322,10,16283,scored,perfect,-303770
56120688180,13,16284,scored,perfect,-352026
56126683921,12,16285,scored,perfect,-197883
56141706000,2,16286,scored,perfect,92072
56141725528,6,16287,scored,perfect,42302
56146684105,5,16288,scored,perfect,94202
56152683748,14,16289,scored,perfect,224030
56157684424,7,16290,scored,perfect,235030
56160684139,3,16291,scored,perfect,35092
56165684673,0,16292,scored,perfect,253562
56166683603,13,16293,scored,perfect,-250853
56169683872,1,16294,scored,perfect,-452817
56173684260,8,16295,scored,perfect,-39239
56178701120,9,16296,scored,perfect,-149551
56181685025,11,16297,scored,perfect,213019
56184685042,12,16298,scored,perfect,-68195
56186684325,4,16300,scored,perfect,-407648
56186684932,15,16299,scored,perfect,-263419
56190685474,10,16301,scored,perfect,-49944
56192683936,6,16302,scored,perfect,361138
56196684682,2,16303,scored,perfect,413255
56198685341,5,16304,scored,perfect,-62151
56201684147,7,16305,scored,perfect,223291
56203704392,3,16306,scored,perfect,482345
56207683846,0,16307,scored,perfect,-83864
56211683968,1,16308,scored,perfect,-439213
56219686095,13,16309,scored,perfect,588265
56224684161,9,16310,scored,perfect,-299971
56226687617,11,16311,scored,perfect,-143858
56229684295,14,16312,scored,perfect,-224231
56230685344,8,16313,scored,perfect,119148
56233684318,10,16314,scored,perfect,-53957
56234780472,12,16315,scored,perfect,-82703
56234781575,6,16316,scored,perfect,-516086
56236684845,15,16317,scored,perfect,-255714
56239685437,5,16318,scored,perfect,-454001
56241684064,2,16319,scored,perfect,-381684
56245685939,7,16320,scored,perfect,-123519
56248684392,3,16321,scored,perfect,291407
56249683798,4,16322,scored,perfect,143996
56251684286,0,16323,scored,perfect,-201558
56253685401,1,16324,scored,perfect,-613931
56266684134,11,16325,scored,perfect,-264197
56266684626,13,16326,scored,perfect,-354148
56272686400,9,16327,scored,perfect,-527763
56274683914,10,16328,scored,perfect,371386
56274684384,14,16329,scored,perfect,143382
56276683979,12,16330,scored,perfect,189459
56280684931,8,16331,scored,perfect,324080
56283704718,5,16332,scored,perfect,225710
56285683996,2,16333,scored,perfect,286087
56289687516,7,16334,scored,perfect,36047
56294683887,0,16335,scored,perfect,330144
56294684793,1,16336,scored,perfect,186264
56297686392,3,16337,scored,perfect,-235672
56299685386,4,16338,scored,perfect,520784
56299686098,6,16339,scored,perfect,214737
56303683493,15,16340,scored,perfect,-306062
56308683398,13,16341,scored,perfect,-480833
56311683666,11,16342,scored,perfect,230301
56314684093,9,16343,scored,perfect,-439024
56317713496,14,16344,scored,perfect,352879
56319693854,10,16345,scored,perfect,425971
56322685010,12,16346,scored,perfect,145303
56323683800,8,16347,scored,perfect,266927
56323684350,5,16348,scored,perfect,83284
56328683622,2,16349,scored,perfect,-54335
56335686130,0,16350,scored,perfect,463279
56336684035,7,16351,scored,perfect,508150
56337683630,1,16352,scored,perfect,300509
56342685272,3,16353,scored,perfect,-349933
56344684303,15,16354,scored,perfect,388844
56350683771,13,16355,scored,perfect,-311287
56357683840,4,16356,scored,perfect,-238622
56357684577,6,16357,scored,perfect,-308680
56358683465,9,16358,scored,perfect,-247163
56369686085,12,16359,scored,perfect,-417275
56374683541,5,16360,scored,perfect,129027
56375683873,11,16361,scored,perfect,-129704
56381684818,7,16362,scored,perfect,373691
56381685552,10,16363,scored,perfect,-81095
56384684960,15,16364,scored,perfect,366110
56385684490,8,16365,scored,perfect,339644
56385685371,2,16366,scored,perfect,290369
56387684972,1,16367,scored,perfect,-219897
56388684434,3,16368,scored,perfect,-272479
56389684235,0,16369,scored,perfect,289913
56389684849,14,16370,scored,perfect,-505640
56391706170,13,16371,scored,perfect,73795
56402684984,9,16372,scored,perfect,502368
56404683866,4,16373,scored,perfect,-184697
56405693776,6,16374,scored,perfect,-521488
56411684328,12,16375,scored,perfect,-288097
56417683964,11,16376,scored,perfect,302187
56420683621,5,16377,scored,perfect,161312
56422686904,7,16378,scored,perfect,-385581
56428684111,2,16379,scored,perfect,75102
56430684064,15,16380,scored,perfect,-374085
56434684436,13,16381,scored,perfect,366742
56434685182,3,16382,scored,perfect,-129308
56435683781,1,16383,scored,perfect,-459397
56445684147,4,16384,scored,perfect,-249329
56452683843,6,16385,scored,perfect,136334
56453683705,10,16386,scored,perfect,407632
56458683979,12,16387,scored,perfect,-443731
56464684166,7,16388,scored,perfect,-176048
56464684866,9,16389,scored,perfect,-352118
56464685408,14,16390,scored,perfect,-377072
56466683459,8,16391,scored,perfect,-360406
56467683631,0,16392,scored,perfect,-45296
56471684575,5,16393,scored,perfect,35433
56472684661,11,16394,scored,perfect,204794
56472686476,2,16395,scored,perfect,116582
56475705156,15,16396,scored,perfect,328800
56475724533,3,16397,scored,perfect,-113538
56476683408,13,16398,scored,perfect,80902
56482684271,1,16399,scored,perfect,-116774
56486684386,4,16400,scored,perfect,225000
56493684463,10,16401,scored,perfect,-8883
56495683946,6,16402,scored,perfect,239674
56499702534,12,16403,scored,perfect,1738
56505685855,9,16404,scored,perfect,-129252
56507683739,7,16405,scored,perfect,-144435
56508702250,8,16406,scored,perfect,558562
56517683654,11,16407,scored,perfect,-414834
56520683348,3,16408,scored,perfect,373531
56520683890,15,16409,scored,perfect,236891
56520684477,5,16410,scored,perfect,-11842
56522685346,0,16411,scored,perfect,296345
56524702861,14,16412,scored,perfect,305012
56530684052,1,16413,scored,perfect,527072
56534684663,4,16414,scored,perfect,237476
56536683617,10,16415,scored,perfect,408111
56536684549,6,16416,scored,perfect,-481514
56537683624,13,16417,scored,perfect,287479
56537684144,2,16418,scored,perfect,-295907
56539684172,12,16419,scored,perfect,-329933
56550684095,8,16420,scored,perfect,-582789
56551684124,9,16421,scored,perfect,-112249
56552683763,7,16422,scored,perfect,-446694
56559684890,11,16423,scored,perfect,309307
56560683827,3,16424,scored,perfect,-65704
56562684352,0,16425,scored,perfect,-121681
56566684208,5,16426,scored,perfect,215543
56566684868,14,16427,scored,perfect,-262253
56571704050,15,16428,scored,perfect,510910
56572684548,1,16429,scored,perfect,434031
56578684523,10,16430,scored,perfect,425692
56580683840,2,16431,scored,perfect,424066
56590684334,12,16432,scored,perfect,-285615
56591683208,13,16433,scored,perfect,310757
56591683775,8,16434,scored,perfect,-415193
56605684882,11,16435,scored,perfect,477921
56608702418,4,16436,scored,perfect,-18059
56611683759,9,16437,scored,perfect,-471958
56612684019,0,16438,scored,perfect,52599
56614684650,14,16439,scored,perfect,-235695
56615684281,1,16440,scored,perfect,133620
56617683094,3,16441,scored,perfect,-289099
56624683606,6,16442,scored,perfect,-180364
56625683370,2,16443,scored,perfect,-573277
56626684339,15,16444,scored,perfect,-321704
56628702245,10,16445,scored,perfect,147887
56629683160,5,16446,scored,perfect,200954
56629683653,7,16447,scored,perfect,-418350
56633683719,12,16448,scored,perfect,308841
56634684392,8,16449,scored,perfect,185568
56639684404,13,16450,scored,perfect,406737
56646684221,11,16451,scored,perfect,-128808
56652683953,9,16452,scored,perfect,-185301
56658684556,1,16453,scored,perfect,129057
56659684858,3,16454,scored,perfect,-331134
56660683817,4,16455,scored,perfect,-165763
56661683723,14,16456,scored,perfect,-306034
56665684073,6,16457,scored,perfect,-117136
56666684205,0,16458,scored,perfect,461088
56669683842,10,16459,scored,perfect,-405245
56676684672,5,16460,scored,perfect,-43233
56677684260,7,16461,scored,perfect,-363381
56679683388,13,16463,scored,perfect,-378298
56679683982,15,16462,scored,perfect,-46930
56680683425,12,16464,scored,perfect,464519
56681683830,8,16465,scored,perfect,164059
56683704435,2,16466,scored,perfect,58032
56691683237,11,16467,scored,perfect,-163053
56695684270,9,16468,scored,perfect,63163
56699684052,1,16469,scored,perfect,-249777
56701683492,4,16470,scored,perfect,-49838
56702685074,14,16471,scored,perfect,439268
56705683828,3,16472,scored,perfect,-144480
56706683769,0,16473,scored,perfect,-99422
56710683751,6,16474,scored,perfect,526517
56711684386,10,16475,scored,perfect,108922
56720684354,13,16476,scored,perfect,327345
56722685473,7,16477,scored,perfect,-444606
56725703044,2,16478,scored,perfect,-156501
56730685275,8,16479,scored,perfect,60043
56730685916,5,16480,scored,perfect,-493728
56731684386,12,16481,scored,perfect,428725
56736684063,15,16482,scored,perfect,395260
56736684709,11,16483,scored,perfect,-571412
56737683716,9,16484,scored,perfect,-294988
56742683992,4,16485,scored,perfect,-258918
56745683513,14,16486,scored,perfect,-267930
56747685391,3,16487,scored,perfect,465877
56747687474,1,16488,scored,perfect,109068
56748683452,0,16489,scored,perfect,380193
56751683694,6,16490,scored,perfect,121033
56754701368,10,16491,scored,perfect,210869
56764683645,7,16492,scored,perfect,103868
56766683976,2,16494,scored,perfect,-491766
56766684797,13,16493,scored,perfect,-162069
56770683844,8,16495,scored,perfect,-303766
56772685294,12,16496,scored,perfect,-425321
56774683826,5,16497,scored,perfect,-368918
56778684471,11,16498,scored,perfect,189577
56778685097,15,16499,scored,perfect,-259401
56788683445,3,16501,scored,perfect,413597
56788683868,9,16500,scored,perfect,435756
56789684112,1,16502,scored,perfect,419532
56791701370,14,16503,scored,perfect,232454
56795684353,10,16504,scored,perfect,445179
56795685105,4,16505,scored,perfect,91897
56800683681,6,16506,scored,perfect,22978
56803703969,0,16507,scored,perfect,446224
56808702855,7,16508,scored,perfect,326201
56810684988,13,16509,scored,perfect,-372796
56811684464,2,16510,scored,perfect,109610
56811684960,8,16511,scored,perfect,-339658
56814683757,12,16512,scored,perfect,14402
56815683433,5,16513,scored,perfect,315032
56821683619,11,16515,scored,perfect,101757
56821684236,15,16514,scored,perfect,233938
56831684772,1,16516,scored,perfect,-120410
56834684828,14,16517,scored,perfect,-211240
56838683813,4,16518,scored,perfect,101291
56840684140,3,16519,scored,perfect,169532
56841702327,9,16520,scored,perfect,328670
56843685072,6,16521,scored,perfect,194034
56849684276,10,16522,scored,perfect,-463266
56851683248,7,16523,scored,perfect,132505
56851683757,13,16524,scored,perfect,-59649
56855684830,12,16525,scored,perfect,48743
56855686198,8,16526,scored,perfect,-463481
56857683976,5,16527,scored,perfect,112499
56857684493,0,16528,scored,perfect,-206595
56858702984,2,16529,scored,perfect,-24849
56866684041,11,16530,scored,perfect,-477765
56869683985,15,16531,scored,perfect,-329653
56871683568,1,16532,scored,perfect,-421516
56875683773,14,16533,scored,perfect,-593528
56880685971,4,16534,scored,perfect,90282
56883687335,3,16535,scored,perfect,269263
56885050160,9,16536,scored,perfect,-6503
56886686013,6,16537,scored,perfect,-370545
56892693125,10,16538,scored,perfect,434381
56893685165,13,16539,scored,perfect,345176
56899684036,8,16540,scored,perfect,273143
56902685391,5,16541,scored,perfect,-426683
56903685614,0,16542,scored,perfect,74120
56905684955,12,16543,scored,perfect,-112108
56906693455,7,16544,scored,perfect,-395647
56909687505,11,16545,scored,perfect,-195113
56913696281,2,16546,scored,perfect,-139596
56914686446,15,16547,scored,perfect,-391985
56919684572,14,16548,scored,perfect,163776
56920683594,1,16549,scored,perfect,192365
56922685331,4,16550,scored,perfect,-37062
56924684773,3,16551,scored,perfect,446626
56924685302,9,16552,scored,perfect,-470867
56927684965,6,16553,scored,perfect,6226
56933715724,10,16554,scored,perfect,465398
56935685900,13,16555,scored,perfect,-295439
56941704755,8,16556,scored,perfect,199757
56953683727,11,16557,scored,perfect,-51274
56954684473,5,16558,scored,perfect,237359
56962706288,7,16559,scored,perfect,70617
56964685078,0,16560,scored,perfect,-144577
56966684392,1,16561,scored,perfect,179151
56966684918,9,16562,scored,perfect,-456954
56970684062,14,16563,scored,perfect,-81251
56971684030,2,16564,scored,perfect,-406841
56972686537,12,16565,scored,perfect,-92740
56973683839,10,16566,scored,perfect,365928
56976683666,13,16567,scored,perfect,20426
56977684569,4,16568,scored,perfect,27498
56978700657,3,16569,scored,perfect,-73760
56986684107,8,16570,scored,perfect,279070
56987683448,6,16571,scored,perfect,-57091
56993684964,15,16572,scored,perfect,-387983
56997685779,5,16573,scored,perfect,-384144
57001684446,11,16574,scored,perfect,-340321
57005684530,7,16575,scored,perfect,554666
57011684515,14,16576,scored,perfect,-417602
57012684304,2,16577,scored,perfect,-186840
57012684735,12,16578,scored,perfect,-277816
57021684144,0,16579,scored,perfect,-349871
57022684426,1,16580,scored,perfect,537406
57029705276,4,16581,scored,perfect,348845
57033683570,9,16582,scored,perfect,-404619
57041684727,5,16583,scored,perfect,-504668
57048683770,11,16584,scored,perfect,-138136
57058722287,12,16585,scored,perfect,446271
57059685370,15,16586,scored,perfect,178436
57073683941,6,16587,scored,perfect,194018
57078684215,14,16588,scored,perfect,496149
57078684781,1,16589,scored,perfect,45244
57087684084,3,16590,scored,perfect,96458
57090686611,4,16591,scored,perfect,201215
57091683867,0,16592,scored,perfect,387320
57092684174,7,16593,scored,perfect,-44388
57094684653,10,16594,scored,perfect,138008
57094685132,11,16595,scored,perfect,-173606
57095684116,8,16596,scored,perfect,-162392
57097684964,9,16597,scored,perfect,11461
57102684046,12,16598,scored,perfect,-392147
57103683510,2,16599,scored,perfect,481200
57108684217,5,16600,scored,perfect,-332711
57109685610,15,16601,scored,perfect,376324
57114686797,6,16602,scored,perfect,47773
57115683893,13,16603,scored,perfect,103877
57119685332,14,16604,scored,perfect,-264124
57130685199,3,16605,scored,perfect,-44514
57134686581,7,16606,scored,perfect,-110240
57138684478,9,16607,scored,perfect,-108530
57139684153,10,16608,scored,perfect,-118486
57144683747,12,16609,scored,perfect,265280
57144684260,11,16610,scored,perfect,-380414
57147684819,1,16611,scored,perfect,551780
57147686922,4,16612,scored,perfect,-412216
57150685067,0,16613,scored,perfect,336318
57150685493,5,16614,scored,perfect,-452994
57152684018,15,16615,scored,perfect,363874
57154684137,8,16616,scored,perfect,-265532
57156684378,2,16617,scored,perfect,-192366
57161683886,13,16618,scored,perfect,394987
57163683818,14,16619,scored,perfect,20296
57172684367,3,16620,scored,perfect,395978
57178686438,6,16621,scored,perfect,-4732
57180684080,7,16622,scored,perfect,573529
57180684944,9,16623,scored,perfect,308047
57185684063,10,16624,scored,perfect,326490
57185684585,11,16625,scored,perfect,-119426
57189683879,12,16626,scored,perfect,307142
57190685453,1,16627,scored,perfect,11143
57190686102,0,16628,scored,perfect,-25273
57190686632,4,16629,scored,perfect,-96775
57191683723,5,16630,scored,perfect,427730
57194684696,15,16631,scored,perfect,297897
57194685318,8,16632,scored,perfect,-448199
57199683723,2,16633,scored,perfect,-38237
57201684326,13,16634,scored,perfect,151341
57204683970,14,16635,scored,perfect,-364325
57212683647,3,16636,scored,perfect,-86396
57223684035,9,16637,scored,perfect,128539
57224683767,7,16638,scored,perfect,-170461
57225685540,6,16639,scored,perfect,467514
57225685976,10,16640,scored,perfect,-302547
57225686385,11,16641,scored,perfect,-542829
57230684423,12,16642,scored,perfect,-99807
57233683682,1,16643,scored,perfect,-475378
57234685677,15,16644,scored,perfect,-208731
57237684319,5,16645,scored,perfect,-14500
57239685177,8,16646,scored,perfect,-524742
57240685664,2,16647,scored,perfect,304940
57241683635,4,16648,scored,perfect,414501
57241684031,0,16649,scored,perfect,4974
57241684491,13,16650,scored,perfect,-480681
57245683798,14,16651,scored,perfect,-256004
57252683915,3,16652,scored,perfect,-335373
57263684577,9,16653,scored,perfect,-52269
57267685149,6,16654,scored,perfect,-395464
57270683692,10,16655,scored,perfect,-67322
57270684289,11,16656,scored,perfect,-286333
57275690629,7,16657,scored,perfect,85928
57277683959,12,16658,scored,perfect,-3892
57279683873,1,16659,scored,perfect,-174397
57280684153,8,16660,scored,perfect,-279813
57282684486,2,16661,scored,perfect,651865
57288683741,0,16662,scored,perfect,-355344
57292685555,15,16663,scored,perfect,-627180
57293684625,3,16664,scored,perfect,-16404
57296720559,14,16665,scored,perfect,335101
57298683774,5,16666,scored,perfect,-267217
57301685636,4,16667,scored,perfect,380235
57303683965,13,16668,scored,perfect,421660
57308684210,6,16669,scored,perfect,25056
57308684725,9,16670,scored,perfect,-231245
57314684169,11,16671,scored,perfect,-69370
57319684787,12,16672,scored,perfect,-108592
57324683464,2,16673,scored,perfect,313502
57326684626,1,16675,scored,perfect,158527
57326685152,10,16674,scored,perfect,344605
57331684438,8,16676,scored,perfect,438849
57332683592,0,16677,scored,perfect,-331362
57334685398,15,16678,scored,perfect,404940
57335684836,7,16679,scored,perfect,606776
57337684207,3,16680,scored,perfect,294007
57341684577,14,16681,scored,perfect,21517
57344683958,5,16682,scored,perfect,-121513
57344684384,13,16683,scored,perfect,-459490
57346684751,4,16684,scored,perfect,638752
57349704682,9,16685,scored,perfect,557369
57352683664,6,16686,scored,perfect,319566
57355683844,11,16687,scored,perfect,-448837
57360683666,12,16688,scored,perfect,620622
57366684221,10,16689,scored,perfect,-511082
57373685002,2,16690,scored,perfect,-286434
57373685728,8,16691,scored,perfect,-293295
57374684879,0,16692,scored,perfect,468914
57376685067,1,16693,scored,perfect,-365623
57376685436,7,16694,scored,perfect,-369509
57377684796,3,16695,scored,perfect,-176113
57380684068,15,16696,scored,perfect,-445906
57383684485,14,16697,scored,perfect,-536425
57387706993,4,16699,scored,perfect,84571
57387710003,13,16698,scored,perfect,133843
57391703778,9,16700,scored,perfect,618239
57394684249,5,16701,scored,perfect,21132
57394684876,6,16702,scored,perfect,-456191
57397685244,11,16703,scored,perfect,177005
57403685682,12,16704,scored,perfect,-389765
57407684518,10,16705,scored,perfect,-136645
57416683719,8,16706,scored,perfect,-307711
57417685143,0,16707,scored,perfect,-536978
57419684760,2,16708,scored,perfect,531219
57424683996,14,16709,scored,perfect,-131535
57430684535,13,16710,scored,perfect,-40800
57431683951,3,16711,scored,perfect,-43312
57432683506,7,16712,scored,perfect,-129550
57433704203,15,16713,scored,perfect,4279
57437686593,9,16714,scored,perfect,26646
57438684035,5,16715,scored,perfect,361399
57439684188,1,16716,scored,perfect,-189056
57443684076,4,16717,scored,perfect,58038
57447686901,10,16718,scored,perfect,-347595
57453685176,11,16719,scored,perfect,-372267
57461684907,2,16720,scored,perfect,-500365
57467714513,14,16721,scored,perfect,296918
57468684040,8,16722,scored,perfect,270067
57471683885,13,16723,scored,perfect,-429681
57473684741,6,16724,scored,perfect,-182327
57477684513,0,16725,scored,perfect,-466437
57477684921,7,16726,scored,perfect,-477257
57487685899,5,16727,scored,perfect,334289
57488683663,3,16728,scored,perfect,295830
57488684149,10,16729,scored,perfect,293435
57489684787,12,16730,scored,perfect,-579305
57495724691,11,16731,scored,perfect,256399
57499718370,1,16732,scored,perfect,44889
57500684958,4,16733,scored,perfect,-538505
57503683930,9,16734,scored,perfect,194324
57505683937,2,16735,scored,perfect,213577
57506683999,15,16736,scored,perfect,296025
57519684381,8,16737,scored,perfect,193537
57519685067,0,16738,scored,perfect,170076
57521683805,6,16739,scored,perfect,480484
57522685339,7,16740,scored,perfect,76801
57524683807,14,16741,scored,perfect,-448119
57527684392,5,16742,scored,perfect,-272646
57532684257,12,16743,scored,perfect,-345531
57532684691,13,16744,scored,perfect,-412636
57533683837,3,16745,scored,perfect,-198453
57533684350,10,16746,scored,perfect,-246541
57541684003,11,16747,scored,perfect,530069
57542684312,4,16748,scored,perfect,85970
57543683959,9,16749,scored,perfect,-407007
57546684352,1,16750,scored,perfect,585233
57546684783,2,16751,scored,perfect,431886
57546685209,15,16752,scored,perfect,-79512
57561684513,8,16753,scored,perfect,450609
57564685349,14,16754,scored,perfect,-559674
57567683889,7,16755,scored,perfect,10686
57572686402,5,16756,scored,perfect,-120884
57577684591,10,16757,scored,perfect,109005
57582684776,13,16758,scored,perfect,-48762
57584685841,3,16759,scored,perfect,-73440
57586684613,9,16760,scored,perfect,-534160
57587683658,15,16761,scored,perfect,-187189
57591723352,1,16763,scored,perfect,-83690
57591723918,4,16762,scored,perfect,215735
57593685791,0,16764,scored,perfect,-6355
57594683949,12,16765,scored,perfect,499727
57596705829,6,16766,scored,perfect,675728
57597684801,2,16767,scored,perfect,513566
57605684629,11,16768,scored,perfect,521810
57605685371,14,16769,scored,perfect,-189711
57606684106,8,16770,scored,perfect,-270769
57608686981,7,16771,scored,perfect,-181916
57615684061,5,16772,scored,perfect,-264653
57619684656,10,16773,scored,perfect,-369969
57623684115,13,16774,scored,perfect,-343252
57624684513,3,16775,scored,perfect,-109883
57628684753,15,16776,scored,perfect,42304
57629705278,9,16777,scored,perfect,221046
57631683974,4,16778,scored,perfect,-74087
57635684593,12,16779,scored,perfect,50328
57636683851,0,16780,scored,perfect,-95113
57637683741,6,16781,scored,perfect,-138060
57647695587,14,16782,scored,perfect,565057
57652684054,11,16783,scored,perfect,-189332
57657684788,7,16784,scored,perfect,39032
57660683790,1,16785,scored,perfect,-269603
57662684313,10,16786,scored,perfect,404223
57666705807,8,16787,scored,perfect,541991
57668684340,13,16788,scored,perfect,-339277
57669684380,9,16789,scored,perfect,-174539
57673684040,4,16790,scored,perfect,78640
57675684617,5,16791,scored,perfect,336492
57675685118,12,16792,scored,perfect,-544624
57677683709,15,16793,scored,perfect,616087
57677684197,0,16794,scored,perfect,-89916
57684686527,6,16795,scored,perfect,-147336
57686684035,2,16796,scored,perfect,153208
57687705060,3,16797,scored,perfect,298383
57694684632,11,16798,scored,perfect,123865
57697685100,14,16799,scored,perfect,132387
57700685167,7,16800,scored,perfect,-269458
57705684462,1,16801,scored,perfect,-296964
57713684244,10,16802,scored,perfect,-166739
57717684272,12,16803,scored,perfect,-174054
57718686063,0,16804,scored,perfect,-21704
57719683791,4,16805,scored,perfect,405747
57720683946,8,16806,scored,perfect,40802
57721684356,5,16807,scored,perfect,92178
57722684815,13,16808,scored,perfect,-33467
57723684005,15,16809,scored,perfect,-319780
57724706382,9,16810,scored,perfect,146909
57734686634,6,16811,scored,perfect,-306891
57735685156,11,16812,scored,perfect,231411
57736684750,3,16813,scored,perfect,287755
57739683870,14,16814,scored,perfect,234736
57747684533,1,16815,scored,perfect,263696
57748684230,7,16816,scored,perfect,121560
57757684353,10,16817,scored,perfect,624169
57760683567,4,16818,scored,perfect,349083
57763683828,0,16819,scored,perfect,33558
57766684009,9,16820,scored,perfect,-401058
57767683924,15,16821,scored,perfect,-129082
57768684547,2,16822,scored,perfect,270873
57771685338,5,16823,scored,perfect,403462
57771686466,12,16824,scored,perfect,-249782
57773684172,13,16825,scored,perfect,-243553
57774705850,8,16826,scored,perfect,44020
57777683964,11,16827,scored,perfect,-99830
57781684611,6,16828,scored,perfect,-136509
57782684014,14,16829,scored,perfect,-152721
57784662468,3,16830,scored,perfect,193516
57792684254,1,16831,scored,perfect,-306282
57793685150,7,16832,scored,perfect,-43314
57799685227,10,16833,scored,perfect,-347871
57802684494,4,16834,scored,perfect,453035
57808686181,15,16835,scored,perfect,12846
57808687063,9,16836,scored,perfect,-395559
57809684584,2,16837,scored,perfect,107585
57810684252,0,16838,scored,perfect,-483517
57814684258,12,16839,scored,perfect,157605
57815687761,13,16840,scored,perfect,-100345
57816685802,8,16841,scored,perfect,216472
57816686478,5,16842,scored,perfect,-318088
57818684544,11,16843,scored,perfect,90118
57822689506,6,16844,scored,perfect,125766
57823684577,14,16845,scored,perfect,-33882
57829684335,3,16846,scored,perfect,283530
57835684289,1,16847,scored,perfect,-181964
57837684550,7,16848,scored,perfect,85639
57841684625,10,16849,scored,perfect,109527
57845684511,4,16850,scored,perfect,64123
57855686962,15,16851,scored,perfect,305439
57855687776,0,16852,scored,perfect,-314077
57860685924,12,16853,scored,perfect,341301
57861685524,2,16854,scored,perfect,251591
57862684234,13,16855,scored,perfect,-283935
57864685791,14,16856,scored,perfect,-526452
57865683556,6,16857,scored,perfect,-91513
57871684619,9,16858,scored,perfect,-34372
57872687258,5,16859,scored,perfect,-560574
57880685447,3,16860,scored,perfect,174226
57880686363,11,16861,scored,perfect,-127493
57880686859,1,16862,scored,perfect,-255493
57885683799,4,16863,scored,perfect,-437599
57886684565,10,16864,scored,perfect,403051
57886685287,7,16865,scored,perfect,10060
57892685267,8,16866,scored,perfect,84771
57895684386,15,16867,scored,perfect,-256753
57899684211,0,16868,scored,perfect,-465412
57900684371,12,16869,scored,perfect,-80912
57905684772,2,16870,scored,perfect,514974
57907684563,6,16871,scored,perfect,633636
57910686507,14,16872,scored,perfect,-48050
57911684150,9,16873,scored,perfect,-434171
57916684475,5,16874,scored,perfect,-13984
57921684622,3,16875,scored,perfect,-393374
57925684906,1,16876,scored,perfect,-431911
57927684166,13,16877,scored,perfect,-249269
57928686423,7,16878,scored,perfect,167490
57930684502,10,16879,scored,perfect,107954
57932684221,8,16880,scored,perfect,-292088
57944684967,0,16881,scored,perfect,-77052
57953684428,4,16882,scored,perfect,489360
57953685294,9,16883,scored,perfect,337783
57957684835,15,16884,scored,perfect,-123665
57958684566,11,16885,scored,perfect,-540123
57960690595,5,16886,scored,perfect,223714
57961684719,12,16887,scored,perfect,472024
57961685407,6,16888,scored,perfect,-439862
57962684090,14,16889,scored,perfect,-13294
57965683623,3,16890,scored,perfect,69643
57965684223,2,16891,scored,perfect,-284366
57972684824,13,16892,scored,perfect,402013
57972686731,10,16893,scored,perfect,-365380
57981684772,7,16894,scored,perfect,249633
57981685783,8,16895,scored,perfect,244356
57988684856,0,16896,scored,perfect,154382
57992684168,1,16897,scored,perfect,1003
57999684072,4,16898,scored,perfect,-28061
58000683873,15,16899,scored,perfect,-466882
58003683730,11,16900,scored,perfect,235027
58011709816,12,16901,scored,perfect,384730
58013683859,14,16902,scored,perfect,281232
58013684543,6,16904,scored,perfect,60190
58013685336,10,16903,scored,perfect,173716
58018684783,3,16905,scored,perfect,-28228
58018685696,13,16906,scored,perfect,-382404
58032688975,2,16907,scored,perfect,-172381
58033685338,1,16908,scored,perfect,-240536
58035683789,5,16909,scored,perfect,-283851
58036684026,8,16910,scored,perfect,-315057
58039683720,0,16911,scored,perfect,-365638
58040684036,4,16912,scored,perfect,85663
58045684503,15,16913,scored,perfect,-230631
58046683991,11,16914,scored,perfect,503794
58050689252,7,16915,scored,perfect,-573293
58052684298,9,16916,scored,perfect,239564
58053684281,10,16917,scored,perfect,-184735
58057683880,14,16918,scored,perfect,445370
58060686205,3,16919,scored,perfect,230240
58060686822,13,16920,scored,perfect,92749
58062684369,6,16921,scored,perfect,230547
58063683939,12,16922,scored,perfect,119343
58073683774,2,16923,scored,perfect,-18585
58073684410,1,16924,scored,perfect,-364551
58075683250,5,16925,scored,perfect,-527483
58080684438,0,16926,scored,perfect,-356898
58091683778,4,16927,scored,perfect,321108
58092683245,7,16928,scored,perfect,-12041
58093684011,10,16929,scored,perfect,-311274
58095684248,8,16930,scored,perfect,-95317
58096701924,15,16931,scored,perfect,429060
58105684987,12,16932,scored,perfect,-256160
58106683614,11,16933,scored,perfect,-249949
58108683919,3,16934,scored,perfect,332860
58108684500,9,16935,scored,perfect,31734
58108685318,13,16936,scored,perfect,-42139
58111684140,14,16937,scored,perfect,-578910
58119685016,2,16938,scored,perfect,577703
58123686439,6,16939,scored,perfect,109691
58124684427,0,16940,scored,perfect,113853
58126685752,1,16941,scored,perfect,298547
58128684195,5,16942,scored,perfect,-172228
58131684163,4,16943,scored,perfect,-309394
58134687237,10,16944,scored,perfect,417583
58136683778,8,16945,scored,perfect,483212
58136684441,15,16946,scored,perfect,284819
58141685605,7,16947,scored,perfect,303552
58146684790,12,16948,scored,perfect,158635
58148684483,13,16949,scored,perfect,-357608
58153684367,14,16950,scored,perfect,8090
58158703468,3,16951,scored,perfect,16063
58164683605,6,16952,scored,perfect,-541133
58173684117,2,16953,scored,perfect,238359
58173685226,0,16954,scored,perfect,-162724
58173685781,9,16955,scored,perfect,-260270
58175683933,11,16956,scored,perfect,-565632
58184684188,1,16957,scored,perfect,-229257
58189684106,5,16958,scored,perfect,-192238
58191683922,13,16959,scored,perfect,-459312
58193683781,10,16960,scored,perfect,265907
58194685582,4,16961,scored,perfect,111737
58197684629,12,16962,scored,perfect,339903
58199684364,15,16963,scored,perfect,352837
58200683521,14,16964,scored,perfect,-313616
58202683166,7,16965,scored,perfect,38085
58203683848,8,16966,scored,perfect,-194129
58203684513,3,16967,scored,perfect,-332221
58205684234,6,16968,scored,perfect,392258
58224684458,9,16969,scored,perfect,170388
58224685393,2,16970,scored,perfect,-139817
58226683305,1,16971,scored,perfect,179750
58228684167,0,16972,scored,perfect,-264365
58230683648,5,16973,scored,perfect,-369775
58232684071,13,16974,scored,perfect,-110004
58235684199,10,16975,scored,perfect,376836
58239683712,15,16976,scored,perfect,-486479
58242700766,12,16977,scored,perfect,301944
58250683439,8,16978,scored,perfect,-64382
58253684377,7,16979,scored,perfect,-295432
58254703315,14,16980,scored,perfect,337020
58255683935,3,16981,scored,perfect,281623
58255684558,11,16982,scored,perfect,-35873
58256683376,4,16983,scored,perfect,359200
58256683902,6,16984,scored,perfect,-137673
58267684519,2,16985,scored,perfect,195345
58272685703,5,16986,scored,perfect,11791
58277684475,13,16987,scored,perfect,504218
58277685099,1,16988,scored,perfect,-485569
58278684279,0,16989,scored,perfect,-415731
58284684495,12,16990,scored,perfect,87505
58285684528,9,16991,scored,perfect,-155339
58288684071,10,16992,scored,perfect,213765
58289684241,15,16993,scored,perfect,73376
58291685205,8,16994,scored,perfect,29880
58294685159,7,16995,scored,perfect,-539233
58305684855,3,16996,scored,perfect,43309
58307684070,6,16997,scored,perfect,98023
58307684697,2,16998,scored,perfect,-53046
58314684420,14,16999,scored,perfect,-45276
58315684223,4,17000,scored,perfect,-48241
58321686354,1,17001,scored,perfect,290900
58322688180,0,17002,scored,perfect,56720
58324684671,13,17003,scored,perfect,-297590
58326683898,9,17004,scored,perfect,-241043
58334684638,5,17005,scored,perfect,-204561
58341685115,10,17006,scored,perfect,-289144
58342684370,15,17007,scored,perfect,-541883
58344684607,8,17008,scored,perfect,-199571
58345684447,11,17009,scored,perfect,-235966
58346683884,7,17010,scored,perfect,163572
58348690513,12,17011,scored,perfect,280790
58348691714,6,17012,scored,perfect,54650
58351684116,2,17013,scored,perfect,-335719
58353707938,3,17014,scored,perfect,263436
58357684278,4,17015,scored,perfect,673556
58357685019,14,17016,scored,perfect,303561
58362683160,1,17017,scored,perfect,-198146
58372686387,13,17018,scored,perfect,-501563
58373684403,0,17019,scored,perfect,-204575
58375684725,5,17020,scored,perfect,287056
58381686717,9,17021,scored,perfect,326287
58386684220,8,17022,scored,perfect,-458124
58388683643,7,17023,scored,perfect,602516
58389684260,6,17024,scored,perfect,-454391
58396685636,2,17025,scored,perfect,344413
58399700719,3,17026,scored,perfect,265475
58400683279,10,17027,scored,perfect,467529
58400683848,14,17028,scored,perfect,-595633
58401683907,12,17029,scored,perfect,331993
58403684150,15,17030,scored,perfect,-239333
58405685711,11,17031,scored,perfect,340731
58405686376,4,17032,scored,perfect,-98475
58408683400,1,17033,scored,perfect,422938
58413683912,0,17035,scored,perfect,-479224
58413684883,13,17034,scored,perfect,-386639
58416702917,5,17036,scored,perfect,108424
58422684843,9,17037,scored,perfect,159458
58429687380,7,17038,scored,perfect,-186052
58431684686,6,17040,scored,perfect,-200404
58431685228,8,17039,scored,perfect,-74751
58436687648,2,17041,scored,perfect,-127118
58442685738,3,17042,scored,perfect,242046
58442686878,12,17043,scored,perfect,30360
58449684771,4,17044,scored,perfect,-326494
58451684195,15,17045,scored,perfect,115340
58456684627,1,17046,scored,perfect,-255190
58459684276,5,17047,scored,perfect,238381
58459685160,10,17048,scored,perfect,-77488
58461684866,11,17049,scored,perfect,336571
58461685635,13,17050,scored,perfect,-454395
58464684578,0,17051,scored,perfect,482252
58469686591,9,17052,scored,perfect,343430
58472685510,8,17053,scored,perfect,99900
58472686089,6,17054,scored,perfect,-226918
58474725280,7,17055,scored,perfect,532471
58478685347,14,17056,scored,perfect,51039
58483683278,2,17057,scored,perfect,-542105
58485684619,3,17058,scored,perfect,-298090
58492684884,15,17059,scored,perfect,203102
58494684783,4,17060,scored,perfect,-56994
58497685812,1,17061,scored,perfect,-240164
58501683970,11,17062,scored,perfect,-128837
58504683756,13,17063,scored,perfect,-217734
58506684429,0,17064,scored,perfect,241645
58509684362,10,17065,scored,perfect,255886
58510752914,12,17066,scored,perfect,257507
58512683707,9,17067,scored,perfect,207826
58526684090,14,17068,scored,perfect,-334173
58531685990,8,17069,scored,perfect,-269427
58532686167,5,17070,scored,perfect,226475
58533683562,3,17071,scored,perfect,-24866
58534686062,2,17072,scored,perfect,8448
58534686732,7,17073,scored,perfect,-32666
58535684091,6,17074,scored,perfect,90748
58538696954,4,17075,scored,perfect,625120
58544685814,11,17076,scored,perfect,515270
58544686669,1,17077,scored,perfect,-402742
58546684358,13,17078,scored,perfect,532684
58550706359,10,17079,scored,perfect,522262
58552684267,12,17080,scored,perfect,-84619
58556700076,9,17081,scored,perfect,276040
58558684225,0,17082,scored,perfect,-427158
58561685519,15,17083,scored,perfect,-316659
58572686115,5,17084,scored,perfect,-10211
58573685127,8,17085,scored,perfect,85328
58577684944,6,17086,scored,perfect,601594
58577685732,3,17087,scored,perfect,51547
58582685858,2,17088,scored,perfect,-1338
58583688161,7,17089,scored,perfect,324412
58587686014,13,17090,scored,perfect,341542
58588685978,1,17092,scored,perfect,559685
58588686656,4,17091,scored,perfect,568558
58591683763,11,17093,scored,perfect,231756
58592689296,10,17094,scored,perfect,153773
58594684313,14,17095,scored,perfect,-253425
58595683680,12,17096,scored,perfect,-135181
58596683572,9,17097,scored,perfect,-407746
58599683789,0,17098,scored,perfect,537924
58602684391,15,17099,scored,perfect,559141
58616723619,5,17100,scored,perfect,486248
58618685479,3,17101,scored,perfect,-142144
58619683530,8,17102,scored,perfect,320236
58620684067,6,17103,scored,perfect,95811
58622686360,2,17104,scored,perfect,-404141
58625684726,7,17105,scored,perfect,-412764
58627684320,13,17106,scored,perfect,62165
58628683975,1,17107,scored,perfect,294309
58636685057,10,17108,scored,perfect,-163187
58639686770,9,17109,scored,perfect,-412064
58641684277,11,17110,scored,perfect,50224
58643669943,0,17111,scored,perfect,313449
58644685317,4,17112,scored,perfect,161624
58644685919,15,17113,scored,perfect,-382018
58646685280,14,17114,scored,perfect,70288
58648691311,12,17115,scored,perfect,-188692
58656696709,5,17116,scored,perfect,-138720
58660684415,3,17117,scored,perfect,71472
58661685690,8,17118,scored,perfect,-552224
58663686034,2,17119,scored,perfect,-9080
58664686385,6,17120,scored,perfect,-523312
58666684281,7,17121,scored,perfect,429472
58668685601,13,17122,scored,perfect,-360019
58669687516,1,17123,scored,perfect,427838
58678685069,10,17124,scored,perfect,-406398
58682683994,11,17125,scored,perfect,335283
58685685057,0,17126,scored,perfect,22533
58694685651,12,17127,scored,perfect,-392186
58696722660,9,17128,scored,perfect,391819
58699684138,5,17129,scored,perfect,213646
58699684648,4,17131,scored,perfect,-303926
58699685016,15,17130,scored,perfect,-301874
58701684397,3,17132,scored,perfect,217012
58702684738,14,17133,scored,perfect,39990
58709686140,7,17134,scored,perfect,-63787
58711685306,13,17135,scored,perfect,-216308
58711685857,1,17136,scored,perfect,-433766
58714686562,8,17137,scored,perfect,346550
58714687142,2,17138,scored,perfect,-226207
58722686512,11,17139,scored,perfect,-224650
58730684760,6,17140,scored,perfect,40883
58732684437,10,17141,scored,perfect,-294909
58734686665,0,17142,scored,perfect,-330798
58736684185,12,17143,scored,perfect,80124
58740684026,9,17144,scored,perfect,280994
58741683599,4,17145,scored,perfect,-497161
58743683913,3,17146,scored,perfect,154618
58743684366,14,17147,scored,perfect,71741
58746722661,5,17148,scored,perfect,586657
58747686660,15,17149,scored,perfect,-227609
58752684898,1,17150,scored,perfect,199794
58752685509,7,17152,scored,perfect,-496667
58752685905,13,17151,scored,perfect,-374519
58756684798,2,17153,scored,perfect,382370
58761683939,8,17154,scored,perfect,182683
58769684770,11,17155,scored,perfect,314361
58777684199,0,17157,scored,perfect,-325371
58777684828,12,17156,scored,perfect,-196330
58778684958,10,17158,scored,perfect,-558851
58784684926,4,17159,scored,perfect,-49587
58786684484,9,17160,scored,perfect,42699
58787683829,3,17161,scored,perfect,392038
58789684377,5,17162,scored,perfect,-32354
58791683667,14,17163,scored,perfect,-6091
58792683669,6,17164,scored,perfect,-47834
58794684264,1,17165,scored,perfect,-258815
58798685434,7,17166,scored,perfect,-359742
58802687829,2,17167,scored,perfect,422153
58804683974,15,17168,scored,perfect,-356270
58805684033,13,17169,scored,perfect,-302291
58806684383,8,17170,scored,perfect,-12910
58811686249,11,17171,scored,perfect,-278467
58821685067,0,17172,scored,perfect,35870
58822687307,10,17173,scored,perfect,-427523
58828688525,12,17174,scored,perfect,-201370
58830684763,5,17175,scored,perfect,276815
58830685334,4,17176,scored,perfect,-414761
58832684606,6,17177,scored,perfect,-199379
58834686363,14,17178,scored,perfect,-80968
58836686061,1,17179,scored,perfect,-403474
58836686660,9,17180,scored,perfect,-420965
58839690072,3,17181,scored,perfect,-541813
58842686939,2,17182,scored,perfect,-412592
58847685999,8,17183,scored,perfect,-99291
58851684499,15,17184,scored,perfect,13732
58857684540,7,17185,scored,perfect,664722
58859686481,11,17186,scored,perfect,403083
58860687644,13,17187,scored,perfect,455669
58864676616,10,17188,scored,perfect,-183812
58866684088,0,17189,scored,perfect,424120
58882685272,14,17190,scored,perfect,-455926
58886685151,2,17191,scored,perfect,138701
58886685708,12,17192,scored,perfect,-390704
58889683894,4,17193,scored,perfect,-114759
58899684002,5,17194,scored,perfect,515812
58900683810,13,17195,scored,perfect,353067
58903685161,9,17196,scored,perfect,-292649
58906684043,1,17197,scored,perfect,108450
58909686351,8,17198,scored,perfect,371067
58911686124,10,17199,scored,perfect,-587280
58913686783,6,17200,scored,perfect,28614
58929686404,2,17201,scored,perfect,248888
58930684098,14,17202,scored,perfect,475440
58936686011,12,17203,scored,perfect,-542412
58947689157,4,17205,scored,perfect,237645
58947689939,5,17204,scored,perfect,412763
58948684176,0,17206,scored,perfect,-182313
58949683960,8,17207,scored,perfect,-10874
58949684402,9,17208,scored,perfect,-424131
58950684794,15,17209,scored,perfect,193455
58950685200,11,17210,scored,perfect,-516956
58951684486,7,17211,scored,perfect,-163121
58953684365,3,17212,scored,perfect,-74179
58954683730,13,17213,scored,perfect,231225
58955685381,10,17214,scored,perfect,-498485
58960786284,1,17215,scored,perfect,110487
58965835333,6,17216,scored,perfect,266594
58973834575,2,17217,scored,perfect,417237
58974886524,14,17218,scored,perfect,165466
58986834191,12,17219,scored,perfect,-13426
58987833909,4,17220,scored,perfect,115183
58990834815,5,17221,scored,perfect,228548
58997835898,3,17222,scored,perfect,302024
59005835191,15,17223,scored,perfect,-213422
59006835595,9,17224,scored,perfect,-144815
59007834977,0,17225,scored,perfect,474107
59013834648,1,17226,scored,perfect,-323327
59014834430,11,17227,scored,perfect,-393172
59018835138,8,17228,scored,perfect,-236382
59023834143,14,17229,scored,perfect,-431986
59024869768,10,17230,scored,perfect,465753
59026853775,7,17231,scored,perfect,106672
59033841895,5,17232,scored,perfect,112478
59034845038,2,17233,scored,perfect,522087
59034847098,12,17234,scored,perfect,82355
59037841807,3,17235,scored,perfect,-290714
59043835987,4,17236,scored,perfect,452998
59045833116,13,17237,scored,perfect,228607
59053945523,6,17238,scored,perfect,406340
59053946816,15,17239,scored,perfect,172417
59054979955,0,17240,scored,perfect,305993
59055868908,1,17241,scored,perfect,-30279
59057880615,11,17242,scored,perfect,-385408
59060868891,9,17243,scored,perfect,129325
59063869462,8,17244,scored,perfect,-172729
59064868736,10,17245,scored,perfect,-356466
59068868001,7,17246,scored,perfect,-108116
59075936603,12,17247,scored,perfect,361252
59081873539,3,17248,scored,perfect,194057
59087876875,5,17249,scored,perfect,-190097
59095873080,4,17250,scored,perfect,-211843
59100015060,0,17252,scored,perfect,-65565
59100018908,13,17251,scored,perfect,62552
59103867773,9,17253,scored,perfect,-317717
59109869661,1,17254,scored,perfect,56889
59112936247,2,17255,scored,perfect,276749
59115849387,10,17256,scored,perfect,-171983
59121873457,8,17257,scored,perfect,86587
59121874332,11,17258,scored,perfect,-35287
59121874771,12,17259,scored,perfect,-119170
59128890334,3,17260,scored,perfect,332187
59132885691,14,17261,scored,perfect,234224
59132889430,6,17262,scored,perfect,106556
59138837438,15,17263,scored,perfect,69035
59141884677,5,17264,scored,perfect,167
59145835209,9,17265,scored,perfect,-55179
59147835309,7,17266,scored,perfect,162455
59147835830,0,17267,scored,perfect,-393160
59148837466,13,17268,scored,perfect,111381
59152854929,1,17270,scored,perfect,197431
59152855956,4,17269,scored,perfect,309986
59152856564,2,17271,scored,perfect,-38292
59156835960,10,17272,scored,perfect,422872
59166835602,8,17273,scored,perfect,-298699
59169835631,3,17274,scored,perfect,-287547
59172840083,14,17275,scored,perfect,92868
59173836279,12,17276,scored,perfect,-340740
59175834865,6,17277,scored,perfect,-240298
59186835880,11,17278,scored,perfect,572296
59187871514,15,17279,scored,perfect,585170
59187874459,9,17280,scored,perfect,-131063
59188837616,5,17281,scored,perfect,-50908
59192836304,0,17282,scored,perfect,-16945
59195833820,4,17283,scored,perfect,-467557
59195834424,7,17284,scored,perfect,-525833
59198834402,1,17285,scored,perfect,197486
59198835583,13,17286,scored,perfect,-164675
59199863455,10,17287,scored,perfect,455319
59209839922,8,17288,scored,perfect,-205655
59210837463,3,17289,scored,perfect,357409
59211837426,2,17290,scored,perfect,-435910
59215843605,12,17291,scored,perfect,223049
59217835008,6,17292,scored,perfect,88004
59217835549,14,17293,scored,perfect,-333514
59230837391,5,17294,scored,perfect,-155431
59235835587,11,17295,scored,perfect,-156299
59241869948,0,17296,scored,perfect,-3333
59243836293,13,17297,scored,perfect,472639
59244835762,15,17298,scored,perfect,80811
59247834528,4,17299,scored,perfect,-71861
59249856433,9,17300,scored,perfect,284237
59251839118,1,17301,scored,perfect,-149624
59254834561,2,17302,scored,perfect,-380680
59254835090,3,17303,scored,perfect,-381209
59258834448,10,17304,scored,perfect,-168347
59258834998,14,17305,scored,perfect,-404570
59259838464,7,17306,scored,perfect,44979
59259840349,8,17307,scored,perfect,-306054
59259840745,12,17308,scored,perfect,-502175
59263836531,6,17309,scored,perfect,-362781
59275833502,5,17310,scored,perfect,-9537
59282840215,0,17311,scored,perfect,299305
59284836686,11,17312,scored,perfect,-160346
59286836513,13,17313,scored,perfect,-371022
59287834526,15,17314,scored,perfect,86168
59288874937,4,17315,scored,perfect,448332
59290840602,9,17316,scored,perfect,-298016
59292834561,1,17317,scored,perfect,292435
59295872371,2,17318,scored,perfect,-93357
59298836264,3,17319,scored,perfect,-250834
59298836795,10,17320,scored,perfect,-285666
59303834702,7,17321,scored,perfect,491422
59303835245,8,17322,scored,perfect,106093
59306843705,6,17323,scored,perfect,373432
59306844550,14,17324,scored,perfect,224073
59308869752,12,17325,scored,perfect,365982
59317837705,5,17326,scored,perfect,-121400
59322840175,0,17327,scored,perfect,101195
59326833649,11,17328,scored,perfect,445304
59330837785,4,17330,scored,perfect,127749
59330838516,15,17329,scored,perfect,250623
59332871448,13,17331,scored,perfect,490610
59337837925,9,17332,scored,perfect,410966
59340836442,1,17333,scored,perfect,-503408
59350834312,2,17334,scored,perfect,-328250
59351838317,6,17335,scored,perfect,-177964
59356868102,12,17336,scored,perfect,584454
59357832524,3,17338,scored,perfect,-96993
59357832965,10,17337,scored,perfect,-55113
59362833887,0,17339,scored,perfect,-225160
59363837737,8,17340,scored,perfect,119708
59365832581,7,17341,scored,perfect,494279
59365833159,14,17342,scored,perfect,116454
59367846810,11,17343,scored,perfect,-360478
59369841643,5,17344,scored,perfect,351750
59373845624,15,17345,scored,perfect,501171
59387840067,4,17346,scored,perfect,512254
59389836695,9,17348,scored,perfect,407987
59389837258,13,17347,scored,perfect,463521
59389838235,1,17349,scored,perfect,-61200
59390835744,2,17350,scored,perfect,-520631
59391883217,6,17351,scored,perfect,-290964
59398837535,3,17352,scored,perfect,255283
59398838149,12,17353,scored,perfect,160732
59399876912,10,17354,scored,perfect,441546
59404875387,0,17355,scored,perfect,30283
59406839709,7,17356,scored,perfect,-198982
59409839751,5,17357,scored,perfect,-535309
59411836073,14,17358,scored,perfect,144063
59422837235,8,17359,scored,perfect,16393
59423834971,15,17360,scored,perfect,443793
59424837091,11,17361,scored,perfect,184340
59430836888,9,17362,scored,perfect,266423
59437831814,13,17363,scored,perfect,481768
59438834518,2,17364,scored,perfect,360014
59441834574,6,17365,scored,perfect,-364809
59443835448,12,17366,scored,perfect,7353
59445834891,0,17367,scored,perfect,-480632
59448835268,7,17368,scored,perfect,12129
59452835909,10,17369,scored,perfect,285835
59458834557,3,17370,scored,perfect,-231914
59467836556,4,17371,scored,perfect,-247754
59468835738,8,17372,scored,perfect,-497725
59468836399,11,17373,scored,perfect,-563550
59475834649,9,17374,scored,perfect,-135748
59476834654,5,17375,scored,perfect,129352
59482843988,1,17376,scored,perfect,383301
59482844750,13,17377,scored,perfect,-11298
59483883394,2,17379,scored,perfect,234277
59483886328,6,17378,scored,perfect,355637
59484836215,12,17380,scored,perfect,498185
59484836724,14,17381,scored,perfect,245942
59485835473,15,17382,scored,perfect,139591
59489835472,7,17383,scored,perfect,300094
59493836426,10,17384,scored,perfect,338967
59495881162,0,17385,scored,perfect,512428
59500834365,3,17386,scored,perfect,-479075
59508870625,4,17387,scored,perfect,264997
59510836100,11,17388,scored,perfect,107434
59517835123,5,17389,scored,perfect,482039
59519835143,9,17390,scored,perfect,-329682
59523841168,1,17391,scored,perfect,454004
59529834643,8,17392,scored,perfect,-450679
59530837258,15,17393,scored,perfect,164592
59541837913,3,17394,scored,perfect,389143
59543837516,7,17395,scored,perfect,-574470
59545869812,12,17396,scored,perfect,245446
59547837718,14,17397,scored,perfect,-323548
59549854819,4,17398,scored,perfect,146674
59550836174,13,17399,scored,perfect,-284574
59552833068,10,17400,scored,perfect,87956
59556832545,0,17401,scored,perfect,399066
59561832489,5,17402,scored,perfect,-415572
59562869879,9,17403,scored,perfect,252920
59570870483,11,17404,scored,perfect,333441
59570873578,15,17405,scored,perfect,46516
59571844670,2,17406,scored,perfect,-291664
59575868354,8,17407,scored,perfect,652449
59576834910,6,17408,scored,perfect,-541526
59577838490,1,17409,scored,perfect,-180985
59584836793,7,17410,scored,perfect,60913
59588834607,14,17411,scored,perfect,-310647
59594836111,10,17412,scored,perfect,-59283
59596835223,13,17413,scored,perfect,-85408
59599869907,12,17414,scored,perfect,172064
59603837208,3,17415,scored,perfect,-492753
59605836725,9,17416,scored,perfect,-233299
59605837246,5,17417,scored,perfect,-350057
59608869123,4,17418,scored,perfect,247876
59616872122,0,17419,scored,perfect,404191
59618834836,11,17420,scored,perfect,-511834
59620834202,1,17421,scored,perfect,-405927
59625871021,6,17422,scored,perfect,364446
59626835161,8,17423,scored,perfect,-175254
59626836314,2,17424,scored,perfect,-400593
59629840727,7,17425,scored,perfect,-429819
59631840288,15,17426,scored,perfect,26015
59633869767,14,17427,scored,perfect,517932
59637834532,13,17428,scored,perfect,-481924
59638835065,10,17429,scored,perfect,236780
59641834902,12,17430,scored,perfect,39153
59646834799,9,17431,scored,perfect,-83931
59648835537,4,17432,scored,perfect,-31362
59648836126,3,17433,scored,perfect,-199574
59654834245,5,17434,scored,perfect,-324455
59662834153,1,17435,scored,perfect,143345
59663837471,0,17436,scored,perfect,386093
59664835971,11,17437,scored,perfect,545476
59665836583,6,17438,scored,perfect,-451588
59668835963,2,17439,scored,perfect,329791
59668836762,8,17440,scored,perfect,242245
59673837456,14,17441,scored,perfect,-380898
59676842142,7,17442,scored,perfect,-173046
59684839656,15,17443,scored,perfect,300273
59687834612,13,17444,scored,perfect,515717
59687835288,12,17445,scored,perfect,-438043
59688834830,4,17446,scored,perfect,-356962
59690834911,10,17447,scored,perfect,331891
59692837363,9,17448,scored,perfect,405703
59697839510,5,17449,scored,perfect,-141938
59699870061,3,17450,scored,perfect,-78816
59704834810,0,17451,scored,perfect,412393
59704835451,1,17452,scored,perfect,-251089
59705837200,11,17453,scored,perfect,-36948
59709836731,2,17454,scored,perfect,569340
59711835730,8,17455,scored,perfect,-326883
59712838195,6,17456,scored,perfect,558330
59717836004,14,17457,scored,perfect,-259902
59718834914,7,17458,scored,perfect,113597
59728834619,13,17459,scored,perfect,-301535
59739837947,9,17460,scored,perfect,98530
59745859664,10,17461,scored,perfect,387657
59749832167,0,17462,scored,perfect,304888
59752835603,12,17463,scored,perfect,60902
59757837463,6,17464,scored,perfect,-326033
59758834642,8,17465,scored,perfect,-151662
59759840241,1,17466,scored,perfect,-476879
59761832246,4,17467,scored,perfect,-331080
59762837285,2,17468,scored,perfect,-426477
59765878113,11,17469,scored,perfect,54730
59767834454,5,17470,scored,perfect,466181
59768835180,15,17471,scored,perfect,360533
59768835643,3,17472,scored,perfect,-206214
59771834801,13,17473,scored,perfect,-70353
59772837684,7,17474,scored,perfect,106119
59774871504,14,17475,scored,perfect,-207734
59782839417,9,17476,scored,perfect,32667
59787834753,10,17477,scored,perfect,-402521
59798837244,6,17478,scored,perfect,229239
59798837803,12,17479,scored,perfect,-368113
59800831542,8,17480,scored,perfect,324897
59802843367,0,17481,scored,perfect,-328455
59806835424,1,17482,scored,perfect,-488398
59809837753,3,17483,scored,perfect,-235452
59810836202,5,17484,scored,perfect,257942
59810836663,4,17485,scored,perfect,-98846
59816836100,13,17486,scored,perfect,-129194
59817841109,7,17487,scored,perfect,429243
59818837784,15,17488,scored,perfect,-561477
59820838088,11,17489,scored,perfect,42698
59822840756,2,17490,scored,perfect,567826
59825885091,9,17491,scored,perfect,335894
59832834094,10,17492,scored,perfect,201048
59836834475,14,17493,scored,perfect,-292542
59843835740,8,17494,scored,perfect,-227421
59854834566,1,17495,scored,perfect,179734
59862867170,6,17496,scored,perfect,-78869
59866835065,15,17497,scored,perfect,-356405
59868835514,3,17498,scored,perfect,459374
59868836000,4,17499,scored,perfect,-410242
59870833896,5,17500,scored,perfect,-456556
59872836703,2,17501,scored,perfect,514180
59875832298,11,17502,scored,perfect,69353
59875832729,13,17503,scored,perfect,-89999
59878866898,12,17504,scored,perfect,401803
59880836970,0,17505,scored,perfect,-328386
59881834814,7,17506,scored,perfect,203999
59881835248,9,17507,scored,perfect,195754
59881835604,14,17508,scored,perfect,-124153
59882869373,10,17509,scored,perfect,-171821
59884838389,8,17510,scored,perfect,-352686
59894835102,1,17511,scored,perfect,-43027
59910839258,4,17513,scored,perfect,-210155
59910839696,15,17512,scored,perfect,-124177
59914835752,3,17514,scored,perfect,340941
59914836371,5,17515,scored,perfect,335159
59917840443,6,17516,scored,perfect,4814
59918834155,2,17517,scored,perfect,-278264
59919837095,12,17518,scored,perfect,198130
59926835271,0,17519,scored,perfect,-257202
59927837777,9,17520,scored,perfect,344120
59932832851,14,17521,scored,perfect,97662
59933833539,13,17522,scored,perfect,477208
59933834025,8,17523,scored,perfect,-153719
59935836000,7,17524,scored,perfect,196977
59939834030,1,17525,scored,perfect,-106710
59940833501,11,17526,scored,perfect,197069
59945872320,10,17527,scored,perfect,-179285
59951835536,15,17528,scored,perfect,-448301
59956832811,4,17529,scored,perfect,-398380
59958834253,3,17530,scored,perfect,-171982
59959837579,5,17531,scored,perfect,438447
59962869951,6,17532,scored,perfect,153019
59967835588,2,17533,scored,perfect,464654
59969834706,12,17534,scored,perfect,215462
59969835241,0,17535,scored,perfect,-136705
59970898333,9,17536,scored,perfect,-122624
59974832029,13,17537,scored,perfect,87325
59980836998,14,17538,scored,perfect,-322340
59994835684,1,17540,scored,perfect,-268483
59994836342,7,17539,scored,perfect,-82116
59995869013,11,17541,scored,perfect,464731
59996835556,8,17542,scored,perfect,456275
59997839141,4,17543,scored,perfect,17969
59997839527,15,17544,scored,perfect,-238247
59999868035,3,17546,scored,perfect,135790
59999870561,5,17545,scored,perfect,447294
60004837950,6,17547,scored,perfect,-512225
60015886267,0,17548,scored,perfect,229906
60017835663,9,17549,scored,perfect,-241480
60028857777,14,17550,scored,perfect,309884
60030837617,12,17551,scored,perfect,-213727
60032832285,2,17553,scored,perfect,-250189
60032832709,13,17552,scored,perfect,-120252
60034838710,10,17554,scored,perfect,302990
60037868802,11,17555,scored,perfect,408269
60038835325,1,17556,scored,perfect,402108
60043835354,15,17557,scored,perfect,114086
60053833616,5,17558,scored,perfect,376950
60053834185,4,17559,scored,perfect,-465783
60057835917,7,17560,scored,perfect,217375
60057836488,6,17561,scored,perfect,-401134
60062834071,0,17562,scored,perfect,310892
60062834728,3,17563,scored,perfect,-512106
60064837096,8,17564,scored,perfect,486638
60067833785,9,17565,scored,perfect,322905
60069834171,14,17566,scored,perfect,-366952
60071834534,12,17567,scored,perfect,-286183
60073836407,2,17568,scored,perfect,312255
60074869204,13,17569,scored,perfect,392804
60074872807,10,17570,scored,perfect,-87788
60079869320,1,17571,scored,perfect,-67596
60081834912,11,17572,scored,perfect,-96781
60085838362,15,17573,scored,perfect,327184
60094833329,5,17574,scored,perfect,-312262
60097836027,7,17575,scored,perfect,-134629
60098832557,4,17576,scored,perfect,276456
60100858950,6,17577,scored,perfect,532994
60102834889,0,17578,scored,perfect,-15484
60106837365,3,17579,scored,perfect,223230
60107869756,9,17580,scored,perfect,-33279
60110841591,8,17581,scored,perfect,442489
60119840395,2,17582,scored,perfect,-345750
60122840486,12,17583,scored,perfect,170044
60131836831,13,17584,scored,perfect,14814
60138839520,4,17585,scored,perfect,244264
60138840343,11,17586,scored,perfect,217144
60139840792,7,17587,scored,perfect,177085
60140836589,6,17588,scored,perfect,-488138
60144840484,5,17589,scored,perfect,-399525
60151838887,15,17590,scored,perfect,-13620
60153832834,8,17591,scored,perfect,318893
60156836660,3,17592,scored,perfect,141648
60156837487,10,17593,scored,perfect,-21038
60158834206,0,17594,scored,perfect,-321917
60160840808,14,17595,scored,perfect,-394286
60163840420,1,17596,scored,perfect,123924
60163841063,2,17597,scored,perfect,-208121
60164842581,12,17598,scored,perfect,478987
60164843296,9,17599,scored,perfect,-234033
60172837634,13,17600,scored,perfect,537794
60179872255,7,17601,scored,perfect,-31386
60181841468,6,17602,scored,perfect,144179
60183834684,11,17603,scored,perfect,-137950
60187834498,4,17604,scored,perfect,421337
60187835140,5,17605,scored,perfect,10376
60194835906,8,17606,scored,perfect,-41685
60195834390,15,17607,scored,perfect,232018
60196839513,3,17608,scored,perfect,-42015
60197839879,10,17609,scored,perfect,113180
60200863467,0,17610,scored,perfect,-5129
60214835605,13,17611,scored,perfect,19086
60215839707,14,17612,scored,perfect,38942
60215840538,1,17613,scored,perfect,-255073
60217837248,2,17614,scored,perfect,-455049
60218839717,12,17615,scored,perfect,312571
60218840375,9,17616,scored,perfect,-71613
60221839837,7,17617,scored,perfect,177975
60224834094,6,17618,scored,perfect,9141
60225844284,11,17619,scored,perfect,-318136
60231836746,4,17620,scored,perfect,76998
60237886586,5,17621,scored,perfect,134925
60238837193,3,17622,scored,perfect,208497
60240837546,10,17623,scored,perfect,264788
60240838187,8,17624,scored,perfect,-606350
60242834407,0,17625,scored,perfect,-317842
60243848622,15,17626,scored,perfect,154473
60258837877,13,17627,scored,perfect,281200
60260837208,9,17628,scored,perfect,-302015
60261844904,7,17630,scored,perfect,158924
60261845729,12,17629,scored,perfect,216227
60263837325,14,17631,scored,perfect,326428
60268834890,2,17632,scored,perfect,-271092
60273837916,4,17633,scored,perfect,498711
60275884280,11,17634,scored,perfect,277796
60302889291,3,17635,scored,perfect,361222
60307839509,0,17636,scored,perfect,232227
60314840040,12,17637,scored,perfect,-56524
60316838325,1,17638,scored,perfect,253634
60318837285,5,17639,scored,perfect,201795
60318837974,9,17640,scored,perfect,-614816
60321865828,8,17641,scored,perfect,277244
60323834689,11,17642,scored,perfect,363000
60323835156,15,17643,scored,perfect,179613
60325833656,6,17644,scored,perfect,-65892
60326838861,4,17645,scored,perfect,-293429
60329868229,7,17646,scored,perfect,430216
60331834093,10,17647,scored,perfect,259279
60338838157,13,17648,scored,perfect,-145447
60344838905,14,17649,scored,perfect,25693
60346837531,3,17650,scored,perfect,-67784
60348837214,2,17651,scored,perfect,-448166
60351842176,0,17652,scored,perfect,448964
60354883080,12,17653,scored,perfect,-109291
60359837390,5,17654,scored,perfect,-97968
60376837879,1,17655,scored,perfect,-151323
60387851436,6,17656,scored,perfect,-352958
60388839833,3,17657,scored,perfect,330043
60395837764,15,17658,scored,perfect,-330390
60397845944,12,17659,scored,perfect,577084
60399886587,0,17660,scored,perfect,-254040
60403837852,5,17661,scored,perfect,634247
60407844190,8,17662,scored,perfect,171469
60411837743,14,17663,scored,perfect,-105262
60412835470,9,17664,scored,perfect,-411753
60413839339,10,17665,scored,perfect,-11143
60417842177,11,17666,scored,perfect,459540
60418835964,1,17667,scored,perfect,-551156
60419838911,4,17668,scored,perfect,-328383
60420835221,7,17669,scored,perfect,123342
60426839987,2,17670,scored,perfect,345401
60428873137,3,17671,scored,perfect,71638
60440836470,6,17672,scored,perfect,335406
60440837169,0,17673,scored,perfect,-345736
60441884302,12,17674,scored,perfect,411347
60441884897,15,17675,scored,perfect,-247347
60448840604,13,17676,scored,perfect,198136
60450834193,8,17677,scored,perfect,-117412
60451839893,14,17678,scored,perfect,-506341
60452840402,5,17679,scored,perfect,329856
60453877011,9,17680,scored,perfect,65519
60454835155,10,17681,scored,perfect,-403500
60457849488,11,17682,scored,perfect,-577010
60459841030,1,17683,scored,perfect,-306141
60461834096,4,17684,scored,perfect,381497
60467838432,2,17686,scored,perfect,-410756
60467839664,7,17685,scored,perfect,-355964
60469839441,3,17687,scored,perfect,124610
60481837256,6,17688,scored,perfect,607319
60483857867,0,17689,scored,perfect,-128046
60485840317,12,17690,scored,perfect,-231949
60486835724,15,17691,scored,perfect,173656
60489837469,13,17692,scored,perfect,215715
60492838379,8,17693,scored,perfect,543102
60492839111,14,17694,scored,perfect,-308226
60493835383,9,17695,scored,perfect,-533498
60495833016,5,17697,scored,perfect,-526246
60495833549,10,17696,scored,perfect,-477288
60498841008,11,17698,scored,perfect,-359517
60501838886,4,17699,scored,perfect,146531
60505841001,1,17700,scored,perfect,-239512
60508832298,2,17701,scored,perfect,-259056
60509839155,7,17702,scored,perfect,255413
60510840413,3,17703,scored,perfect,-45416
60522838843,6,17704,scored,perfect,606885
60524867136,0,17705,scored,perfect,-87460
60526839604,15,17706,scored,perfect,-380538
60528833012,12,17707,scored,perfect,-353472
60529833947,13,17708,scored,perfect,-477918
60532836242,8,17709,scored,perfect,245641
60534840854,14,17710,scored,perfect,587316
60536892587,9,17711,scored,perfect,389471
60538839669,10,17712,scored,perfect,389157
60540880207,5,17713,scored,perfect,-185518
60543839794,4,17714,scored,perfect,-340212
60548840786,11,17715,scored,perfect,-71252
60551834278,1,17716,scored,perfect,265006
60555839197,7,17717,scored,perfect,31470
60556840325,2,17718,scored,perfect,599605
60556841530,3,17719,scored,perfect,328453
60571842305,0,17720,scored,perfect,272900
60572839154,12,17721,scored,perfect,696905
60572840900,15,17722,scored,perfect,78295
60575836162,8,17723,scored,perfect,47652
60575836871,6,17724,scored,perfect,-441043
60576839124,14,17725,scored,perfect,418299
60581836691,5,17726,scored,perfect,181493
60582871779,13,17727,scored,perfect,241563
60584842160,9,17728,scored,perfect,-517533
60590892884,10,17729,scored,perfect,561475
60590893561,11,17730,scored,perfect,-58871
60596839144,4,17731,scored,perfect,-259344
60600870141,1,17732,scored,perfect,478110
60602836142,3,17733,scored,perfect,359552
60603834308,7,17734,scored,perfect,221228
60605836010,2,17735,scored,perfect,339853
60614835712,15,17736,scored,perfect,343432
60618839444,0,17737,scored,perfect,-539005
60622838012,6,17738,scored,perfect,644459
60624862800,8,17739,scored,perfect,-93632
60625831950,12,17740,scored,perfect,-423626
60626836420,5,17741,scored,perfect,132709
60629860183,9,17742,scored,perfect,305534
60632839101,11,17743,scored,perfect,335479
60633835194,13,17744,scored,perfect,-90128
60633835684,10,17745,scored,perfect,-408794
60634840342,14,17746,scored,perfect,-35547
60638840024,4,17747,scored,perfect,-39182
60642839490,1,17748,scored,perfect,-493723
60642840568,3,17749,scored,perfect,-494218
60644836445,7,17750,scored,perfect,26
60647842082,2,17751,scored,perfect,-256435
60655837065,15,17752,scored,perfect,-100885
60663839734,6,17753,scored,perfect,-294226
60667839794,12,17754,scored,perfect,-333228
60677836752,0,17755,scored,perfect,-322665
60681836789,10,17756,scored,perfect,205227
60682842109,8,17757,scored,perfect,332123
60682842822,9,17758,scored,perfect,-322528
60682843298,11,17759,scored,perfect,-342850
60682843895,13,17760,scored,perfect,-423772
60684842379,4,17761,scored,perfect,-475124
60685842043,5,17762,scored,perfect,429500
60686839010,1,17763,scored,perfect,97262
60686839583,3,17764,scored,perfect,-343617
60692839272,7,17765,scored,perfect,-36007
60692840020,14,17766,scored,perfect,-395666
60698840560,2,17767,scored,perfect,60810
60700870252,15,17768,scored,perfect,18711
60704838665,6,17769,scored,perfect,285475
60720872130,12,17770,scored,perfect,361565
60720876383,0,17771,scored,perfect,247592
60727837316,3,17772,scored,perfect,387082
60727838043,9,17773,scored,perfect,292333
60728884670,10,17774,scored,perfect,673176
60731839248,8,17775,scored,perfect,-33656
60733837087,1,17776,scored,perfect,81986
60734836964,5,17777,scored,perfect,417279
60736885162,7,17778,scored,perfect,548822
60737836615,13,17779,scored,perfect,-387966
60742838478,15,17780,scored,perfect,489563
60743836644,14,17781,scored,perfect,250607
60745837751,11,17782,scored,perfect,-453174
60748849429,4,17783,scored,perfect,176011
60749836668,6,17784,scored,perfect,194825
60751838403,2,17785,scored,perfect,76738
60762888678,0,17786,scored,perfect,376821
60770834632,12,17787,scored,perfect,-52169
60770835720,9,17788,scored,perfect,-287906
60773840465,8,17789,scored,perfect,314964
60773841220,1,17790,scored,perfect,-19882
60780839731,7,17791,scored,perfect,-332289
60784846202,13,17792,scored,perfect,-21103
60785836772,10,17793,scored,perfect,241629
60787885546,5,17794,scored,perfect,89581
60795837707,15,17795,scored,perfect,-527396
60797838984,2,17796,scored,perfect,-441436
60800836570,6,17797,scored,perfect,-72873
60800837252,14,17798,scored,perfect,-237483
60801837288,11,17799,scored,perfect,-391485
60802849754,3,17800,scored,perfect,-256946
60804834568,0,17801,scored,perfect,357665
60804835290,4,17802,scored,perfect,-542026
60811851133,12,17803,scored,perfect,81412
60812838173,9,17804,scored,perfect,365391
60814836905,8,17805,scored,perfect,-357984
60818837921,1,17806,scored,perfect,84802
60825836809,13,17807,scored,perfect,-192977
60835836943,10,17808,scored,perfect,78487
60838843835,15,17809,scored,perfect,252278
60848836060,3,17810,scored,perfect,541473
60848837237,4,17811,scored,perfect,260863
60849885690,11,17813,scored,perfect,403460
60849888902,14,17812,scored,perfect,420966
60852836482,0,17814,scored,perfect,-315858
60853872122,5,17815,scored,perfect,125569
60855837132,8,17816,scored,perfect,106809
60858878850,6,17817,scored,perfect,335631
60858879685,9,17818,scored,perfect,-322701
60860833896,12,17819,scored,perfect,-336028
60864836621,1,17820,scored,perfect,-312148
60865844538,7,17821,scored,perfect,-593554
60867835213,13,17822,scored,perfect,-187141
60867835744,2,17823,scored,perfect,-301417
60875837534,10,17824,scored,perfect,-278908
60878836700,15,17825,scored,perfect,-117505
60891833799,4,17826,scored,perfect,-444158
60892840841,11,17827,scored,perfect,540120
60894833969,0,17828,scored,perfect,102431
60896835572,3,17829,scored,perfect,12052
60896836166,8,17830,scored,perfect,-547060
60898836881,6,17831,scored,perfect,218910
60900836610,9,17832,scored,perfect,-427691
60902841739,14,17833,scored,perfect,46290
60903835040,12,17834,scored,perfect,-414743
60904837386,5,17835,scored,perfect,-352467
60905839876,1,17836,scored,perfect,-27760
60907834349,7,17837,scored,perfect,-502464
60909839975,2,17838,scored,perfect,82462
60909840755,13,17839,scored,perfect,-161419
60919845382,10,17840,scored,perfect,-223734
60922837486,15,17841,scored,perfect,-442056
60932835736,11,17842,scored,perfect,-168813
60934834488,0,17843,scored,perfect,-97383
60935837257,4,17844,scored,perfect,261219
60938834803,3,17845,scored,perfect,-283128
60939837329,8,17846,scored,perfect,4116
60942838326,6,17847,scored,perfect,-301951
60942839175,9,17848,scored,perfect,-440936
60948835774,14,17849,scored,perfect,410145
60950834927,13,17850,scored,perfect,-446472
60955845048,1,17851,scored,perfect,24229
60957838986,5,17852,scored,perfect,-120213
60957839663,2,17854,scored,perfect,-612712
60957840126,12,17853,scored,perfect,-591300
60959838717,7,17855,scored,perfect,-185521
60962868351,10,17856,scored,perfect,433405
60963837009,15,17857,scored,perfect,236424
60973844496,11,17858,scored,perfect,131136
60974874908,0,17859,scored,perfect,-455895
60976837096,4,17860,scored,perfect,-198626
60981836856,3,17861,scored,perfect,440468
60981837359,8,17862,scored,perfect,116286
60983898936,6,17863,scored,perfect,75566
60986837894,9,17864,scored,perfect,-221906
60988836579,14,17865,scored,perfect,193891
60993836916,13,17866,scored,perfect,351039
60997836417,1,17867,scored,perfect,-379537
60999866819,12,17868,scored,perfect,355391
61010840147,5,17869,scored,perfect,-217562
61018850047,11,17870,scored,perfect,-538072
