id,lane,target_ns,stage
0,11,1000668691,calibration
1,12,1004448616,calibration
2,0,1006200303,calibration
3,4,1006273244,calibration
4,2,1006413194,calibration
5,6,1008033809,calibration
6,15,1008593005,calibration
7,1,1013123823,calibration
8,9,1015972909,calibration
9,7,1020295956,calibration
10,8,1020569414,calibration
11,3,1022959105,calibration
12,10,1024196833,calibration
13,5,1026419543,calibration
14,14,1029742112,calibration
15,13,1030149526,calibration
16,11,1041782776,calibration
17,4,1050081102,calibration
18,15,1056036588,calibration
19,2,1059036030,calibration
20,0,1059301767,calibration
21,9,1060051488,calibration
22,6,1062108201,calibration
23,12,1062201743,calibration
24,7,1063464190,calibration
25,8,1070993516,calibration
26,13,1071832722,calibration
27,14,1072566621,calibration
28,1,1073014928,calibration
29,5,1073033115,calibration
30,10,1074467944,calibration
31,3,1076513606,calibration
32,11,1084783881,calibration
33,4,1091592546,calibration
34,2,1099662266,calibration
35,15,1100009857,calibration
36,9,1101492730,calibration
37,0,1101565778,calibration
38,12,1102771178,calibration
39,7,1107810057,calibration
40,6,1115326909,calibration
41,5,1115884075,calibration
42,8,1117853724,calibration
43,3,1118719573,calibration
44,1,1121096549,calibration
45,14,1121575757,calibration
46,10,1123495469,calibration
47,13,1123917297,calibration
48,11,1125163251,calibration
49,4,1133517676,calibration
50,15,1140486651,calibration
51,9,1141726897,calibration
52,2,1142034636,calibration
53,12,1146048560,calibration
54,0,1146590531,calibration
55,7,1151530156,calibration
56,8,1160375274,calibration
57,6,1163496499,calibration
58,5,1163605817,calibration
59,1,1168925601,calibration
60,11,1169570313,calibration
61,10,1173069620,calibration
62,3,1173681543,calibration
63,2,1183156628,calibration
64,9,1185434026,calibration
65,12,1191655735,calibration
66,13,1193460037,calibration
67,0,1195141431,calibration
68,4,1195145876,calibration
69,14,1199169206,calibration
70,15,1202136702,calibration
71,7,1206956225,calibration
72,6,1207113386,calibration
73,5,1207124515,calibration
74,8,1207244861,calibration
75,11,1209911562,calibration
76,1,1212791853,calibration
77,3,1213994286,calibration
78,10,1218887828,calibration
79,2,1223981702,calibration
80,9,1226281026,calibration
81,13,1233473109,calibration
82,12,1238853456,calibration
83,4,1242388901,calibration
84,14,1243506450,calibration
85,15,1243684238,calibration
86,0,1250670872,calibration
87,7,1258748934,calibration
88,10,1262788562,calibration
89,8,1273091798,calibration
90,3,1273795626,calibration
91,11,1274488524,calibration
92,2,1275578087,calibration
93,6,1276815051,calibration
94,1,1279777555,calibration
95,9,1280402371,calibration
96,13,1281902949,calibration
97,5,1283241160,calibration
98,14,1284999546,calibration
99,15,1285160340,calibration
100,12,1287438470,calibration
101,4,1290226435,calibration
102,0,1295000255,calibration
103,7,1301905269,calibration
104,10,1305598489,calibration
105,8,1314550865,calibration
106,11,1316598443,calibration
107,6,1320387860,calibration
108,9,1321421081,calibration
109,13,1322769524,calibration
110,3,1324684705,calibration
111,5,1328670364,calibration
112,14,1333716943,calibration
113,15,1334427381,calibration
114,0,1335428832,calibration
115,12,1336959358,calibration
116,4,1338933459,calibration
117,1,1347802006,calibration
118,2,1351892746,calibration
119,7,1353812087,calibration
120,10,1354287516,calibration
121,8,1354959436,calibration
122,11,1357740423,calibration
123,9,1363187141,calibration
124,6,1364236746,calibration
125,3,1367092031,calibration
126,13,1368949997,calibration
127,5,1371230724,calibration
128,15,1374837960,calibration
129,0,1385993345,calibration
130,12,1393090752,calibration
131,2,1395240491,calibration
132,7,1397069105,calibration
133,14,1400225415,calibration
134,10,1400715268,calibration
135,11,1401344761,calibration
136,1,1403836101,calibration
137,9,1405650924,calibration
138,8,1406498643,calibration
139,4,1407883169,calibration
140,6,1408838437,calibration
141,13,1409028437,calibration
142,3,1410143449,calibration
143,5,1414960199,calibration
144,15,1415406047,calibration
145,0,1426017467,calibration
146,12,1435664841,calibration
147,2,1436314112,calibration
148,14,1443536060,calibration
149,1,1447891224,calibration
150,6,1457061412,calibration
151,13,1458799981,calibration
152,10,1458883082,calibration
153,8,1469033265,calibration
154,3,1469914114,calibration
155,7,1472776953,calibration
156,11,1473692539,calibration
157,9,1474526748,calibration
158,12,1477523525,calibration
159,4,1478044207,calibration
160,15,1478122452,calibration
161,0,1479564624,calibration
162,5,1480807527,calibration
163,2,1493077031,calibration
164,14,1497113993,calibration
165,6,1497180740,calibration
166,1,1498573430,calibration
167,13,1503709758,calibration
168,8,1509274373,calibration
169,10,1512861868,calibration
170,7,1514176154,calibration
171,3,1516266638,calibration
172,4,1519502515,calibration
173,9,1523561874,calibration
174,15,1526888267,calibration
175,12,1527594929,calibration
176,5,1532066445,calibration
177,0,1533025910,calibration
178,11,1533679400,calibration
179,1,1540374382,calibration
180,14,1540649061,calibration
181,6,1543534440,calibration
182,2,1549032806,calibration
183,8,1549449090,calibration
184,13,1551914010,calibration
185,10,1553752359,calibration
186,7,1555328407,calibration
187,4,1562020739,calibration
188,3,1562167379,calibration
189,9,1564555132,calibration
190,15,1570337230,calibration
191,12,1570908807,calibration
192,0,1576255423,calibration
193,11,1576276739,calibration
194,5,1578302888,calibration
195,6,1592866107,calibration
196,1,1593419977,calibration
197,10,1595261700,calibration
198,7,1596660995,calibration
199,14,1596883436,calibration
200,8,1597408058,calibration
201,4,1607370840,calibration
202,9,1612326311,calibration
203,13,1612681864,calibration
204,2,1620137284,calibration
205,12,1622191556,calibration
206,5,1625599883,calibration
207,15,1630017392,calibration
208,10,1642210128,calibration
209,6,1642650063,calibration
210,7,1646482214,calibration
211,4,1652676486,calibration
212,8,1654216849,calibration
213,9,1654478322,calibration
214,3,1654659690,calibration
215,0,1660046387,calibration
216,2,1660890267,calibration
217,14,1661034546,calibration
218,1,1662388600,calibration
219,13,1662746188,calibration
220,11,1664788219,calibration
221,12,1665425904,calibration
222,15,1670492583,calibration
223,5,1674900299,calibration
224,6,1685582116,calibration
225,10,1685668150,calibration
226,7,1699627002,calibration
227,3,1700185881,calibration
228,1,1705672615,calibration
229,11,1709079186,calibration
230,15,1712602043,calibration
231,5,1715508650,calibration
232,8,1717116137,calibration
233,14,1719477896,calibration
234,4,1723143304,calibration
235,0,1723649851,calibration
236,12,1724266729,calibration
237,2,1725262541,calibration
238,13,1725344327,calibration
239,10,1728719664,calibration
240,9,1731608622,calibration
241,6,1736866480,calibration
242,3,1740400822,calibration
243,7,1743655584,calibration
244,1,1745693698,calibration
245,11,1749516622,calibration
246,15,1752942935,calibration
247,8,1759464503,calibration
248,5,1762605741,calibration
249,12,1768531036,calibration
250,14,1777055501,calibration
251,10,1778398348,calibration
252,6,1780205600,calibration
253,3,1781793203,calibration
254,13,1782912555,calibration
255,0,1785460146,calibration
256,1,1785765193,calibration
257,2,1786285119,calibration
258,7,1791671120,calibration
259,4,1795075188,calibration
260,15,1799137405,calibration
261,11,1801972201,calibration
262,9,1802102542,calibration
263,8,1805244141,calibration
264,12,1809470804,calibration
265,5,1809871205,calibration
266,14,1819039788,calibration
267,10,1821147046,calibration
268,6,1825378519,calibration
269,0,1829043984,calibration
270,1,1830663618,calibration
271,13,1830810807,calibration
272,2,1831002353,calibration
273,3,1835539735,calibration
274,15,1840868817,calibration
275,7,1841334835,calibration
276,11,1842373037,calibration
277,9,1845194555,calibration
278,8,1848240982,calibration
279,5,1850099825,calibration
280,12,1851510716,calibration
281,4,1856242541,calibration
282,14,1867131537,calibration
283,6,1869189559,calibration
284,10,1870280952,calibration
285,2,1871608251,calibration
286,0,1871903997,calibration
287,1,1877340635,calibration
288,3,1882417911,calibration
289,11,1883395900,calibration
290,7,1886555885,calibration
291,13,1889265804,calibration
292,5,1893647955,calibration
293,9,1893736959,calibration
294,4,1896830843,calibration
295,8,1899390950,calibration
296,15,1901529450,calibration
297,12,1901621469,calibration
298,14,1907385946,calibration
299,6,1909578318,calibration
300,10,1910803381,calibration
301,0,1913614163,calibration
302,2,1914303980,calibration
303,1,1920490246,calibration
304,3,1923619418,calibration
305,11,1924100771,calibration
306,7,1930056350,calibration
307,9,1934820614,calibration
308,13,1943268811,calibration
309,5,1943403280,calibration
310,8,1943563907,calibration
311,14,1947528852,calibration
312,4,1947754214,calibration
313,15,1948139040,calibration
314,6,1957259361,calibration
315,2,1957783951,calibration
316,10,1958240854,calibration
317,12,1969235869,calibration
318,1,1983585688,calibration
319,0,1986368061,calibration
320,15,1993291308,calibration
321,14,1994975774,calibration
322,11,1999991898,calibration
323,6,2001632732,calibration
324,7,2002649020,calibration
325,2,2005939256,calibration
326,5,2010009904,calibration
327,9,2013928788,calibration
328,12,2015812559,calibration
329,8,2017195891,calibration
330,4,2017718436,calibration
331,10,2018219743,calibration
332,13,2019754769,calibration
333,3,2020922516,calibration
334,1,2024670650,calibration
335,0,2027172006,calibration
336,15,2034941179,calibration
337,14,2035468008,calibration
338,11,2040042601,calibration
339,6,2041960857,calibration
340,7,2045780536,calibration
341,2,2045976275,calibration
342,9,2056587647,calibration
343,8,2062270448,calibration
344,10,2063115450,calibration
345,12,2067482766,calibration
346,5,2072802211,calibration
347,0,2080002483,calibration
348,11,2084464559,calibration
349,6,2086237741,calibration
350,2,2087075639,calibration
351,14,2087116372,calibration
352,7,2087475388,calibration
353,3,2089828618,calibration
354,13,2090840128,calibration
355,15,2097657959,calibration
356,4,2101437100,calibration
357,8,2106775074,calibration
358,9,2107064332,calibration
359,10,2110451564,calibration
360,1,2111164682,calibration
361,5,2115425910,calibration
362,12,2119958062,calibration
363,11,2125439083,calibration
364,6,2126818185,calibration
365,0,2128286364,calibration
366,2,2130655290,calibration
367,7,2130802908,calibration
368,13,2131177490,calibration
369,3,2139101160,calibration
370,4,2143208504,calibration
371,8,2147742954,calibration
372,14,2148432712,calibration
373,9,2149719273,calibration
374,15,2156913002,calibration
375,5,2157284099,calibration
376,10,2157411206,calibration
377,1,2158215859,calibration
378,12,2160728096,calibration
379,11,2166863095,calibration
380,6,2167330038,calibration
381,0,2168370012,calibration
382,13,2175592452,calibration
383,7,2185833519,calibration
384,2,2195391018,calibration
385,14,2197824850,calibration
386,3,2203219778,calibration
387,1,2208098182,calibration
388,9,2208148640,calibration
389,10,2210509434,calibration
390,4,2214185799,calibration
391,11,2214268742,calibration
392,12,2216549635,calibration
393,6,2216675681,calibration
394,15,2218397577,calibration
395,5,2220863209,calibration
396,0,2223756833,calibration
397,8,2228156912,calibration
398,13,2229225766,calibration
399,7,2230208182,calibration
400,2,2236717215,calibration
401,14,2243844512,calibration
402,3,2245358058,calibration
403,1,2249066051,calibration
404,10,2250979506,calibration
405,9,2253628542,calibration
406,11,2257677305,calibration
407,12,2258423678,calibration
408,15,2259984542,calibration
409,5,2261289168,calibration
410,4,2266660071,calibration
411,0,2267841611,calibration
412,6,2267960035,calibration
413,7,2271893461,calibration
414,13,2272808613,calibration
415,8,2279894887,calibration
416,2,2281137026,calibration
417,14,2284128414,calibration
418,3,2290051529,calibration
419,10,2291573727,calibration
420,1,2292486119,calibration
421,9,2294451166,calibration
422,11,2298251410,calibration
423,12,2305455459,calibration
424,5,2306905798,calibration
425,0,2308923283,calibration
426,4,2316821251,calibration
427,7,2319888970,calibration
428,6,2329454352,calibration
429,9,2335734013,calibration
430,10,2336917080,calibration
431,2,2342240096,calibration
432,8,2342732137,calibration
433,3,2344056215,calibration
434,1,2344101146,calibration
435,13,2345459966,calibration
436,11,2345640224,calibration
437,14,2349919881,calibration
438,15,2350205466,calibration
439,5,2352711101,calibration
440,4,2358565737,calibration
441,12,2358642470,calibration
442,0,2360628966,calibration
443,7,2365055869,calibration
444,6,2375528199,calibration
445,9,2376033189,calibration
446,10,2378193030,calibration
447,3,2384085675,calibration
448,1,2385885630,calibration
449,8,2393898970,calibration
450,5,2394108134,calibration
451,2,2396194580,calibration
452,14,2397035652,calibration
453,13,2397613259,calibration
454,12,2399885337,calibration
455,15,2401640173,calibration
456,0,2412096345,calibration
457,11,2413585155,calibration
458,4,2414288616,calibration
459,7,2415417233,calibration
460,9,2416341972,calibration
461,6,2416787259,calibration
462,10,2418324550,calibration
463,3,2425587114,calibration
464,1,2432087356,calibration
465,5,2435454376,calibration
466,8,2435492362,calibration
467,2,2436588330,calibration
468,14,2437298955,calibration
469,13,2438880125,calibration
470,15,2443294850,calibration
471,12,2449004306,calibration
472,0,2453966274,calibration
473,4,2454844963,calibration
474,6,2458296751,calibration
475,7,2463321962,calibration
476,10,2463575135,calibration
477,11,2466187308,calibration
478,3,2467398323,calibration
479,9,2469789753,calibration
480,1,2472223267,calibration
481,13,2481151918,calibration
482,5,2482706203,calibration
483,2,2482784391,calibration
484,14,2486167697,calibration
485,15,2487765575,calibration
486,8,2491431218,calibration
487,12,2491758452,calibration
488,0,2494018160,calibration
489,4,2498978762,calibration
490,6,2504106504,calibration
491,7,2504209094,calibration
492,10,2505649903,calibration
493,11,2513016573,calibration
494,1,2515119566,calibration
495,3,2516237606,calibration
496,9,2518992184,calibration
497,13,2523998659,calibration
498,2,2524756929,calibration
499,15,2530952152,calibration
500,5,2531148317,calibration
501,12,2532774731,calibration
502,8,2539144660,calibration
503,4,2539494442,calibration
504,14,2542623371,calibration
505,0,2543644419,calibration
506,10,2545846387,calibration
507,7,2546596294,calibration
508,6,2546825140,calibration
509,3,2559180115,calibration
510,1,2564957198,calibration
511,13,2566032754,calibration
512,5,2573765289,calibration
513,11,2574175352,calibration
514,8,2579237060,calibration
515,2,2581653227,calibration
516,15,2581882977,calibration
517,0,2590165800,calibration
518,9,2592512069,calibration
519,7,2597983188,calibration
520,6,2604654802,calibration
521,3,2605044162,calibration
522,12,2605645132,calibration
523,13,2607774073,calibration
524,4,2608391675,calibration
525,10,2614113329,calibration
526,11,2618085144,calibration
527,1,2618200544,calibration
528,8,2619924783,calibration
529,5,2619980839,calibration
530,14,2625253242,calibration
531,15,2627738463,calibration
532,2,2628826084,calibration
533,0,2630742885,calibration
534,9,2634329164,calibration
535,7,2640226886,calibration
536,4,2649343453,calibration
537,13,2649930686,calibration
538,3,2650044456,calibration
539,12,2650732399,calibration
540,6,2652637620,calibration
541,10,2656851232,calibration
542,1,2660081476,calibration
543,11,2662771523,calibration
544,8,2672234281,calibration
545,0,2674765089,calibration
546,9,2677418795,calibration
547,15,2677540694,calibration
548,2,2678746027,calibration
549,14,2686304772,calibration
550,5,2687237010,calibration
551,7,2688829034,calibration
552,4,2689413748,calibration
553,12,2692441222,calibration
554,3,2694285918,calibration
555,6,2694866565,calibration
556,13,2705880832,calibration
557,11,2710511925,calibration
558,10,2715004600,calibration
559,8,2717474690,calibration
560,9,2718204477,calibration
561,1,2722817646,calibration
562,0,2726197894,calibration
563,15,2727235704,calibration
564,5,2728820978,calibration
565,14,2730042816,calibration
566,7,2730169528,calibration
567,2,2734639922,calibration
568,12,2739956014,calibration
569,3,2742275498,calibration
570,6,2742481364,calibration
571,13,2750058651,calibration
572,10,2762140543,calibration
573,11,2765211393,calibration
574,15,2768695461,calibration
575,0,2770336178,calibration
576,8,2771986679,calibration
577,1,2772323593,calibration
578,4,2777398914,calibration
579,14,2781164027,calibration
580,9,2782836629,calibration
581,12,2783506635,calibration
582,5,2786467884,calibration
583,7,2786685075,calibration
584,6,2787618200,calibration
585,2,2790762781,calibration
586,3,2792037592,calibration
587,13,2795382006,calibration
588,10,2802834853,calibration
589,15,2809739776,calibration
590,11,2810232763,calibration
591,0,2816768023,calibration
592,8,2817299576,calibration
593,1,2817712516,calibration
594,14,2821688760,calibration
595,12,2823801103,calibration
596,4,2824503566,calibration
597,5,2827370018,calibration
598,9,2828813386,calibration
599,3,2832946936,calibration
600,10,2848677138,calibration
601,2,2854201513,calibration
602,15,2854773527,calibration
603,8,2858133561,calibration
604,7,2859399988,calibration
605,0,2860645214,calibration
606,11,2860790991,calibration
607,1,2862806715,calibration
608,4,2865000503,calibration
609,13,2868431149,calibration
610,9,2868914587,calibration
611,12,2869510523,calibration
612,5,2871002920,calibration
613,6,2871103112,calibration
614,14,2871727809,calibration
615,3,2873113896,calibration
616,10,2892606437,calibration
617,2,2895242192,calibration
618,15,2895726686,calibration
619,7,2901653062,calibration
620,0,2904438970,calibration
621,4,2907525701,calibration
622,11,2910922584,calibration
623,8,2914045833,calibration
624,12,2914479801,calibration
625,3,2920535330,calibration
626,13,2921040211,calibration
627,6,2925902304,calibration
628,14,2926433844,calibration
629,5,2927058899,calibration
630,1,2928703716,calibration
631,9,2929148753,calibration
632,10,2934355700,calibration
633,15,2936105874,calibration
634,2,2936389839,calibration
635,7,2943878086,calibration
636,0,2949007612,calibration
637,4,2950016214,calibration
638,11,2951788777,calibration
639,12,2957472487,calibration
640,8,2958868547,calibration
641,3,2964623127,calibration
642,13,2965075989,calibration
643,6,2966203049,calibration
644,14,2968141133,calibration
645,1,2969113994,calibration
646,5,2971196037,calibration
647,9,2971702289,calibration
648,10,2974954895,calibration
649,15,2983244352,calibration
650,2,2983587796,calibration
651,7,2984271378,calibration
652,11,2991892549,calibration
653,0,2994526168,calibration
654,4,2998762044,calibration
655,12,3000186553,calibration
656,8,3000732926,calibration
657,3,3009773584,calibration
658,14,3012438239,calibration
659,9,3014450814,calibration
660,13,3024132596,calibration
661,7,3027920665,calibration
662,15,3027964823,calibration
663,5,3036695272,calibration
664,6,3040163206,calibration
665,1,3044800761,calibration
666,3,3050951035,calibration
667,4,3055993611,calibration
668,10,3056309370,calibration
669,2,3057659809,calibration
670,11,3066908084,calibration
671,5,3077472221,calibration
672,14,3077960611,calibration
673,7,3078939649,calibration
674,15,3080061996,calibration
675,9,3081000028,calibration
676,1,3085490861,calibration
677,8,3087518318,calibration
678,12,3087940737,calibration
679,0,3089260585,calibration
680,13,3091098569,calibration
681,6,3092632740,calibration
682,3,3094998968,calibration
683,4,3096200468,calibration
684,2,3097883943,calibration
685,10,3101100353,calibration
686,11,3107683010,calibration
687,5,3119694128,calibration
688,9,3123723847,calibration
689,1,3125871850,calibration
690,0,3129900527,calibration
691,14,3131218444,calibration
692,13,3131402144,calibration
693,7,3131534067,calibration
694,15,3143538316,calibration
695,12,3144857686,calibration
696,10,3145578202,calibration
697,2,3146397348,calibration
698,11,3147910302,calibration
699,3,3148009613,calibration
700,8,3155191152,calibration
701,4,3157073099,calibration
702,6,3162341427,calibration
703,5,3165825885,calibration
704,1,3169657658,calibration
705,9,3171074200,calibration
706,0,3172677266,calibration
707,7,3176633788,calibration
708,13,3179205972,calibration
709,14,3180283703,calibration
710,15,3183606110,calibration
711,10,3185606496,calibration
712,12,3187643050,calibration
713,11,3189184739,calibration
714,2,3198373167,calibration
715,6,3202565565,calibration
716,4,3205851430,calibration
717,5,3206181350,calibration
718,8,3206858767,calibration
719,1,3210282968,calibration
720,9,3212981733,calibration
721,7,3219171048,calibration
722,0,3220529256,calibration
723,13,3222884321,calibration
724,3,3224764069,calibration
725,10,3234962825,calibration
726,12,3235193903,calibration
727,15,3235509911,calibration
728,14,3236502329,calibration
729,6,3244544692,calibration
730,2,3245189648,calibration
731,11,3245381513,calibration
732,8,3250155971,calibration
733,1,3250316597,calibration
734,5,3251677701,calibration
735,4,3257009372,calibration
736,9,3257941555,calibration
737,7,3260219296,calibration
738,0,3264116571,calibration
739,13,3264367585,calibration
740,3,3266292099,calibration
741,10,3275060763,calibration
742,12,3276757533,calibration
743,15,3278843771,calibration
744,14,3279002195,calibration
745,11,3291868258,calibration
746,5,3295727307,calibration
747,8,3299233598,calibration
748,6,3299255336,calibration
749,4,3299381322,calibration
750,1,3300186776,calibration
751,9,3300829407,calibration
752,2,3303610155,calibration
753,0,3306275772,calibration
754,7,3306887272,calibration
755,13,3308532482,calibration
756,15,3320364717,calibration
757,14,3322491498,calibration
758,12,3323504794,calibration
759,10,3324391945,calibration
760,3,3328921619,calibration
761,11,3336724449,calibration
762,1,3340313046,calibration
763,9,3345551115,calibration
764,4,3367316830,calibration
765,14,3374542008,calibration
766,7,3375856703,calibration
767,0,3375903272,calibration
768,13,3377672226,calibration
769,12,3388045996,calibration
770,1,3389244048,calibration
771,8,3389737163,calibration
772,15,3397589791,calibration
773,5,3401114586,calibration
774,2,3402023876,calibration
775,3,3403819811,calibration
776,6,3407666162,calibration
777,10,3410922025,calibration
778,11,3415171809,calibration
779,4,3418151777,calibration
780,13,3421368191,calibration
781,14,3421957623,calibration
782,9,3423191004,calibration
783,0,3428764519,calibration
784,1,3432039062,calibration
785,12,3432076230,calibration
786,7,3432585890,calibration
787,8,3433407230,calibration
788,15,3437922683,calibration
789,5,3445925138,calibration
790,2,3447294956,calibration
791,6,3449693204,calibration
792,3,3449830969,calibration
793,13,3461547435,calibration
794,4,3461958985,calibration
795,10,3468128492,calibration
796,11,3468480816,calibration
797,14,3468692288,calibration
798,9,3470217403,calibration
799,0,3471261994,calibration
800,1,3474115477,calibration
801,12,3474231979,calibration
802,8,3479484264,calibration
803,15,3497392090,calibration
804,2,3499137201,calibration
805,4,3502696826,calibration
806,6,3504066816,calibration
807,9,3510614887,calibration
808,7,3511206896,calibration
809,12,3518465699,calibration
810,3,3518518107,calibration
811,1,3520021689,calibration
812,8,3522653382,calibration
813,14,3523060097,calibration
814,11,3528268277,calibration
815,13,3528603089,calibration
816,5,3529755781,calibration
817,10,3536860000,calibration
818,0,3538379177,calibration
819,15,3539624717,calibration
820,6,3544751036,calibration
821,2,3546233778,calibration
822,4,3547057412,calibration
823,3,3559457289,calibration
824,1,3562447907,calibration
825,8,3564451136,calibration
826,7,3565056457,calibration
827,12,3565962491,calibration
828,9,3566261430,calibration
829,14,3567751967,calibration
830,13,3570252115,calibration
831,5,3573896792,calibration
832,11,3574015924,calibration
833,10,3577155122,calibration
834,0,3580500821,calibration
835,15,3581395897,calibration
836,4,3587451818,calibration
837,6,3588641781,calibration
838,2,3589320060,calibration
839,3,3601306203,calibration
840,1,3602999290,calibration
841,8,3605204141,calibration
842,7,3607085068,calibration
843,12,3610497553,calibration
844,9,3613389541,calibration
845,10,3617191919,calibration
846,13,3623310290,calibration
847,14,3626137184,calibration
848,5,3626163726,calibration
849,4,3629279958,calibration
850,2,3630860898,calibration
851,6,3632061645,calibration
852,11,3632521526,calibration
853,15,3634112913,calibration
854,0,3636059828,calibration
855,8,3645956034,calibration
856,7,3650531998,calibration
857,3,3653169682,calibration
858,12,3654624086,calibration
859,1,3655073024,calibration
860,9,3656363098,calibration
861,10,3663219837,calibration
862,13,3663435457,calibration
863,14,3667971683,calibration
864,5,3669272401,calibration
865,4,3670394187,calibration
866,2,3670920192,calibration
867,11,3678415645,calibration
868,6,3680473225,calibration
869,15,3682232628,calibration
870,0,3687548146,calibration
871,3,3694164737,calibration
872,1,3695381790,calibration
873,13,3706976696,calibration
874,12,3709571058,calibration
875,9,3710371343,calibration
876,5,3712045789,calibration
877,14,3716581230,calibration
878,10,3717478948,calibration
879,15,3722810205,calibration
880,4,3724251442,calibration
881,11,3728212825,calibration
882,8,3729327464,calibration
883,0,3733562176,calibration
884,2,3735655406,calibration
885,6,3737936762,calibration
886,7,3741982872,calibration
887,3,3742209270,calibration
888,1,3750240734,calibration
889,9,3755514959,calibration
890,13,3761204268,calibration
891,10,3761239077,calibration
892,12,3764150249,calibration
893,15,3768583598,calibration
894,5,3772604137,calibration
895,0,3774499660,calibration
896,8,3775804864,calibration
897,2,3781861014,calibration
898,14,3783278449,calibration
899,4,3786905950,calibration
900,3,3788223953,calibration
901,1,3791444384,calibration
902,11,3791992304,calibration
903,7,3792504939,calibration
904,6,3796674436,calibration
905,12,3807449914,calibration
906,9,3808646776,calibration
907,13,3811425085,calibration
908,15,3814098495,calibration
909,5,3814178351,calibration
910,0,3815877716,calibration
911,2,3823311419,calibration
912,8,3824282381,calibration
913,10,3826275869,calibration
914,4,3829942151,calibration
915,3,3831072213,calibration
916,14,3831361804,calibration
917,1,3831534124,calibration
918,11,3832871586,calibration
919,7,3836006079,calibration
920,6,3839305243,calibration
921,15,3855919348,calibration
922,13,3857555044,calibration
923,5,3858857434,calibration
924,9,3859543044,calibration
925,12,3861558523,calibration
926,8,3865807670,calibration
927,2,3869099010,calibration
928,10,3869268175,calibration
929,3,3874217774,calibration
930,4,3878972701,calibration
931,11,3879346695,calibration
932,14,3881431326,calibration
933,0,3885330594,calibration
934,7,3888922275,calibration
935,6,3893876375,calibration
936,1,3895731071,calibration
937,15,3897409364,calibration
938,5,3901501055,calibration
939,8,3906019295,calibration
940,12,3907498667,calibration
941,13,3909855907,calibration
942,9,3911436848,calibration
943,10,3911805647,calibration
944,3,3915738249,calibration
945,2,3917163443,calibration
946,4,3919091119,calibration
947,7,3930769993,calibration
948,11,3931538290,calibration
949,6,3934273764,calibration
950,14,3934467539,calibration
951,0,3935462977,calibration
952,1,3939218205,calibration
953,5,3942246977,calibration
954,15,3942413058,calibration
955,8,3948409302,calibration
956,12,3948707793,calibration
957,13,3950779646,calibration
958,9,3953724571,calibration
959,10,3955336397,calibration
960,3,3957330769,calibration
961,4,3959109337,calibration
962,2,3959759644,calibration
963,11,3974278500,calibration
964,14,3976488478,calibration
965,6,3976599588,calibration
966,0,3982378468,calibration
967,1,3991236915,calibration
968,12,3995456975,calibration
969,3,3999540145,calibration
970,10,4000609091,calibration
971,7,4001827495,calibration
972,2,4003138075,calibration
973,13,4004111928,calibration
974,15,4006422802,calibration
975,5,4010251439,calibration
976,4,4010841470,calibration
977,8,4014725685,calibration
978,11,4024347262,calibration
979,14,4024577310,calibration
980,9,4027931871,calibration
981,6,4028230095,calibration
982,0,4030366659,calibration
983,1,4032331957,calibration
984,3,4041221243,calibration
985,12,4041982738,calibration
986,10,4042585894,calibration
987,7,4044707955,calibration
988,13,4044742447,calibration
989,15,4046860763,calibration
990,2,4049800385,calibration
991,5,4051177795,calibration
992,4,4051432076,calibration
993,8,4058452361,calibration
994,11,4065321579,calibration
995,14,4067612846,calibration
996,9,4070601855,calibration
997,0,4072974111,calibration
998,6,4080002747,calibration
999,10,4082976610,calibration
1000,7,4090247774,calibration
1001,12,4090331733,calibration
1002,2,4095650902,calibration
1003,5,4102479026,calibration
1004,4,4103704545,calibration
1005,1,4105712217,calibration
1006,14,4109754951,calibration
1007,13,4113796263,calibration
1008,0,4118025637,calibration
1009,15,4118048706,calibration
1010,11,4119695794,calibration
1011,8,4121972230,calibration
1012,3,4124548740,calibration
1013,6,4126658156,calibration
1014,9,4134181623,calibration
1015,2,4135938603,calibration
1016,10,4138721838,calibration
1017,5,4143417186,calibration
1018,7,4144515628,calibration
1019,4,4146632692,calibration
1020,1,4149062216,calibration
1021,12,4153153425,calibration
1022,14,4156537138,calibration
1023,13,4158380235,calibration
1024,0,4159509352,calibration
1025,11,4162015778,calibration
1026,8,4163668387,calibration
1027,6,4168727216,calibration
1028,3,4172017721,calibration
1029,15,4172383703,calibration
1030,9,4174853172,calibration
1031,2,4179893097,calibration
1032,10,4180725993,calibration
1033,5,4185600171,calibration
1034,7,4190445163,calibration
1035,1,4196790253,calibration
1036,12,4196941597,calibration
1037,0,4206130542,calibration
1038,8,4206758152,calibration
1039,14,4209239810,calibration
1040,6,4209292548,calibration
1041,4,4209859082,calibration
1042,13,4211846352,calibration
1043,11,4213777344,calibration
1044,9,4222288095,calibration
1045,15,4228297834,calibration
1046,5,4231913822,calibration
1047,10,4232867477,calibration
1048,2,4234847347,calibration
1049,7,4236307443,calibration
1050,12,4239000821,calibration
1051,1,4243097706,calibration
1052,3,4245534066,calibration
1053,8,4247189009,calibration
1054,0,4248544082,calibration
1055,13,4255720574,calibration
1056,4,4257873204,calibration
1057,14,4259329622,calibration
1058,11,4262893304,calibration
1059,9,4265308978,calibration
1060,6,4265326083,calibration
1061,7,4276471663,calibration
1062,5,4277985811,calibration
1063,2,4280726553,calibration
1064,15,4285687255,calibration
1065,10,4286083386,calibration
1066,3,4288701056,calibration
1067,0,4291144484,calibration
1068,8,4292010139,calibration
1069,12,4293268562,calibration
1070,1,4299031150,calibration
1071,4,4301869611,calibration
1072,11,4303189228,calibration
1073,14,4305261277,calibration
1074,9,4308755698,calibration
1075,6,4309910745,calibration
1076,13,4311864061,calibration
1077,7,4322744291,calibration
1078,2,4328970966,calibration
1079,5,4330677802,calibration
1080,3,4336466854,calibration
1081,10,4336794318,calibration
1082,12,4341790183,calibration
1083,8,4343760375,calibration
1084,1,4345136729,calibration
1085,14,4349023272,calibration
1086,11,4353257385,calibration
1087,4,4355685610,calibration
1088,9,4358274427,calibration
1089,0,4359636567,calibration
1090,13,4360927264,calibration
1091,6,4361041839,calibration
1092,7,4365031815,calibration
1093,15,4365398013,calibration
1094,5,4371733264,calibration
1095,2,4372162726,calibration
1096,3,4378243552,calibration
1097,10,4379170402,calibration
1098,8,4384520850,calibration
1099,12,4384817792,calibration
1100,1,4387561722,calibration
1101,14,4389206820,calibration
1102,11,4395918994,calibration
1103,4,4397652644,calibration
1104,13,4402423631,calibration
1105,6,4406098794,calibration
1106,7,4408116905,calibration
1107,0,4410719711,calibration
1108,9,4411658976,calibration
1109,2,4414012092,calibration
1110,15,4419292198,calibration
1111,3,4421456744,calibration
1112,5,4422965855,calibration
1113,12,4428762890,calibration
1114,8,4437562681,calibration
1115,14,4439754539,calibration
1116,1,4441371874,calibration
1117,4,4450272932,calibration
1118,7,4451924231,calibration
1119,9,4453005484,calibration
1120,11,4453157929,calibration
1121,6,4467878866,calibration
1122,5,4471162623,calibration
1123,0,4473369017,calibration
1124,10,4474546513,calibration
1125,2,4475185697,calibration
1126,12,4477281387,calibration
1127,15,4481463330,calibration
1128,13,4482560653,calibration
1129,14,4486445152,calibration
1130,3,4489802542,calibration
1131,8,4491571160,calibration
1132,7,4492933367,calibration
1133,4,4493754773,calibration
1134,11,4495288896,calibration
1135,9,4498093206,calibration
1136,1,4502460147,calibration
1137,6,4511051530,calibration
1138,10,4515375700,calibration
1139,0,4515977233,calibration
1140,5,4517484752,calibration
1141,12,4519823511,calibration
1142,2,4520619126,calibration
1143,15,4522055658,calibration
1144,13,4522877055,calibration
1145,14,4529234271,calibration
1146,8,4533524938,calibration
1147,3,4534389481,calibration
1148,7,4535492961,calibration
1149,4,4536203112,calibration
1150,11,4536932927,calibration
1151,9,4539573971,calibration
1152,1,4542805259,calibration
1153,6,4552272159,calibration
1154,0,4556554870,calibration
1155,10,4557176012,calibration
1156,5,4559068768,calibration
1157,12,4567393588,calibration
1158,2,4569789038,calibration
1159,14,4571803022,calibration
1160,15,4575710237,calibration
1161,8,4576822244,calibration
1162,3,4583516917,calibration
1163,1,4585702244,calibration
1164,11,4598782532,calibration
1165,0,4602330512,calibration
1166,6,4603450762,calibration
1167,10,4605635875,calibration
1168,7,4607838224,calibration
1169,4,4609673040,calibration
1170,5,4610461362,calibration
1171,2,4612956258,calibration
1172,12,4615381205,calibration
1173,8,4617547137,calibration
1174,14,4623378893,calibration
1175,15,4624520303,calibration
1176,9,4634505945,calibration
1177,3,4635246056,calibration
1178,13,4635504869,calibration
1179,1,4637105642,calibration
1180,11,4641965439,calibration
1181,6,4644068741,calibration
1182,0,4645559298,calibration
1183,10,4647732392,calibration
1184,7,4651426105,calibration
1185,4,4658539953,calibration
1186,2,4660400640,calibration
1187,8,4663265427,calibration
1188,5,4664289151,calibration
1189,12,4672160163,calibration
1190,9,4676218377,calibration
1191,14,4680089067,calibration
1192,15,4681073440,calibration
1193,3,4682568528,calibration
1194,1,4682897937,calibration
1195,11,4683261651,calibration
1196,0,4692053800,calibration
1197,10,4694301035,calibration
1198,13,4696254029,calibration
1199,6,4698127758,calibration
1200,2,4702747059,calibration
1201,8,4703695786,calibration
1202,4,4707491870,calibration
1203,7,4708682534,calibration
1204,5,4712853243,calibration
1205,12,4714297583,calibration
1206,9,4719836605,calibration
1207,11,4723756162,calibration
1208,14,4723862781,calibration
1209,15,4728177694,calibration
1210,1,4728959544,calibration
1211,3,4729595990,calibration
1212,0,4732552091,calibration
1213,10,4736915831,calibration
1214,13,4737334306,calibration
1215,6,4742584374,calibration
1216,2,4743262356,calibration
1217,8,4744217913,calibration
1218,7,4750876538,calibration
1219,4,4752370380,calibration
1220,5,4753234826,calibration
1221,12,4760182136,calibration
1222,9,4763187647,calibration
1223,11,4764324646,calibration
1224,14,4766163128,calibration
1225,15,4769583135,calibration
1226,1,4770904274,calibration
1227,0,4773554870,calibration
1228,10,4779123623,calibration
1229,3,4780246019,calibration
1230,6,4789122971,calibration
1231,13,4789263390,calibration
1232,7,4791687895,calibration
1233,4,4798216256,calibration
1234,2,4800319374,calibration
1235,12,4803740439,calibration
1236,11,4808189899,calibration
1237,14,4810379995,calibration
1238,1,4814315562,calibration
1239,8,4814778555,calibration
1240,15,4818599279,calibration
1241,5,4823277622,calibration
1242,3,4826983506,calibration
1243,9,4830202750,calibration
1244,13,4840085620,calibration
1245,4,4849720066,calibration
1246,2,4850864304,calibration
1247,12,4851124275,calibration
1248,11,4852550674,calibration
1249,14,4852943231,calibration
1250,6,4853767338,calibration
1251,0,4858387930,calibration
1252,8,4867783704,calibration
1253,5,4867923801,calibration
1254,10,4869641839,calibration
1255,7,4870672188,calibration
1256,9,4871864305,calibration
1257,3,4872021530,calibration
1258,1,4877668962,calibration
1259,15,4879800817,calibration
1260,13,4883047782,calibration
1261,4,4890010737,calibration
1262,2,4891278047,calibration
1263,14,4898429477,calibration
1264,12,4904268585,calibration
1265,0,4904304076,calibration
1266,6,4907142081,calibration
1267,5,4908048709,calibration
1268,8,4909044115,calibration
1269,10,4911892843,calibration
1270,9,4912838147,calibration
1271,13,4929695493,calibration
1272,7,4930852731,calibration
1273,11,4931172939,calibration
1274,2,4932055750,calibration
1275,15,4932823486,calibration
1276,4,4933009066,calibration
1277,3,4934780405,calibration
1278,1,4935362852,calibration
1279,14,4938442399,calibration
1280,0,4945458392,calibration
1281,12,4947074346,calibration
1282,8,4949429109,calibration
1283,5,4951601081,calibration
1284,9,4955696106,calibration
1285,6,4955740786,calibration
1286,10,4957513762,calibration
1287,13,4970985184,calibration
1288,15,4976839346,calibration
1289,1,4983790503,calibration
1290,4,4984901678,calibration
1291,3,4984901981,calibration
1292,7,4985006543,calibration
1293,11,4985318553,calibration
1294,0,4986156923,calibration
1295,14,4989053159,calibration
1296,8,4995560318,calibration
1297,5,4996547691,calibration
1298,9,4997158966,calibration
1299,6,4999959220,calibration
1300,12,5000337603,calibration
1301,10,5003012848,calibration
1302,2,5005405777,calibration
1303,13,5012538447,calibration
1304,15,5017860821,calibration
1305,11,5026517465,calibration
1306,0,5028993797,calibration
1307,3,5029004090,calibration
1308,4,5029967112,calibration
1309,1,5030269344,calibration
1310,8,5036047215,calibration
1311,14,5036558459,calibration
1312,9,5041859033,calibration
1313,6,5043454977,calibration
1314,12,5046344262,calibration
1315,5,5049796601,calibration
1316,10,5052230228,calibration
1317,13,5054884012,calibration
1318,2,5060463597,calibration
1319,7,5062396253,calibration
1320,15,5064625805,calibration
1321,11,5067710657,calibration
1322,1,5071229583,calibration
1323,8,5076287353,calibration
1324,9,5088557446,calibration
1325,6,5095592004,calibration
1326,2,5104197483,calibration
1327,14,5104913695,calibration
1328,12,5106901116,calibration
1329,3,5107699357,calibration
1330,7,5108115361,calibration
1331,13,5111108550,calibration
1332,4,5112740217,calibration
1333,15,5112926318,calibration
1334,5,5113089909,calibration
1335,10,5121035853,calibration
1336,11,5123498588,calibration
1337,1,5123723226,calibration
1338,8,5128039695,calibration
1339,0,5129838629,calibration
1340,9,5131402922,calibration
1341,6,5136318499,calibration
1342,14,5145885246,calibration
1343,12,5151850542,calibration
1344,2,5153148060,calibration
1345,7,5154632542,calibration
1346,13,5156214601,calibration
1347,5,5159836742,calibration
1348,3,5161025063,calibration
1349,8,5168607350,calibration
1350,4,5170731207,calibration
1351,11,5174389754,calibration
1352,15,5177354798,calibration
1353,10,5177912758,calibration
1354,6,5179530104,calibration
1355,0,5180306424,calibration
1356,1,5184921807,calibration
1357,9,5184948494,calibration
1358,14,5189053101,calibration
1359,12,5192938642,calibration
1360,7,5195468742,calibration
1361,2,5196266254,calibration
1362,13,5200931533,calibration
1363,5,5204855665,calibration
1364,3,5207130804,calibration
1365,8,5209691182,calibration
1366,4,5211238432,calibration
1367,11,5214640524,calibration
1368,15,5219641929,calibration
1369,10,5221882591,calibration
1370,0,5224536975,calibration
1371,6,5224901985,calibration
1372,1,5225107044,calibration
1373,9,5225378080,calibration
1374,14,5229081008,calibration
1375,12,5233047797,calibration
1376,7,5239273956,calibration
1377,2,5240009291,calibration
1378,13,5242424298,calibration
1379,5,5245527099,calibration
1380,8,5250676273,calibration
1381,4,5252264987,calibration
1382,3,5258010470,calibration
1383,11,5259299130,calibration
1384,15,5260387741,calibration
1385,10,5263603049,calibration
1386,6,5271100126,calibration
1387,1,5271172294,calibration
1388,12,5273880944,calibration
1389,13,5284621578,calibration
1390,7,5285733045,calibration
1391,2,5286775319,calibration
1392,0,5292224204,calibration
1393,8,5294613559,calibration
1394,9,5295034372,calibration
1395,4,5296839824,calibration
1396,14,5298212487,calibration
1397,5,5298254428,calibration
1398,3,5299029191,calibration
1399,10,5303752262,calibration
1400,11,5313131218,calibration
1401,12,5314050891,calibration
1402,15,5317874218,calibration
1403,6,5322709181,calibration
1404,1,5323677405,calibration
1405,13,5325710262,calibration
1406,7,5327560314,calibration
1407,2,5331660632,calibration
1408,0,5334422276,calibration
1409,14,5341231211,calibration
1410,10,5348168880,calibration
1411,8,5348221329,calibration
1412,5,5350014828,calibration
1413,9,5352858305,calibration
1414,11,5358981022,calibration
1415,12,5364262527,calibration
1416,1,5367259507,calibration
1417,4,5368834334,calibration
1418,6,5371036954,calibration
1419,3,5376649249,calibration
1420,15,5379772645,calibration
1421,2,5387125354,calibration
1422,13,5387897127,calibration
1423,0,5392130252,calibration
1424,11,5400915274,calibration
1425,10,5401359597,calibration
1426,8,5402164037,calibration
1427,9,5402552874,calibration
1428,7,5403164733,calibration
1429,12,5405555592,calibration
1430,14,5406582169,calibration
1431,5,5407238428,calibration
1432,4,5410314361,calibration
1433,1,5411890545,calibration
1434,6,5413585177,calibration
1435,3,5418164283,calibration
1436,15,5423274954,calibration
1437,2,5427137042,calibration
1438,13,5431757619,calibration
1439,0,5436748399,calibration
1440,11,5441280128,calibration
1441,9,5443440879,calibration
1442,8,5443466040,calibration
1443,7,5445548379,calibration
1444,14,5447047805,calibration
1445,5,5450340171,calibration
1446,1,5452714260,calibration
1447,4,5453078106,calibration
1448,12,5455909395,calibration
1449,10,5459047324,calibration
1450,3,5459859980,calibration
1451,6,5460837536,calibration
1452,15,5463312616,calibration
1453,2,5468903258,calibration
1454,13,5476410886,calibration
1455,0,5477358317,calibration
1456,11,5482092354,calibration
1457,8,5488713383,calibration
1458,5,5491131121,calibration
1459,7,5495920139,calibration
1460,1,5499695167,calibration
1461,15,5504217994,calibration
1462,12,5507429635,calibration
1463,10,5517666120,calibration
1464,4,5520042737,calibration
1465,9,5520059251,calibration
1466,2,5524964689,calibration
1467,14,5527291398,calibration
1468,0,5530488708,calibration
1469,13,5530499494,calibration
1470,11,5532255783,calibration
1471,8,5533595375,calibration
1472,3,5535062436,calibration
1473,6,5539054058,calibration
1474,7,5541113767,calibration
1475,1,5542209405,calibration
1476,12,5548384399,calibration
1477,15,5549403628,calibration
1478,5,5550013110,calibration
1479,10,5558101938,calibration
1480,9,5562819792,calibration
1481,2,5570450059,calibration
1482,4,5573120900,calibration
1483,11,5574015064,calibration
1484,8,5575663129,calibration
1485,3,5578904264,calibration
1486,6,5582478842,calibration
1487,13,5582905647,calibration
1488,14,5583113226,calibration
1489,0,5585603486,calibration
1490,1,5588904489,calibration
1491,12,5590586204,calibration
1492,15,5595021885,calibration
1493,10,5604941843,calibration
1494,9,5608513402,calibration
1495,7,5616041568,calibration
1496,2,5618006392,calibration
1497,4,5621180970,calibration
1498,11,5637920656,calibration
1499,12,5638635081,calibration
1500,15,5639621210,calibration
1501,1,5641885773,calibration
1502,13,5644023193,calibration
1503,14,5645449658,calibration
1504,10,5646619058,calibration
1505,8,5646628381,calibration
1506,0,5647094622,calibration
1507,5,5654169484,calibration
1508,9,5654887195,calibration
1509,6,5656730428,calibration
1510,2,5658512314,calibration
1511,3,5660853747,calibration
1512,4,5662113112,calibration
1513,7,5662870674,calibration
1514,12,5678926677,calibration
1515,13,5685096988,calibration
1516,1,5686939192,calibration
1517,8,5692559888,calibration
1518,15,5692704933,calibration
1519,0,5699581550,calibration
1520,9,5699739393,calibration
1521,2,5702127470,calibration
1522,4,5702371578,calibration
1523,10,5702976730,calibration
1524,11,5705125112,calibration
1525,5,5706793856,calibration
1526,3,5711926749,calibration
1527,14,5717347061,calibration
1528,7,5718600579,calibration
1529,6,5721993500,calibration
1530,12,5722227774,calibration
1531,13,5725720388,calibration
1532,1,5729560677,calibration
1533,15,5733055031,calibration
1534,8,5734562238,calibration
1535,0,5743207523,calibration
1536,2,5744909857,calibration
1537,10,5746244558,calibration
1538,9,5746539229,calibration
1539,4,5748768780,calibration
1540,11,5751090763,calibration
1541,5,5751330445,calibration
1542,3,5752876083,calibration
1543,14,5757917620,calibration
1544,7,5760088612,calibration
1545,12,5764645727,calibration
1546,13,5768777286,calibration
1547,1,5769760544,calibration
1548,6,5774219005,calibration
1549,15,5780159420,calibration
1550,8,5785113074,calibration
1551,10,5786641237,calibration
1552,14,5802786266,calibration
1553,11,5806845052,calibration
1554,5,5809235271,calibration
1555,12,5810003701,calibration
1556,9,5810199297,calibration
1557,3,5812567385,calibration
1558,4,5813570682,calibration
1559,0,5816181826,calibration
1560,2,5820859433,calibration
1561,1,5824881622,calibration
1562,15,5829195560,calibration
1563,13,5832784222,calibration
1564,8,5838836691,calibration
1565,7,5840196862,calibration
1566,10,5841023728,calibration
1567,6,5842225360,calibration
1568,14,5846667269,calibration
1569,11,5848368020,calibration
1570,5,5850447436,calibration
1571,9,5851241742,calibration
1572,3,5854721931,calibration
1573,12,5856089880,calibration
1574,0,5857895071,calibration
1575,4,5860410504,calibration
1576,2,5861059608,calibration
1577,15,5869308151,calibration
1578,1,5869562127,calibration
1579,6,5886519437,calibration
1580,14,5892481830,calibration
1581,3,5897228340,calibration
1582,10,5899876971,calibration
1583,13,5901868775,calibration
1584,9,5903211111,calibration
1585,7,5904141582,calibration
1586,12,5907124539,calibration
1587,8,5907642058,calibration
1588,4,5907762862,calibration
1589,5,5908955213,calibration
1590,15,5913164226,calibration
1591,0,5917153124,calibration
1592,11,5924051257,calibration
1593,1,5926331349,calibration
1594,2,5926437022,calibration
1595,6,5926847683,calibration
1596,14,5935670905,calibration
1597,3,5938493564,calibration
1598,10,5939981604,calibration
1599,13,5942246458,calibration
1600,9,5945220670,calibration
1601,12,5947352899,calibration
1602,4,5947943509,calibration
1603,5,5952074565,calibration
1604,7,5953073108,calibration
1605,8,5953506061,calibration
1606,15,5955955174,calibration
1607,0,5964475998,calibration
1608,1,5967434743,calibration
1609,6,5967464429,calibration
1610,11,5970006883,calibration
1611,2,5972149183,calibration
1612,10,5984341706,calibration
1613,13,5984827558,calibration
1614,9,5989864528,calibration
1615,3,5991320050,calibration
1616,14,5992880686,calibration
1617,8,5994348973,calibration
1618,5,5995764784,calibration
1619,7,5996153772,calibration
1620,14,11020559872,scored
1621,11,11022927175,scored
1622,7,11023847112,scored
1623,12,11025055169,scored
1624,13,11025894484,scored
1625,4,11027044060,scored
1626,10,11027293769,scored
1627,8,11028160062,scored
1628,1,11030516529,scored
1629,15,11031979784,scored
1630,2,11034100698,scored
1631,3,11039591235,scored
1632,0,11043563900,scored
1633,5,11045445783,scored
1634,6,11047820262,scored
1635,9,11050560619,scored
1636,14,11061133180,scored
1637,10,11067983359,scored
1638,12,11073511813,scored
1639,1,11074111439,scored
1640,4,11075668022,scored
1641,11,11077037982,scored
1642,8,11079090547,scored
1643,15,11088466065,scored
1644,7,11090343585,scored
1645,6,11092106380,scored
1646,0,11094335964,scored
1647,13,11095492012,scored
1648,9,11098111038,scored
1649,2,11100016935,scored
1650,5,11101848265,scored
1651,3,11108032892,scored
1652,10,11108935917,scored
1653,14,11111226250,scored
1654,11,11117966803,scored
1655,4,11118837300,scored
1656,12,11121076350,scored
1657,1,11126361182,scored
1658,8,11126640763,scored
1659,7,11140371093,scored
1660,9,11142583100,scored
1661,15,11147642482,scored
1662,13,11147832442,scored
1663,5,11153419890,scored
1664,2,11155883535,scored
1665,3,11156252139,scored
1666,6,11156719351,scored
1667,10,11161557968,scored
1668,11,11166908061,scored
1669,1,11167873292,scored
1670,8,11170145101,scored
1671,0,11178694930,scored
1672,12,11182039646,scored
1673,4,11184146834,scored
1674,14,11192834658,scored
1675,2,11196105827,scored
1676,7,11199858755,scored
1677,3,11206634336,scored
1678,5,11211289998,scored
1679,8,11212405032,scored
1680,6,11212827752,scored
1681,1,11214601494,scored
1682,15,11215607531,scored
1683,0,11219130016,scored
1684,13,11221103921,scored
1685,11,11222134573,scored
1686,9,11226369920,scored
1687,12,11228743166,scored
1688,4,11229767941,scored
1689,10,11231863398,scored
1690,14,11232900681,scored
1691,2,11236947315,scored
1692,7,11241302126,scored
1693,3,11250560330,scored
1694,5,11251367743,scored
1695,15,11258903057,scored
1696,9,11268634954,scored
1697,11,11269087352,scored
1698,0,11271744191,scored
1699,6,11277947243,scored
1700,4,11278809772,scored
1701,14,11279178319,scored
1702,10,11282430334,scored
1703,2,11282715461,scored
1704,12,11284493354,scored
1705,7,11286506454,scored
1706,5,11294167114,scored
1707,13,11295469091,scored
1708,8,11296592723,scored
1709,1,11303370435,scored
1710,15,11304501111,scored
1711,3,11304973322,scored
1712,9,11308794213,scored
1713,11,11311017231,scored
1714,0,11312246907,scored
1715,6,11320937944,scored
1716,4,11322938231,scored
1717,12,11325468413,scored
1718,7,11333072402,scored
1719,2,11334054833,scored
1720,5,11335484322,scored
1721,13,11335907186,scored
1722,8,11342463725,scored
1723,3,11347670262,scored
1724,0,11354249973,scored
1725,11,11354976328,scored
1726,10,11355168007,scored
1727,9,11359143219,scored
1728,15,11361119949,scored
1729,1,11361420770,scored
1730,6,11363503622,scored
1731,4,11370278600,scored
1732,2,11378371306,scored
1733,12,11378823369,scored
1734,5,11383340299,scored
1735,14,11384729074,scored
1736,8,11385127049,scored
1737,7,11386783679,scored
1738,13,11387417379,scored
1739,3,11389670112,scored
1740,11,11397694223,scored
1741,10,11398897039,scored
1742,15,11404112873,scored
1743,6,11404445022,scored
1744,9,11406931476,scored
1745,1,11407115993,scored
1746,0,11415209241,scored
1747,4,11416443416,scored
1748,2,11427156080,scored
1749,14,11431096247,scored
1750,8,11436411621,scored
1751,12,11440046295,scored
1752,5,11440432858,scored
1753,7,11442550616,scored
1754,10,11443529517,scored
1755,13,11444399159,scored
1756,3,11445157024,scored
1757,9,11447707959,scored
1758,11,11448100195,scored
1759,15,11450972037,scored
1760,1,11456036410,scored
1761,4,11457883767,scored
1762,0,11459843820,scored
1763,6,11459957634,scored
1764,2,11469337798,scored
1765,14,11476218909,scored
1766,8,11478427380,scored
1767,12,11482137521,scored
1768,7,11492452751,scored
1769,10,11495957941,scored
1770,15,11501920143,scored
1771,3,11502458618,scored
1772,5,11507440500,scored
1773,0,11508461649,scored
1774,6,11510034975,scored
1775,9,11510885688,scored
1776,4,11516807203,scored
1777,13,11518320837,scored
1778,2,11519511425,scored
1779,14,11520736683,scored
1780,8,11522835947,scored
1781,11,11528079771,scored
1782,1,11530256448,scored
1783,12,11537740395,scored
1784,15,11542247743,scored
1785,7,11548677019,scored
1786,5,11550809826,scored
1787,0,11553434993,scored
1788,6,11557508800,scored
1789,4,11558175311,scored
1790,3,11565829390,scored
1791,2,11569709504,scored
1792,10,11572373612,scored
1793,14,11574051438,scored
1794,11,11577216280,scored
1795,13,11579519954,scored
1796,8,11582941917,scored
1797,9,11586269371,scored
1798,1,11588190702,scored
1799,12,11589694985,scored
1800,15,11590629276,scored
1801,5,11595957452,scored
1802,7,11596633964,scored
1803,6,11598212098,scored
1804,3,11612314921,scored
1805,4,11614798172,scored
1806,2,11616075035,scored
1807,10,11619186254,scored
1808,11,11619187943,scored
1809,14,11620713792,scored
1810,1,11628577742,scored
1811,15,11632943529,scored
1812,12,11639548509,scored
1813,5,11643738992,scored
1814,6,11644325892,scored
1815,9,11644566740,scored
1816,8,11647970125,scored
1817,0,11648194368,scored
1818,7,11649966097,scored
1819,13,11651040799,scored
1820,4,11659244956,scored
1821,11,11661794261,scored
1822,14,11666804746,scored
1823,3,11670764143,scored
1824,1,11676337815,scored
1825,10,11678359334,scored
1826,2,11681400817,scored
1827,12,11688566134,scored
1828,0,11692641828,scored
1829,5,11692658628,scored
1830,7,11695477486,scored
1831,9,11697926780,scored
1832,6,11698765391,scored
1833,4,11702781908,scored
1834,11,11705334849,scored
1835,8,11707664718,scored
1836,14,11709109479,scored
1837,15,11712627917,scored
1838,3,11712708803,scored
1839,13,11715092780,scored
1840,1,11720218248,scored
1841,2,11721969502,scored
1842,10,11725612624,scored
1843,5,11732833443,scored
1844,7,11742359332,scored
1845,9,11742414385,scored
1846,12,11745783673,scored
1847,0,11751067305,scored
1848,4,11751710143,scored
1849,14,11752234506,scored
1850,8,11752575340,scored
1851,15,11754830484,scored
1852,6,11757581481,scored
1853,13,11765827841,scored
1854,11,11769270676,scored
1855,3,11770488347,scored
1856,2,11775363116,scored
1857,10,11777928130,scored
1858,1,11778395497,scored
1859,5,11781444602,scored
1860,9,11782997092,scored
1861,4,11793172732,scored
1862,0,11793967199,scored
1863,14,11796107426,scored
1864,7,11799242324,scored
1865,6,11799283507,scored
1866,15,11801120207,scored
1867,8,11802556391,scored
1868,12,11802638794,scored
1869,13,11805866920,scored
1870,11,11809589472,scored
1871,3,11811448567,scored
1872,2,11816550098,scored
1873,1,11818442489,scored
1874,10,11819477326,scored
1875,5,11821818575,scored
1876,9,11823289174,scored
1877,0,11836979495,scored
1878,14,11838931106,scored
1879,6,11841689161,scored
1880,13,11846373867,scored
1881,7,11847928426,scored
1882,8,11849194185,scored
1883,4,11853306885,scored
1884,15,11863253963,scored
1885,10,11866442381,scored
1886,3,11867144698,scored
1887,9,11868863126,scored
1888,5,11869223046,scored
1889,2,11872354819,scored
1890,11,11874921661,scored
1891,0,11889848544,scored
1892,8,11892199227,scored
1893,14,11893148029,scored
1894,7,11894184201,scored
1895,1,11901137454,scored
1896,15,11904484521,scored
1897,6,11905175848,scored
1898,5,11909537950,scored
1899,9,11912127200,scored
1900,3,11914997755,scored
1901,12,11920974366,scored
1902,2,11923260320,scored
1903,4,11931703050,scored
1904,8,11932346496,scored
1905,0,11937670762,scored
1906,13,11937705310,scored
1907,10,11939887975,scored
1908,11,11940083424,scored
1909,1,11942591764,scored
1910,7,11943734232,scored
1911,15,11947064826,scored
1912,6,11948139569,scored
1913,14,11948982155,scored
1914,5,11951264801,scored
1915,2,11963334313,scored
1916,3,11966895461,scored
1917,12,11968111018,scored
1918,9,11970767033,scored
1919,4,11972151997,scored
1920,8,11972378746,scored
1921,0,11979632304,scored
1922,1,11984014773,scored
1923,7,11985886802,scored
1924,11,11985991167,scored
1925,13,11987178407,scored
1926,15,11987842204,scored
1927,10,11991430833,scored
1928,5,11992552052,scored
1929,6,11993774802,scored
1930,14,11995138844,scored
1931,2,12004319931,scored
1932,3,12009627403,scored
1933,8,12012538764,scored
1934,9,12014507134,scored
1935,4,12014893973,scored
1936,12,12016194914,scored
1937,0,12021806467,scored
1938,1,12024299110,scored
1939,11,12026558731,scored
1940,13,12027465751,scored
1941,7,12031045571,scored
1942,5,12034995466,scored
1943,6,12036469730,scored
1944,14,12039426959,scored
1945,15,12042155898,scored
1946,10,12042654967,scored
1947,2,12045447529,scored
1948,3,12051399618,scored
1949,8,12054478144,scored
1950,4,12055339548,scored
1951,12,12056501466,scored
1952,9,12056716102,scored
1953,1,12065652701,scored
1954,0,12067411300,scored
1955,13,12069000335,scored
1956,11,12070518364,scored
1957,7,12072762536,scored
1958,5,12075275750,scored
1959,6,12077151008,scored
1960,15,12084558065,scored
1961,10,12086292930,scored
1962,2,12088924029,scored
1963,14,12091518516,scored
1964,3,12092848248,scored
1965,8,12096396423,scored
1966,4,12096415721,scored
1967,12,12097114036,scored
1968,9,12101129021,scored
1969,1,12112574363,scored
1970,7,12113529663,scored
1971,13,12113811089,scored
1972,11,12121295268,scored
1973,0,12124306663,scored
1974,15,12129539752,scored
1975,5,12130039183,scored
1976,2,12135761141,scored
1977,10,12136000624,scored
1978,3,12138249782,scored
1979,6,12141793273,scored
1980,8,12147565658,scored
1981,14,12149312213,scored
1982,9,12150910843,scored
1983,4,12151458371,scored
1984,12,12154328969,scored
1985,1,12155400843,scored
1986,7,12155946579,scored
1987,13,12157248230,scored
1988,11,12162132161,scored
1989,0,12164590659,scored
1990,15,12170720874,scored
1991,5,12171158146,scored
1992,2,12176422096,scored
1993,6,12181801973,scored
1994,3,12183213644,scored
1995,8,12189319242,scored
1996,4,12193820787,scored
1997,14,12196403578,scored
1998,9,12201154165,scored
1999,11,12203041855,scored
2000,10,12205298927,scored
2001,12,12205413892,scored
2002,13,12208041254,scored
2003,7,12208453209,scored
2004,1,12208512187,scored
2005,15,12210933959,scored
2006,0,12211052518,scored
2007,5,12211568274,scored
2008,2,12216708722,scored
2009,3,12224442840,scored
2010,6,12226182971,scored
2011,8,12230753289,scored
2012,14,12240780492,scored
2013,4,12241878639,scored
2014,9,12242314348,scored
2015,11,12244418425,scored
2016,10,12246312164,scored
2017,12,12247850668,scored
2018,13,12249062126,scored
2019,7,12251771275,scored
2020,5,12252425844,scored
2021,0,12255117721,scored
2022,15,12255147684,scored
2023,2,12261670678,scored
2024,1,12264814048,scored
2025,3,12264931150,scored
2026,6,12266547736,scored
2027,8,12270770630,scored
2028,14,12281098771,scored
2029,4,12282092626,scored
2030,9,12282751121,scored
2031,11,12285262405,scored
2032,10,12290927493,scored
2033,12,12291601702,scored
2034,7,12292223555,scored
2035,13,12293643068,scored
2036,0,12297961862,scored
2037,15,12298466128,scored
2038,5,12300511932,scored
2039,2,12306095598,scored
2040,1,12312218239,scored
2041,8,12315478646,scored
2042,3,12316075860,scored
2043,6,12317876372,scored
2044,4,12325781088,scored
2045,14,12327352815,scored
2046,9,12328784910,scored
2047,12,12333519761,scored
2048,10,12333801094,scored
2049,11,12334786818,scored
2050,13,12338588817,scored
2051,7,12339797965,scored
2052,5,12342915082,scored
2053,15,12356463670,scored
2054,8,12357087703,scored
2055,1,12359805178,scored
2056,6,12363074603,scored
2057,4,12366123332,scored
2058,14,12367679180,scored
2059,2,12368708429,scored
2060,9,12372434028,scored
2061,12,12374465102,scored
2062,0,12374698543,scored
2063,13,12378677480,scored
2064,3,12380683846,scored
2065,11,12381402360,scored
2066,10,12383191154,scored
2067,7,12384564200,scored
2068,5,12392942144,scored
2069,8,12397296537,scored
2070,15,12397533708,scored
2071,1,12402832476,scored
2072,6,12404103993,scored
2073,4,12406300726,scored
2074,14,12409045787,scored
2075,2,12409748650,scored
2076,9,12414224283,scored
2077,12,12415232721,scored
2078,0,12415988026,scored
2079,13,12420602880,scored
2080,10,12427043286,scored
2081,3,12430210174,scored
2082,11,12430484208,scored
2083,5,12437291568,scored
2084,7,12442238863,scored
2085,1,12443134515,scored
2086,8,12450555032,scored
2087,6,12451582117,scored
2088,4,12451872442,scored
2089,14,12455183536,scored
2090,12,12456120771,scored
2091,0,12456558872,scored
2092,2,12459770680,scored
2093,13,12461799633,scored
2094,9,12465269292,scored
2095,3,12470354243,scored
2096,15,12470392575,scored
2097,10,12471789963,scored
2098,11,12472770903,scored
2099,5,12481396043,scored
2100,1,12485072990,scored
2101,7,12488975493,scored
2102,8,12491343371,scored
2103,6,12493449843,scored
2104,4,12493998219,scored
2105,14,12496091545,scored
2106,0,12496830000,scored
2107,12,12496837366,scored
2108,2,12500617427,scored
2109,13,12501853484,scored
2110,9,12507078029,scored
2111,15,12511191860,scored
2112,3,12511879468,scored
2113,11,12516466239,scored
2114,10,12517008751,scored
2115,5,12528927571,scored
2116,1,12536157077,scored
2117,4,12538383394,scored
2118,7,12540325359,scored
2119,0,12541260957,scored
2120,8,12541817143,scored
2121,9,12547581142,scored
2122,12,12547596622,scored
2123,13,12548763093,scored
2124,2,12549271172,scored
2125,6,12551134893,scored
2126,15,12554861641,scored
2127,11,12556571170,scored
2128,10,12563930439,scored
2129,3,12564321750,scored
2130,14,12566892854,scored
2131,5,12572816764,scored
2132,1,12578247094,scored
2133,9,12589901281,scored
2134,6,12591446443,scored
2135,13,12593042403,scored
2136,8,12595934253,scored
2137,15,12596845091,scored
2138,12,12597143486,scored
2139,11,12607097457,scored
2140,2,12608233268,scored
2141,14,12608500491,scored
2142,3,12608506558,scored
2143,0,12609409765,scored
2144,7,12611578803,scored
2145,4,12612125305,scored
2146,10,12612682247,scored
2147,5,12614764938,scored
2148,1,12628968602,scored
2149,6,12633437758,scored
2150,9,12633439403,scored
2151,13,12634265410,scored
2152,15,12637054114,scored
2153,12,12638961246,scored
2154,8,12641543930,scored
2155,2,12649958523,scored
2156,3,12653763630,scored
2157,0,12659566618,scored
2158,14,12662955560,scored
2159,7,12665669556,scored
2160,1,12677014930,scored
2161,10,12678768368,scored
2162,11,12679433558,scored
2163,8,12683589945,scored
2164,5,12684529536,scored
2165,9,12691517841,scored
2166,2,12697399843,scored
2167,4,12699230592,scored
2168,15,12700562121,scored
2169,0,12704299737,scored
2170,13,12705214007,scored
2171,14,12707099426,scored
2172,7,12707121599,scored
2173,12,12711371307,scored
2174,11,12719933086,scored
2175,1,12720373271,scored
2176,3,12720407373,scored
2177,5,12725733105,scored
2178,6,12726606568,scored
2179,9,12739416595,scored
2180,8,12740468828,scored
2181,10,12743347472,scored
2182,4,12746403366,scored
2183,7,12749253511,scored
2184,15,12750571486,scored
2185,12,12754761404,scored
2186,14,12757468150,scored
2187,3,12764619897,scored
2188,6,12770920413,scored
2189,11,12770974922,scored
2190,5,12771322357,scored
2191,13,12771627831,scored
2192,0,12771847419,scored
2193,1,12774518785,scored
2194,2,12778495997,scored
2195,9,12782191827,scored
2196,4,12790865445,scored
2197,10,12791002233,scored
2198,7,12792030872,scored
2199,15,12793544802,scored
2200,8,12793587141,scored
2201,12,12796728027,scored
2202,14,12798885686,scored
2203,3,12804945836,scored
2204,5,12817003087,scored
2205,13,12826800065,scored
2206,11,12826815356,scored
2207,6,12827022382,scored
2208,2,12829794452,scored
2209,1,12830215142,scored
2210,9,12830650138,scored
2211,0,12831531097,scored
2212,4,12835064975,scored
2213,10,12837244889,scored
2214,8,12839601176,scored
2215,14,12840186122,scored
2216,15,12842756148,scored
2217,3,12846800122,scored
2218,12,12848827868,scored
2219,7,12850262888,scored
2220,5,12857288588,scored
2221,13,12868279538,scored
2222,11,12868758644,scored
2223,0,12871925898,scored
2224,6,12874879977,scored
2225,1,12879481797,scored
2226,14,12884790346,scored
2227,2,12888912935,scored
2228,8,12890074155,scored
2229,9,12892372932,scored
2230,4,12892499299,scored
2231,7,12894556474,scored
2232,3,12898633556,scored
2233,12,12902293619,scored
2234,5,12905723188,scored
2235,10,12906977928,scored
2236,13,12908974189,scored
2237,11,12909333643,scored
2238,15,12910460095,scored
2239,0,12913258480,scored
2240,6,12915510840,scored
2241,14,12924810705,scored
2242,1,12926033076,scored
2243,4,12937045043,scored
2244,7,12940041990,scored
2245,8,12941084940,scored
2246,9,12943084629,scored
2247,3,12948279153,scored
2248,10,12950226744,scored
2249,2,12954170720,scored
2250,11,12955950501,scored
2251,12,12957792821,scored
2252,13,12958950263,scored
2253,6,12959901528,scored
2254,15,12962174796,scored
2255,0,12967303491,scored
2256,5,12971575713,scored
2257,4,12977300213,scored
2258,1,12978768337,scored
2259,14,12979813567,scored
2260,7,12980266364,scored
2261,9,12984211962,scored
2262,8,12985560380,scored
2263,3,12988792443,scored
2264,10,12990877203,scored
2265,2,12994210011,scored
2266,11,12996072431,scored
2267,12,12998128134,scored
2268,6,13001817358,scored
2269,15,13003187211,scored
2270,0,13008175541,scored
2271,13,13012784105,scored
2272,1,13018784398,scored
2273,5,13018870564,scored
2274,7,13021444712,scored
2275,8,13030228222,scored
2276,3,13030438444,scored
2277,4,13031718070,scored
2278,10,13037488230,scored
2279,14,13038556370,scored
2280,2,13040049471,scored
2281,9,13040122407,scored
2282,15,13044654642,scored
2283,11,13046030266,scored
2284,6,13049443533,scored
2285,0,13049755711,scored
2286,12,13051141231,scored
2287,13,13056550437,scored
2288,1,13062947266,scored
2289,7,13062992841,scored
2290,5,13064712653,scored
2291,8,13074226885,scored
2292,4,13075345002,scored
2293,9,13081587870,scored
2294,10,13087560369,scored
2295,11,13089252281,scored
2296,15,13090345235,scored
2297,6,13090367739,scored
2298,2,13092196805,scored
2299,12,13093818690,scored
2300,0,13095264402,scored
2301,3,13095337307,scored
2302,14,13095768519,scored
2303,13,13099508496,scored
2304,5,13109649348,scored
2305,7,13110686277,scored
2306,1,13110894560,scored
2307,8,13116807316,scored
2308,4,13118583525,scored
2309,9,13124624323,scored
2310,10,13129982826,scored
2311,15,13130691715,scored
2312,11,13132333643,scored
2313,0,13142979139,scored
2314,3,13144289488,scored
2315,13,13145337472,scored
2316,6,13146493795,scored
2317,7,13153309716,scored
2318,14,13153379884,scored
2319,4,13162271996,scored
2320,12,13163198247,scored
2321,2,13167006738,scored
2322,1,13171660926,scored
2323,15,13175337456,scored
2324,11,13175439294,scored
2325,9,13180003011,scored
2326,8,13180615761,scored
2327,5,13184208518,scored
2328,3,13186546682,scored
2329,6,13196120309,scored
2330,14,13197278055,scored
2331,13,13199177676,scored
2332,0,13200930741,scored
2333,7,13202104301,scored
2334,4,13205035777,scored
2335,12,13206635309,scored
2336,10,13207114216,scored
2337,2,13212434381,scored
2338,1,13213825849,scored
2339,11,13217310315,scored
2340,15,13219832051,scored
2341,9,13220564628,scored
2342,5,13225940105,scored
2343,8,13225998187,scored
2344,3,13233374234,scored
2345,6,13236616113,scored
2346,14,13237462347,scored
2347,13,13240419975,scored
2348,0,13243340461,scored
2349,7,13244716064,scored
2350,12,13246872580,scored
2351,4,13247976453,scored
2352,10,13249343536,scored
2353,2,13252533427,scored
2354,1,13255753805,scored
2355,11,13259743470,scored
2356,9,13261059728,scored
2357,5,13268060246,scored
2358,8,13268174615,scored
2359,15,13271699293,scored
2360,3,13273399867,scored
2361,6,13277025636,scored
2362,14,13278471456,scored
2363,13,13282265906,scored
2364,0,13287744577,scored
2365,12,13289217219,scored
2366,4,13289278051,scored
2367,10,13289989559,scored
2368,1,13296354258,scored
2369,11,13299748135,scored
2370,2,13299873240,scored
2371,7,13300315818,scored
2372,5,13308375246,scored
2373,8,13308399764,scored
2374,3,13313718366,scored
2375,9,13317865636,scored
2376,12,13331560022,scored
2377,6,13335668772,scored
2378,7,13342423958,scored
2379,10,13347577422,scored
2380,1,13348668964,scored
2381,13,13350433104,scored
2382,4,13350649886,scored
2383,15,13350762499,scored
2384,14,13350831834,scored
2385,0,13354656221,scored
2386,2,13358580765,scored
2387,8,13359825186,scored
2388,11,13360988440,scored
2389,3,13361274165,scored
2390,9,13363454604,scored
2391,5,13365261624,scored
2392,12,13381265679,scored
2393,7,13382488947,scored
2394,6,13384492045,scored
2395,10,13388494833,scored
2396,1,13389834789,scored
2397,2,13399197776,scored
2398,14,13401046583,scored
2399,8,13403904460,scored
2400,9,13412616111,scored
2401,4,13420768415,scored
2402,0,13430329941,scored
2403,3,13434196412,scored
2404,14,13441228739,scored
2405,6,13444769592,scored
2406,7,13449368994,scored
2407,13,13449819861,scored
2408,10,13450868907,scored
2409,11,13451537564,scored
2410,8,13452070683,scored
2411,5,13452354198,scored
2412,15,13453015922,scored
2413,12,13453413674,scored
2414,1,13453879473,scored
2415,2,13455690456,scored
2416,4,13462788446,scored
2417,9,13463691256,scored
2418,0,13470402346,scored
2419,3,13475133800,scored
2420,14,13482423985,scored
2421,6,13485923168,scored
2422,7,13489981725,scored
2423,15,13493262267,scored
2424,5,13494802045,scored
2425,13,13497208032,scored
2426,11,13497272485,scored
2427,10,13497403114,scored
2428,1,13500252094,scored
2429,8,13506838293,scored
2430,2,13507870879,scored
2431,4,13509209980,scored
2432,0,13513192610,scored
2433,12,13515352723,scored
2434,3,13522164670,scored
2435,9,13522812040,scored
2436,14,13532127558,scored
2437,15,13535914331,scored
2438,5,13537719696,scored
2439,10,13539585614,scored
2440,6,13541040004,scored
2441,7,13544353524,scored
2442,1,13547326091,scored
2443,13,13548789706,scored
2444,2,13550006413,scored
2445,11,13550283821,scored
2446,8,13550492193,scored
2447,4,13551659065,scored
2448,0,13554151988,scored
2449,12,13556908322,scored
2450,3,13565727294,scored
2451,9,13574507787,scored
2452,14,13575167554,scored
2453,5,13578150477,scored
2454,15,13578190129,scored
2455,10,13580349623,scored
2456,6,13586501956,scored
2457,7,13590494875,scored
2458,1,13598936635,scored
2459,0,13599752902,scored
2460,12,13602742247,scored
2461,4,13603724499,scored
2462,13,13605166500,scored
2463,2,13605206999,scored
2464,3,13611528244,scored
2465,11,13611617904,scored
2466,8,13614579152,scored
2467,9,13618922709,scored
2468,10,13621353073,scored
2469,14,13622664421,scored
2470,15,13625394982,scored
2471,5,13625592986,scored
2472,6,13629113629,scored
2473,7,13631029611,scored
2474,1,13641829562,scored
2475,0,13642517420,scored
2476,4,13643856812,scored
2477,13,13645780192,scored
2478,12,13649583114,scored
2479,2,13651188526,scored
2480,3,13651754798,scored
2481,8,13655336929,scored
2482,11,13656619446,scored
2483,14,13664831379,scored
2484,15,13666729169,scored
2485,10,13667187018,scored
2486,5,13668015148,scored
2487,9,13672160219,scored
2488,7,13675742893,scored
2489,6,13679367221,scored
2490,0,13683460556,scored
2491,13,13686753352,scored
2492,1,13687816067,scored
2493,4,13688010160,scored
2494,12,13689767859,scored
2495,2,13693696648,scored
2496,3,13694153862,scored
2497,11,13697408259,scored
2498,14,13710110276,scored
2499,8,13713147395,scored
2500,9,13717469023,scored
2501,7,13721615664,scored
2502,15,13722208333,scored
2503,0,13724777646,scored
2504,13,13726872500,scored
2505,4,13729299826,scored
2506,3,13740822017,scored
2507,12,13741062722,scored
2508,2,13744633951,scored
2509,11,13746472463,scored
2510,10,13750572290,scored
2511,14,13753796527,scored
2512,5,13756152353,scored
2513,8,13756237733,scored
2514,15,13763381725,scored
2515,6,13766740936,scored
2516,13,13768070095,scored
2517,0,13769180603,scored
2518,1,13769402258,scored
2519,7,13769670234,scored
2520,4,13770604253,scored
2521,9,13780009097,scored
2522,3,13780930780,scored
2523,12,13783762008,scored
2524,2,13785300229,scored
2525,11,13788130273,scored
2526,10,13790584929,scored
2527,8,13796633311,scored
2528,14,13797939775,scored
2529,5,13800119730,scored
2530,6,13813166896,scored
2531,7,13813719040,scored
2532,13,13815317858,scored
2533,0,13815801832,scored
2534,1,13818798466,scored
2535,4,13819435840,scored
2536,15,13819994573,scored
2537,9,13820116696,scored
2538,3,13820992559,scored
2539,12,13824900128,scored
2540,2,13830845505,scored
2541,10,13836337196,scored
2542,11,13837833223,scored
2543,8,13843178371,scored
2544,5,13844145954,scored
2545,14,13847572496,scored
2546,7,13853899424,scored
2547,4,13859978219,scored
2548,9,13872273388,scored
2549,6,13874232959,scored
2550,0,13875379886,scored
2551,15,13876416005,scored
2552,11,13881030352,scored
2553,2,13882976301,scored
2554,3,13883525293,scored
2555,8,13888703019,scored
2556,10,13897062683,scored
2557,12,13899170359,scored
2558,14,13903534396,scored
2559,13,13904475810,scored
2560,7,13912362548,scored
2561,4,13912604749,scored
2562,6,13915368985,scored
2563,5,13917736256,scored
2564,9,13919261263,scored
2565,1,13920449131,scored
2566,15,13927143673,scored
2567,11,13933107379,scored
2568,2,13934661392,scored
2569,0,13938991315,scored
2570,14,13949837495,scored
2571,3,13951468852,scored
2572,13,13954019505,scored
2573,7,13956671505,scored
2574,6,13957056522,scored
2575,4,13960279592,scored
2576,1,13961873603,scored
2577,9,13962036780,scored
2578,5,13963994782,scored
2579,8,13964404452,scored
2580,10,13965422301,scored
2581,12,13966570646,scored
2582,15,13968540728,scored
2583,11,13974045650,scored
2584,2,13975392838,scored
2585,0,13980903731,scored
2586,14,13989845388,scored
2587,3,13992430183,scored
2588,13,13998545014,scored
2589,7,14000851362,scored
2590,9,14011755948,scored
2591,15,14013402582,scored
2592,12,14016096404,scored
2593,4,14017499253,scored
2594,1,14024195856,scored
2595,11,14028206312,scored
2596,5,14033549615,scored
2597,3,14035876572,scored
2598,13,14043698727,scored
2599,10,14055736160,scored
2600,15,14056407074,scored
2601,14,14057756695,scored
2602,12,14057813223,scored
2603,6,14063886781,scored
2604,7,14064625267,scored
2605,11,14069458466,scored
2606,5,14073746679,scored
2607,2,14075912321,scored
2608,4,14081989384,scored
2609,3,14082958194,scored
2610,8,14086189296,scored
2611,13,14089472389,scored
2612,0,14093734524,scored
2613,10,14101540147,scored
2614,15,14102446301,scored
2615,12,14102997048,scored
2616,9,14103481286,scored
2617,6,14108329710,scored
2618,11,14113321644,scored
2619,7,14114502319,scored
2620,14,14116450521,scored
2621,1,14117627190,scored
2622,2,14120156939,scored
2623,3,14124794912,scored
2624,8,14129177502,scored
2625,13,14132787869,scored
2626,4,14132808498,scored
2627,5,14133134537,scored
2628,0,14135263569,scored
2629,9,14144589890,scored
2630,15,14145785756,scored
2631,12,14153312022,scored
2632,7,14154875452,scored
2633,6,14155073739,scored
2634,11,14156117168,scored
2635,14,14159308160,scored
2636,2,14160908749,scored
2637,10,14163409773,scored
2638,1,14167832501,scored
2639,3,14168268779,scored
2640,5,14175744862,scored
2641,4,14179382545,scored
2642,8,14183125512,scored
2643,0,14185092827,scored
2644,9,14192793289,scored
2645,6,14195227406,scored
2646,13,14200245623,scored
2647,7,14200501027,scored
2648,2,14201744994,scored
2649,14,14204275630,scored
2650,12,14206738652,scored
2651,11,14207099483,scored
2652,15,14208052583,scored
2653,3,14210448361,scored
2654,10,14213452777,scored
2655,1,14213680187,scored
2656,5,14215866755,scored
2657,4,14220250921,scored
2658,8,14223706689,scored
2659,0,14227592253,scored
2660,9,14240386546,scored
2661,7,14241124552,scored
2662,6,14243055887,scored
2663,2,14245207728,scored
2664,13,14246980181,scored
2665,11,14247412974,scored
2666,15,14250832923,scored
2667,14,14251165420,scored
2668,10,14258813343,scored
2669,5,14261256909,scored
2670,4,14262348282,scored
2671,1,14264933412,scored
2672,8,14269701472,scored
2673,0,14278541712,scored
2674,12,14278979108,scored
2675,3,14282959087,scored
2676,9,14284072870,scored
2677,7,14287048358,scored
2678,6,14289481362,scored
2679,2,14291721641,scored
2680,14,14292069482,scored
2681,15,14295960882,scored
2682,11,14297808005,scored
2683,13,14299287447,scored
2684,10,14300696568,scored
2685,5,14301873640,scored
2686,4,14310169828,scored
2687,1,14313416508,scored
2688,8,14315890450,scored
2689,12,14324808666,scored
2690,2,14332043705,scored
2691,9,14333549359,scored
2692,6,14334387179,scored
2693,0,14334897950,scored
2694,13,14341131318,scored
2695,7,14341780779,scored
2696,15,14344637188,scored
2697,11,14353102090,scored
2698,14,14359183716,scored
2699,5,14361638783,scored
2700,3,14363272952,scored
2701,4,14363436057,scored
2702,10,14363939807,scored
2703,8,14365227565,scored
2704,12,14365473980,scored
2705,1,14368807041,scored
2706,2,14381066125,scored
2707,7,14385004611,scored
2708,15,14389259463,scored
2709,9,14390862827,scored
2710,11,14397059045,scored
2711,6,14399841696,scored
2712,13,14400677745,scored
2713,14,14401394806,scored
2714,0,14403573775,scored
2715,4,14404245024,scored
2716,5,14405277395,scored
2717,8,14405341306,scored
2718,3,14408147371,scored
2719,12,14409133947,scored
2720,1,14417232621,scored
2721,10,14417516226,scored
2722,2,14422205483,scored
2723,7,14425167227,scored
2724,15,14430188159,scored
2725,9,14433849716,scored
2726,11,14438243056,scored
2727,13,14446027802,scored
2728,5,14447625351,scored
2729,6,14451763437,scored
2730,3,14455522093,scored
2731,12,14456380800,scored
2732,8,14456684978,scored
2733,0,14456951588,scored
2734,4,14459833016,scored
2735,10,14462061965,scored
2736,14,14463085413,scored
2737,2,14468463088,scored
2738,7,14470057213,scored
2739,1,14470783925,scored
2740,9,14476304822,scored
2741,11,14481687953,scored
2742,13,14487961210,scored
2743,5,14489383343,scored
2744,15,14492227226,scored
2745,6,14492989010,scored
2746,12,14497267129,scored
2747,0,14497903484,scored
2748,8,14498901796,scored
2749,3,14500281989,scored
2750,4,14500804306,scored
2751,10,14502808910,scored
2752,14,14503526114,scored
2753,2,14509660282,scored
2754,1,14511328170,scored
2755,7,14515323737,scored
2756,9,14528118650,scored
2757,13,14528617534,scored
2758,11,14530502539,scored
2759,5,14531795264,scored
2760,15,14532500579,scored
2761,6,14534211745,scored
2762,12,14537754455,scored
2763,0,14538776621,scored
2764,8,14540299785,scored
2765,3,14540392413,scored
2766,10,14545489411,scored
2767,14,14545545129,scored
2768,2,14550708980,scored
2769,4,14550958342,scored
2770,1,14555145401,scored
2771,7,14556911668,scored
2772,9,14571819235,scored
2773,5,14572471635,scored
2774,3,14584376747,scored
2775,10,14585783310,scored
2776,11,14585902360,scored
2777,13,14599713977,scored
2778,12,14603035548,scored
2779,1,14603672141,scored
2780,7,14605893244,scored
2781,0,14607003092,scored
2782,2,14621286323,scored
2783,15,14623039569,scored
2784,14,14623423608,scored
2785,6,14626882599,scored
2786,11,14628059699,scored
2787,9,14629159412,scored
2788,8,14632156303,scored
2789,5,14632966106,scored
2790,10,14633242685,scored
2791,4,14636269365,scored
2792,3,14636465625,scored
2793,13,14641857852,scored
2794,7,14651984589,scored
2795,0,14654403913,scored
2796,1,14655484848,scored
2797,12,14660219302,scored
2798,2,14663082732,scored
2799,15,14664053368,scored
2800,14,14666934406,scored
2801,6,14670483195,scored
2802,5,14674634110,scored
2803,4,14679189616,scored
2804,9,14679998236,scored
2805,3,14680007991,scored
2806,10,14681165379,scored
2807,8,14682440642,scored
2808,11,14683743799,scored
2809,13,14685205682,scored
2810,7,14692243628,scored
2811,0,14698845940,scored
2812,1,14698964154,scored
2813,2,14703569499,scored
2814,15,14705856068,scored
2815,12,14706211046,scored
2816,14,14712442313,scored
2817,6,14713679013,scored
2818,9,14726113227,scored
2819,8,14728015922,scored
2820,13,14729130529,scored
2821,4,14731879093,scored
2822,3,14733677658,scored
2823,7,14736716016,scored
2824,11,14739858152,scored
2825,5,14740166006,scored
2826,0,14746185010,scored
2827,15,14748839500,scored
2828,14,14754354167,scored
2829,6,14754589511,scored
2830,1,14757965683,scored
2831,10,14766020918,scored
2832,8,14768180310,scored
2833,2,14778970636,scored
2834,7,14779145372,scored
2835,13,14779541637,scored
2836,9,14783195862,scored
2837,3,14786596054,scored
2838,4,14789586978,scored
2839,12,14789618356,scored
2840,5,14791564841,scored
2841,11,14793719114,scored
2842,6,14798445800,scored
2843,14,14801100194,scored
2844,1,14801706651,scored
2845,15,14804036278,scored
2846,0,14805879982,scored
2847,10,14807331906,scored
2848,8,14810783660,scored
2849,13,14819900428,scored
2850,7,14821660863,scored
2851,9,14823801896,scored
2852,2,14824768197,scored
2853,3,14827854530,scored
2854,12,14831710719,scored
2855,4,14835670142,scored
2856,5,14836437284,scored
2857,11,14837006647,scored
2858,6,14840725422,scored
2859,14,14842553029,scored
2860,1,14842891155,scored
2861,15,14845017491,scored
2862,10,14847559020,scored
2863,0,14849338536,scored
2864,8,14851668837,scored
2865,13,14862166296,scored
2866,7,14864430333,scored
2867,9,14866751490,scored
2868,2,14868461860,scored
2869,3,14870442881,scored
2870,12,14872434572,scored
2871,4,14876567547,scored
2872,11,14878278623,scored
2873,14,14884238858,scored
2874,1,14884860675,scored
2875,6,14886718006,scored
2876,5,14887537490,scored
2877,0,14890992980,scored
2878,10,14894896477,scored
2879,8,14899305112,scored
2880,15,14899995785,scored
2881,13,14903557718,scored
2882,7,14906450526,scored
2883,9,14910292953,scored
2884,3,14910838218,scored
2885,4,14917851922,scored
2886,2,14917865401,scored
2887,12,14921551559,scored
2888,11,14923949991,scored
2889,14,14924703389,scored
2890,5,14929024684,scored
2891,6,14929191918,scored
2892,10,14934955217,scored
2893,1,14936819266,scored
2894,8,14939547368,scored
2895,0,14939878091,scored
2896,15,14941131216,scored
2897,7,14947048378,scored
2898,13,14947832300,scored
2899,9,14951366177,scored
2900,3,14952303398,scored
2901,4,14960430951,scored
2902,11,14965687171,scored
2903,2,14969121773,scored
2904,6,14975118421,scored
2905,14,14975775279,scored
2906,10,14976241923,scored
2907,12,14977394839,scored
2908,1,14979043116,scored
2909,5,14979342883,scored
2910,0,14980765897,scored
2911,8,14981699118,scored
2912,15,14986980012,scored
2913,7,14987699174,scored
2914,13,14991184141,scored
2915,9,14993544759,scored
2916,3,14994823000,scored
2917,4,15007178986,scored
2918,11,15008401849,scored
2919,2,15015070235,scored
2920,10,15020492764,scored
2921,0,15030230424,scored
2922,9,15033946133,scored
2923,12,15036492703,scored
2924,13,15045254591,scored
2925,7,15046425853,scored
2926,1,15046517510,scored
2927,8,15047078436,scored
2928,4,15047579827,scored
2929,3,15053130555,scored
2930,15,15053649290,scored
2931,14,15054444468,scored
2932,2,15058973790,scored
2933,6,15060034867,scored
2934,11,15060381356,scored
2935,5,15061955218,scored
2936,10,15064463152,scored
2937,0,15071773092,scored
2938,9,15075309660,scored
2939,12,15078790861,scored
2940,13,15088480001,scored
2941,1,15089618096,scored
2942,8,15092681395,scored
2943,7,15093629489,scored
2944,4,15094208901,scored
2945,3,15095141943,scored
2946,15,15098432189,scored
2947,14,15098820146,scored
2948,11,15100689660,scored
2949,2,15100889636,scored
2950,6,15101264652,scored
2951,5,15104086398,scored
2952,10,15107658045,scored
2953,0,15111836054,scored
2954,9,15120920887,scored
2955,8,15134748870,scored
2956,1,15135752208,scored
2957,3,15140284215,scored
2958,6,15141419073,scored
2959,12,15144997056,scored
2960,14,15146522887,scored
2961,15,15147760980,scored
2962,5,15152380413,scored
2963,0,15154088424,scored
2964,13,15155613054,scored
2965,2,15163598935,scored
2966,7,15169672312,scored
2967,4,15170023977,scored
2968,8,15175223953,scored
2969,10,15178682483,scored
2970,11,15179552319,scored
2971,3,15181353088,scored
2972,1,15182593044,scored
2973,6,15184780966,scored
2974,12,15191416865,scored
2975,14,15192932687,scored
2976,5,15193758596,scored
2977,0,15194417030,scored
2978,15,15194627076,scored
2979,9,15195795373,scored
2980,13,15196315419,scored
2981,7,15210111626,scored
2982,8,15215316455,scored
2983,4,15219761088,scored
2984,10,15222295331,scored
2985,3,15224522405,scored
2986,1,15228996555,scored
2987,5,15234360874,scored
2988,12,15235194173,scored
2989,13,15239603244,scored
2990,2,15239816902,scored
2991,6,15242856618,scored
2992,0,15249682690,scored
2993,11,15250325360,scored
2994,9,15250386217,scored
2995,14,15250419665,scored
2996,7,15250778984,scored
2997,8,15255566777,scored
2998,15,15255597277,scored
2999,4,15260090209,scored
3000,10,15263506169,scored
3001,3,15264913018,scored
3002,1,15269984529,scored
3003,12,15276342138,scored
3004,5,15277033885,scored
3005,13,15279750030,scored
3006,2,15281396305,scored
3007,6,15283660140,scored
3008,0,15289722552,scored
3009,7,15292268169,scored
3010,8,15299780505,scored
3011,10,15304163997,scored
3012,14,15305231121,scored
3013,9,15306226201,scored
3014,15,15306249216,scored
3015,3,15307497353,scored
3016,11,15308792725,scored
3017,1,15312968498,scored
3018,4,15315488759,scored
3019,5,15317997917,scored
3020,12,15318423061,scored
3021,2,15321939483,scored
3022,0,15330317452,scored
3023,6,15330952103,scored
3024,7,15335975394,scored
3025,8,15340217610,scored
3026,13,15345654957,scored
3027,9,15346419270,scored
3028,3,15349672465,scored
3029,1,15353094194,scored
3030,14,15353653808,scored
3031,5,15359216958,scored
3032,12,15362628620,scored
3033,10,15363824398,scored
3034,15,15365737278,scored
3035,4,15367977349,scored
3036,11,15369141184,scored
3037,2,15371933321,scored
3038,0,15374943086,scored
3039,6,15380624423,scored
3040,8,15383492158,scored
3041,7,15384448932,scored
3042,9,15387037578,scored
3043,13,15392981336,scored
3044,5,15403626394,scored
3045,10,15406577019,scored
3046,14,15406853710,scored
3047,1,15411678277,scored
3048,4,15414466956,scored
3049,0,15415074153,scored
3050,11,15417852548,scored
3051,15,15418023720,scored
3052,6,15422810619,scored
3053,7,15424862496,scored
3054,3,15428618662,scored
3055,2,15429947301,scored
3056,13,15433287653,scored
3057,12,15440177287,scored
3058,9,15440384080,scored
3059,8,15441863530,scored
3060,5,15446065480,scored
3061,10,15450552113,scored
3062,14,15451473425,scored
3063,1,15453531323,scored
3064,0,15456627101,scored
3065,11,15458104041,scored
3066,15,15459539533,scored
3067,4,15461407363,scored
3068,6,15465001006,scored
3069,2,15477726237,scored
3070,13,15485616942,scored
3071,7,15486438109,scored
3072,8,15486624235,scored
3073,3,15492001527,scored
3074,5,15493340656,scored
3075,14,15493468495,scored
3076,0,15499022053,scored
3077,11,15499866433,scored
3078,1,15501739402,scored
3079,15,15502359342,scored
3080,12,15502676324,scored
3081,4,15503721932,scored
3082,9,15505149347,scored
3083,10,15511398787,scored
3084,6,15512372756,scored
3085,2,15521527478,scored
3086,7,15527217692,scored
3087,8,15528412936,scored
3088,13,15529685514,scored
3089,5,15536134008,scored
3090,14,15540110826,scored
3091,12,15543000824,scored
3092,4,15545065235,scored
3093,0,15546136000,scored
3094,9,15546701554,scored
3095,1,15547909024,scored
3096,3,15548280141,scored
3097,11,15550538581,scored
3098,10,15552402437,scored
3099,6,15553720403,scored
3100,15,15556964945,scored
3101,2,15561895158,scored
3102,8,15568661158,scored
3103,7,15575633899,scored
3104,5,15579912487,scored
3105,14,15583608368,scored
3106,12,15586495637,scored
3107,3,15588506932,scored
3108,13,15588526474,scored
3109,11,15591473976,scored
3110,1,15593178310,scored
3111,9,15594270432,scored
3112,6,15595616006,scored
3113,0,15597921565,scored
3114,15,15599393998,scored
3115,10,15600100817,scored
3116,4,15603086955,scored
3117,2,15603140651,scored
3118,8,15609042564,scored
3119,7,15622713349,scored
3120,5,15623127891,scored
3121,14,15624317237,scored
3122,3,15629689977,scored
3123,13,15630190103,scored
3124,11,15631761174,scored
3125,12,15632552207,scored
3126,1,15633542916,scored
3127,9,15634462690,scored
3128,6,15636167749,scored
3129,4,15659957316,scored
3130,10,15662590567,scored
3131,8,15662607689,scored
3132,2,15663298581,scored
3133,15,15663307518,scored
3134,14,15668742766,scored
3135,13,15670837331,scored
3136,7,15671029431,scored
3137,1,15673962067,scored
3138,3,15674623695,scored
3139,0,15674866378,scored
3140,9,15675202448,scored
3141,11,15683327388,scored
3142,12,15684971095,scored
3143,5,15690443687,scored
3144,6,15695263770,scored
3145,4,15702884120,scored
3146,10,15703206642,scored
3147,8,15706933640,scored
3148,14,15708796477,scored
3149,15,15710332266,scored
3150,2,15710371854,scored
3151,13,15711074568,scored
3152,3,15715433206,scored
3153,0,15722885340,scored
3154,1,15723725692,scored
3155,9,15725567279,scored
3156,12,15727572408,scored
3157,7,15730166627,scored
3158,11,15735858495,scored
3159,6,15736571304,scored
3160,5,15739200651,scored
3161,10,15743526419,scored
3162,4,15744215342,scored
3163,8,15747214522,scored
3164,15,15754247484,scored
3165,13,15758764626,scored
3166,2,15759739030,scored
3167,14,15761868929,scored
3168,3,15761877739,scored
3169,0,15764955537,scored
3170,1,15767355659,scored
3171,9,15774359474,scored
3172,12,15774605935,scored
3173,7,15775419273,scored
3174,6,15781902044,scored
3175,4,15785480725,scored
3176,11,15789221163,scored
3177,10,15799162574,scored
3178,13,15801689396,scored
3179,14,15802137852,scored
3180,2,15803566278,scored
3181,8,15804136928,scored
3182,5,15805545877,scored
3183,3,15805933291,scored
3184,9,15815170633,scored
3185,12,15823901590,scored
3186,7,15824147549,scored
3187,0,15828597598,scored
3188,4,15831916007,scored
3189,6,15835474984,scored
3190,15,15835730879,scored
3191,8,15846181073,scored
3192,11,15847290978,scored
3193,2,15852408843,scored
3194,14,15853664528,scored
3195,10,15854556221,scored
3196,5,15857994054,scored
3197,7,15864467604,scored
3198,9,15868475850,scored
3199,12,15869168057,scored
3200,13,15870044590,scored
3201,1,15870297740,scored
3202,3,15871604305,scored
3203,0,15871760873,scored
3204,4,15875306706,scored
3205,15,15877877708,scored
3206,6,15880692533,scored
3207,8,15886498842,scored
3208,11,15887871743,scored
3209,2,15897394403,scored
3210,5,15899756683,scored
3211,10,15902679238,scored
3212,7,15904477641,scored
3213,14,15908171346,scored
3214,9,15909120030,scored
3215,1,15910875103,scored
3216,4,15915812274,scored
3217,15,15923267765,scored
3218,8,15928627016,scored
3219,3,15929453309,scored
3220,6,15930081780,scored
3221,13,15932296963,scored
3222,0,15932413481,scored
3223,12,15933387937,scored
3224,11,15933666715,scored
3225,10,15943815837,scored
3226,5,15954640532,scored
3227,4,15957857475,scored
3228,7,15962601629,scored
3229,2,15966367081,scored
3230,8,15970119390,scored
3231,9,15976915084,scored
3232,6,15977341298,scored
3233,12,15983670735,scored
3234,15,15984353249,scored
3235,1,15986811031,scored
3236,10,15988840524,scored
3237,11,15996323801,scored
3238,14,15998792670,scored
3239,13,15999545811,scored
3240,3,16002163130,scored
3241,0,16002198559,scored
3242,5,16003866549,scored
3243,7,16005200096,scored
3244,4,16006340004,scored
3245,2,16008070802,scored
3246,8,16011188241,scored
3247,6,16020175328,scored
3248,9,16021054984,scored
3249,12,16024004820,scored
3250,15,16025078106,scored
3251,10,16034095712,scored
3252,1,16035168894,scored
3253,11,16040864401,scored
3254,14,16041720727,scored
3255,4,16048861386,scored
3256,5,16052986203,scored
3257,3,16053885138,scored
3258,8,16054389491,scored
3259,7,16055428730,scored
3260,13,16060745335,scored
3261,2,16060788925,scored
3262,9,16063831939,scored
3263,12,16064308206,scored
3264,6,16064893845,scored
3265,10,16075562658,scored
3266,1,16076997394,scored
3267,0,16079342997,scored
3268,15,16079671466,scored
3269,11,16082434955,scored
3270,14,16082821806,scored
3271,7,16097004496,scored
3272,4,16099184361,scored
3273,3,16099594468,scored
3274,5,16101294038,scored
3275,6,16109476254,scored
3276,12,16110309790,scored
3277,2,16111585048,scored
3278,13,16112938604,scored
3279,9,16117989641,scored
3280,1,16120692327,scored
3281,15,16120829771,scored
3282,0,16130025987,scored
3283,10,16133255362,scored
3284,8,16135023249,scored
3285,14,16136235908,scored
3286,7,16138995250,scored
3287,3,16148384008,scored
3288,11,16150428767,scored
3289,5,16152802747,scored
3290,1,16161409175,scored
3291,4,16166885037,scored
3292,9,16169622387,scored
3293,13,16170305584,scored
3294,10,16174640810,scored
3295,12,16175930219,scored
3296,0,16181738356,scored
3297,2,16191266054,scored
3298,5,16203104808,scored
3299,6,16204865545,scored
3300,10,16224565159,scored
3301,15,16226073744,scored
3302,8,16226117781,scored
3303,1,16227214394,scored
3304,7,16229642389,scored
3305,12,16229909914,scored
3306,13,16231142380,scored
3307,9,16231912037,scored
3308,14,16233338455,scored
3309,11,16237673593,scored
3310,4,16243893575,scored
3311,2,16244714864,scored
3312,5,16246488677,scored
3313,0,16248720092,scored
3314,3,16259411940,scored
3315,6,16264354462,scored
3316,15,16269285727,scored
3317,7,16271707514,scored
3318,14,16273878209,scored
3319,13,16275055233,scored
3320,9,16279264669,scored
3321,12,16280146070,scored
3322,11,16280239148,scored
3323,10,16281951879,scored
3324,8,16284155631,scored
3325,4,16285691839,scored
3326,5,16288292520,scored
3327,2,16288347703,scored
3328,0,16291996787,scored
3329,1,16298077627,scored
3330,3,16303101024,scored
3331,6,16306085619,scored
3332,15,16315542142,scored
3333,14,16316953042,scored
3334,9,16319389160,scored
3335,13,16323842296,scored
3336,8,16333355661,scored
3337,2,16334021525,scored
3338,11,16343299456,scored
3339,4,16343805742,scored
3340,3,16347109663,scored
3341,7,16350259402,scored
3342,10,16354985900,scored
3343,0,16356169902,scored
3344,1,16356526108,scored
3345,9,16360502385,scored
3346,12,16367607943,scored
3347,6,16368875355,scored
3348,14,16370676087,scored
3349,13,16371281996,scored
3350,5,16378222894,scored
3351,11,16383740982,scored
3352,3,16388006299,scored
3353,8,16389413466,scored
3354,4,16391156978,scored
3355,15,16391894487,scored
3356,7,16391939526,scored
3357,2,16392005820,scored
3358,0,16396584269,scored
3359,10,16400010520,scored
3360,9,16403347853,scored
3361,1,16404165358,scored
3362,12,16408446895,scored
3363,6,16408995002,scored
3364,13,16411674651,scored
3365,14,16411735377,scored
3366,5,16418438280,scored
3367,11,16424036359,scored
3368,8,16429956400,scored
3369,3,16430284563,scored
3370,7,16433425915,scored
3371,4,16433856877,scored
3372,15,16438346560,scored
3373,13,16456324823,scored
3374,2,16457229254,scored
3375,6,16458920585,scored
3376,0,16462136674,scored
3377,9,16466919293,scored
3378,5,16468466282,scored
3379,10,16471248427,scored
3380,12,16472592730,scored
3381,11,16475146945,scored
3382,4,16476964361,scored
3383,3,16487012478,scored
3384,7,16489887271,scored
3385,8,16491279649,scored
3386,15,16491370070,scored
3387,1,16491455611,scored
3388,14,16494968340,scored
3389,2,16505146977,scored
3390,6,16505165326,scored
3391,0,16505437582,scored
3392,13,16506434961,scored
3393,12,16512629079,scored
3394,9,16514469848,scored
3395,5,16514535408,scored
3396,10,16514931731,scored
3397,11,16515591422,scored
3398,4,16517621531,scored
3399,3,16529494497,scored
3400,7,16530813861,scored
3401,14,16541851723,scored
3402,15,16542941635,scored
3403,6,16547788469,scored
3404,1,16551681885,scored
3405,8,16554870801,scored
3406,2,16558625872,scored
3407,10,16562402989,scored
3408,5,16562541073,scored
3409,11,16563184897,scored
3410,12,16564098257,scored
3411,4,16564134373,scored
3412,0,16564518204,scored
3413,13,16567938197,scored
3414,9,16568753320,scored
3415,3,16571099224,scored
3416,7,16574861976,scored
3417,14,16582122629,scored
3418,15,16583433185,scored
3419,6,16589755395,scored
3420,1,16594387350,scored
3421,2,16600397394,scored
3422,8,16602188536,scored
3423,12,16605282622,scored
3424,4,16611193477,scored
3425,10,16611567692,scored
3426,9,16614507195,scored
3427,3,16615079886,scored
3428,13,16620962486,scored
3429,7,16625530254,scored
3430,0,16627972119,scored
3431,6,16631713632,scored
3432,5,16632854250,scored
3433,11,16636614975,scored
3434,1,16637792412,scored
3435,15,16640253374,scored
3436,12,16648173672,scored
3437,2,16648669500,scored
3438,8,16652080593,scored
3439,14,16654274842,scored
3440,10,16656235433,scored
3441,4,16656944687,scored
3442,9,16657287142,scored
3443,3,16660199573,scored
3444,13,16661830107,scored
3445,0,16670149053,scored
3446,7,16670883208,scored
3447,6,16674049181,scored
3448,1,16683183430,scored
3449,5,16686000238,scored
3450,15,16693303888,scored
3451,10,16698507232,scored
3452,9,16698649035,scored
3453,4,16699465306,scored
3454,14,16702780406,scored
3455,12,16703530184,scored
3456,2,16703696756,scored
3457,13,16705404442,scored
3458,3,16707635683,scored
3459,8,16709491778,scored
3460,11,16711571700,scored
3461,6,16715512809,scored
3462,7,16716254878,scored
3463,0,16716836829,scored
3464,1,16724202343,scored
3465,5,16727168471,scored
3466,15,16737123998,scored
3467,10,16738580204,scored
3468,9,16738653729,scored
3469,4,16741449680,scored
3470,14,16744635631,scored
3471,12,16751647245,scored
3472,6,16756515121,scored
3473,13,16756543700,scored
3474,3,16758893313,scored
3475,2,16759556390,scored
3476,7,16761435547,scored
3477,5,16767256537,scored
3478,1,16767493193,scored
3479,11,16769636209,scored
3480,0,16771411273,scored
3481,8,16778065735,scored
3482,15,16778149741,scored
3483,9,16780812246,scored
3484,4,16784920705,scored
3485,14,16784937713,scored
3486,10,16785459385,scored
3487,12,16794112911,scored
3488,13,16801174467,scored
3489,6,16807246459,scored
3490,0,16812481959,scored
3491,5,16820025232,scored
3492,1,16821771450,scored
3493,8,16824274284,scored
3494,7,16826557154,scored
3495,15,16829811363,scored
3496,4,16830673548,scored
3497,2,16832841333,scored
3498,3,16835994687,scored
3499,10,16840778197,scored
3500,14,16844491042,scored
3501,9,16846612366,scored
3502,6,16848956934,scored
3503,13,16849728961,scored
3504,0,16853043278,scored
3505,12,16857516258,scored
3506,11,16857902535,scored
3507,5,16860241347,scored
3508,1,16863737187,scored
3509,8,16864454121,scored
3510,7,16868256445,scored
3511,15,16877428624,scored
3512,2,16877843374,scored
3513,3,16878376711,scored
3514,4,16880928821,scored
3515,14,16887862077,scored
3516,9,16888445852,scored
3517,10,16890628334,scored
3518,0,16894490530,scored
3519,6,16897532262,scored
3520,12,16897900601,scored
3521,13,16898926974,scored
3522,11,16902626982,scored
3523,1,16904492294,scored
3524,5,16904604265,scored
3525,8,16906376409,scored
3526,7,16917347964,scored
3527,3,16919421933,scored
3528,2,16920428367,scored
3529,4,16922151486,scored
3530,15,16923461026,scored
3531,14,16928908588,scored
3532,9,16934456276,scored
3533,10,16941743145,scored
3534,13,16942245370,scored
3535,5,16947542997,scored
3536,1,16948925177,scored
3537,8,16951740362,scored
3538,12,16952065461,scored
3539,6,16952484547,scored
3540,7,16957436912,scored
3541,11,16960294159,scored
3542,0,16960917975,scored
3543,4,16962296023,scored
3544,2,16966334320,scored
3545,15,16966787861,scored
3546,3,16970370152,scored
3547,14,16977702220,scored
3548,9,16978969971,scored
3549,13,16984203296,scored
3550,10,16984649711,scored
3551,5,16987936618,scored
3552,1,16989723131,scored
3553,6,16994000524,scored
3554,12,16995868912,scored
3555,8,16996398327,scored
3556,11,17002371647,scored
3557,4,17006554260,scored
3558,3,17010946705,scored
3559,7,17015062158,scored
3560,2,17016071766,scored
3561,15,17016842741,scored
3562,14,17018222420,scored
3563,0,17018597901,scored
3564,10,17025609301,scored
3565,13,17025974953,scored
3566,9,17027267979,scored
3567,5,17029767653,scored
3568,1,17031288966,scored
3569,6,17035898639,scored
3570,8,17036969975,scored
3571,4,17047128077,scored
3572,12,17047446688,scored
3573,11,17050013239,scored
3574,3,17051175332,scored
3575,7,17055368637,scored
3576,15,17059374285,scored
3577,0,17061966759,scored
3578,10,17067740241,scored
3579,14,17071393202,scored
3580,5,17072274493,scored
3581,2,17072742734,scored
3582,13,17075075399,scored
3583,8,17084905999,scored
3584,6,17086285524,scored
3585,12,17089022303,scored
3586,1,17093189986,scored
3587,4,17096755301,scored
3588,11,17098152778,scored
3589,9,17103101035,scored
3590,0,17107926295,scored
3591,7,17110658244,scored
3592,3,17116462965,scored
3593,5,17118076602,scored
3594,10,17121365013,scored
3595,14,17124465391,scored
3596,2,17124747661,scored
3597,15,17125852315,scored
3598,8,17127476994,scored
3599,12,17132707676,scored
3600,1,17134438085,scored
3601,4,17137134034,scored
3602,6,17141889934,scored
3603,11,17143200313,scored
3604,9,17143280361,scored
3605,13,17143324713,scored
3606,0,17148170370,scored
3607,7,17151894139,scored
3608,3,17156767575,scored
3609,10,17161947444,scored
3610,5,17162786122,scored
3611,14,17165122533,scored
3612,2,17169072699,scored
3613,8,17172503545,scored
3614,15,17172997086,scored
3615,12,17174370157,scored
3616,1,17175164706,scored
3617,4,17178270976,scored
3618,11,17187942243,scored
3619,13,17191372127,scored
3620,9,17195640565,scored
3621,0,17195907621,scored
3622,7,17195916721,scored
3623,6,17199537156,scored
3624,3,17208083828,scored
3625,10,17211515621,scored
3626,5,17212462538,scored
3627,12,17216531554,scored
3628,8,17216707276,scored
3629,15,17217916606,scored
3630,2,17219233106,scored
3631,1,17219949835,scored
3632,14,17221466046,scored
3633,4,17221641096,scored
3634,11,17228495169,scored
3635,13,17232359246,scored
3636,9,17238458716,scored
3637,0,17239070904,scored
3638,7,17241912261,scored
3639,6,17242805876,scored
3640,3,17248609978,scored
3641,10,17251876767,scored
3642,5,17254953045,scored
3643,8,17257682243,scored
3644,12,17257912111,scored
3645,2,17260124318,scored
3646,4,17262526879,scored
3647,14,17271937207,scored
3648,11,17278605907,scored
3649,15,17280677032,scored
3650,13,17282419346,scored
3651,9,17283869133,scored
3652,1,17284134551,scored
3653,7,17286038828,scored
3654,0,17286566914,scored
3655,6,17287569672,scored
3656,3,17292889932,scored
3657,10,17295871159,scored
3658,5,17297368197,scored
3659,2,17301394588,scored
3660,8,17301669040,scored
3661,4,17304828744,scored
3662,12,17305525533,scored
3663,14,17312395224,scored
3664,11,17319926970,scored
3665,15,17323119489,scored
3666,1,17324158966,scored
3667,13,17328878315,scored
3668,0,17338294318,scored
3669,5,17338649152,scored
3670,2,17341872483,scored
3671,7,17343861781,scored
3672,4,17348679661,scored
3673,9,17350643562,scored
3674,6,17355773095,scored
3675,8,17359550705,scored
3676,15,17366693548,scored
3677,14,17367804208,scored
3678,12,17372553230,scored
3679,3,17373328345,scored
3680,1,17374286941,scored
3681,10,17375244107,scored
3682,11,17375246972,scored
3683,5,17379020248,scored
3684,7,17384743095,scored
3685,13,17384857341,scored
3686,4,17395913443,scored
3687,0,17398135752,scored
3688,9,17398511669,scored
3689,8,17401250141,scored
3690,2,17403303435,scored
3691,6,17404575257,scored
3692,15,17406982399,scored
3693,14,17408228566,scored
3694,12,17412625523,scored
3695,1,17415574772,scored
3696,11,17417194537,scored
3697,10,17419313041,scored
3698,3,17419344180,scored
3699,5,17422254371,scored
3700,7,17427187461,scored
3701,13,17427335143,scored
3702,4,17436529833,scored
3703,9,17443506223,scored
3704,2,17447517851,scored
3705,15,17449734234,scored
3706,6,17449827683,scored
3707,14,17449991096,scored
3708,8,17450817501,scored
3709,0,17451399054,scored
3710,12,17456789185,scored
3711,1,17459642547,scored
3712,5,17463719344,scored
3713,10,17464408052,scored
3714,7,17469379465,scored
3715,3,17470738423,scored
3716,13,17475802544,scored
3717,11,17477367172,scored
3718,4,17480259061,scored
3719,9,17486792489,scored
3720,2,17487959712,scored
3721,6,17492895603,scored
3722,14,17493351313,scored
3723,0,17496619066,scored
3724,8,17498301317,scored
3725,15,17505568572,scored
3726,1,17510132382,scored
3727,7,17510263521,scored
3728,12,17511715286,scored
3729,5,17512884474,scored
3730,10,17518412476,scored
3731,11,17518465003,scored
3732,3,17518592870,scored
3733,13,17519715109,scored
3734,4,17522416450,scored
3735,9,17527338189,scored
3736,2,17528767898,scored
3737,6,17534518113,scored
3738,14,17535624759,scored
3739,0,17540122951,scored
3740,8,17541657980,scored
3741,15,17547479425,scored
3742,1,17551536292,scored
3743,7,17551612028,scored
3744,12,17552002462,scored
3745,10,17563613232,scored
3746,13,17564907418,scored
3747,4,17565401182,scored
3748,5,17566434788,scored
3749,11,17566504980,scored
3750,9,17567921057,scored
3751,3,17569885489,scored
3752,2,17570871511,scored
3753,14,17576603991,scored
3754,0,17580811318,scored
3755,6,17582383435,scored
3756,8,17584155454,scored
3757,15,17588753773,scored
3758,1,17594231331,scored
3759,12,17595481669,scored
3760,7,17595625276,scored
3761,11,17607597639,scored
3762,9,17615822328,scored
3763,3,17617984516,scored
3764,13,17619753871,scored
3765,2,17620664452,scored
3766,4,17621108732,scored
3767,5,17623271406,scored
3768,8,17626006098,scored
3769,14,17626141527,scored
3770,10,17626794441,scored
3771,6,17631873125,scored
3772,0,17633313873,scored
3773,1,17636818244,scored
3774,7,17637739260,scored
3775,12,17639036716,scored
3776,15,17639198618,scored
3777,11,17649259041,scored
3778,9,17655889739,scored
3779,3,17658316491,scored
3780,13,17661863632,scored
3781,14,17666193912,scored
3782,5,17670055051,scored
3783,8,17670902820,scored
3784,4,17671931133,scored
3785,6,17673313359,scored
3786,0,17674250667,scored
3787,10,17677175060,scored
3788,1,17684557108,scored
3789,12,17686816005,scored
3790,2,17694959189,scored
3791,11,17697524223,scored
3792,3,17701399518,scored
3793,7,17701432300,scored
3794,15,17702545895,scored
3795,13,17705841726,scored
3796,8,17711040044,scored
3797,9,17711590463,scored
3798,4,17712732189,scored
3799,0,17716099274,scored
3800,14,17721017226,scored
3801,10,17725554870,scored
3802,5,17725727757,scored
3803,6,17727680135,scored
3804,1,17728408931,scored
3805,12,17732220381,scored
3806,2,17735200128,scored
3807,7,17743780412,scored
3808,15,17748941828,scored
3809,11,17749417558,scored
3810,13,17751236023,scored
3811,0,17756818003,scored
3812,3,17757304663,scored
3813,8,17759062755,scored
3814,4,17760920403,scored
3815,9,17763753597,scored
3816,14,17764926875,scored
3817,10,17765673520,scored
3818,5,17766000686,scored
3819,6,17767953930,scored
3820,1,17768894470,scored
3821,2,17776224050,scored
3822,12,17777478564,scored
3823,7,17788607926,scored
3824,11,17789473399,scored
3825,15,17792021706,scored
3826,13,17792752467,scored
3827,3,17797553802,scored
3828,0,17797741823,scored
3829,8,17799365227,scored
3830,4,17803026202,scored
3831,6,17808688753,scored
3832,9,17808726213,scored
3833,14,17815421281,scored
3834,5,17815668882,scored
3835,1,17817013910,scored
3836,2,17817477654,scored
3837,10,17820728319,scored
3838,12,17822700443,scored
3839,7,17829432134,scored
3840,11,17830947684,scored
3841,15,17832568785,scored
3842,13,17833105171,scored
3843,3,17837619434,scored
3844,0,17839296300,scored
3845,4,17844851549,scored
3846,8,17845487013,scored
3847,6,17851386314,scored
3848,9,17854750736,scored
3849,1,17862602667,scored
3850,10,17867346444,scored
3851,14,17868431197,scored
3852,5,17869230158,scored
3853,7,17873015825,scored
3854,13,17873487414,scored
3855,12,17876801421,scored
3856,2,17880479577,scored
3857,0,17880625701,scored
3858,11,17881285368,scored
3859,15,17884145508,scored
3860,4,17885765895,scored
3861,3,17886111639,scored
3862,8,17887295503,scored
3863,6,17894376053,scored
3864,9,17899896250,scored
3865,1,17903040632,scored
3866,10,17908153599,scored
3867,14,17909059716,scored
3868,5,17910981866,scored
3869,7,17921235000,scored
3870,11,17922308854,scored
3871,0,17922491558,scored
3872,3,17930492257,scored
3873,8,17938754488,scored
3874,2,17939337438,scored
3875,13,17941406347,scored
3876,9,17941638001,scored
3877,4,17942217519,scored
3878,6,17944170261,scored
3879,12,17945169594,scored
3880,15,17947945457,scored
3881,10,17950535941,scored
3882,14,17951348302,scored
3883,5,17960417237,scored
3884,11,17970888492,scored
3885,0,17971975481,scored
3886,7,17972809166,scored
3887,3,17977627181,scored
3888,1,17979254180,scored
3889,8,17983427760,scored
3890,2,17984979274,scored
3891,4,17990008729,scored
3892,14,17991777394,scored
3893,13,17994451779,scored
3894,9,17995344892,scored
3895,10,17996232032,scored
3896,12,17996926832,scored
3897,6,17999324079,scored
3898,15,18004403754,scored
3899,5,18018699644,scored
3900,3,18020945885,scored
3901,0,18021857988,scored
3902,7,18023252652,scored
3903,1,18025601852,scored
3904,8,18026545405,scored
3905,11,18030370820,scored
3906,2,18030615223,scored
3907,4,18035000458,scored
3908,14,18035557569,scored
3909,12,18038311428,scored
3910,10,18040374321,scored
3911,6,18043351133,scored
3912,9,18047799000,scored
3913,13,18051362681,scored
3914,15,18052576811,scored
3915,5,18059920922,scored
3916,3,18061878150,scored
3917,1,18066338468,scored
3918,0,18070662499,scored
3919,2,18071916111,scored
3920,11,18075002109,scored
3921,8,18075553519,scored
3922,12,18081480389,scored
3923,14,18082436652,scored
3924,6,18083623250,scored
3925,10,18084615373,scored
3926,4,18088253277,scored
3927,15,18094439231,scored
3928,9,18097094288,scored
3929,13,18098140148,scored
3930,7,18100776741,scored
3931,5,18101244820,scored
3932,3,18103127204,scored
3933,1,18110556522,scored
3934,2,18113738064,scored
3935,11,18115977348,scored
3936,8,18120473011,scored
3937,14,18122761866,scored
3938,12,18123638297,scored
3939,0,18125105134,scored
3940,6,18125976370,scored
3941,10,18126075786,scored
3942,4,18129289721,scored
3943,15,18137236911,scored
3944,9,18138997243,scored
3945,7,18143941544,scored
3946,5,18150373880,scored
3947,3,18151491673,scored
3948,2,18161727105,scored
3949,13,18163187156,scored
3950,10,18168975419,scored
3951,8,18171983845,scored
3952,6,18172323990,scored
3953,4,18175060347,scored
3954,1,18176673862,scored
3955,12,18177710878,scored
3956,0,18181917235,scored
3957,11,18185070745,scored
3958,14,18187407977,scored
3959,15,18191236326,scored
3960,5,18193765317,scored
3961,2,18204507958,scored
3962,13,18204521736,scored
3963,7,18209859381,scored
3964,6,18214277439,scored
3965,8,18216282103,scored
3966,1,18221014432,scored
3967,9,18222043957,scored
3968,12,18223024013,scored
3969,0,18223120080,scored
3970,4,18225432363,scored
3971,11,18227326847,scored
3972,14,18227761471,scored
3973,5,18236043258,scored
3974,10,18241114358,scored
3975,2,18244692284,scored
3976,13,18245330023,scored
3977,7,18250063379,scored
3978,3,18251387763,scored
3979,15,18252612238,scored
3980,6,18255977869,scored
3981,8,18258338794,scored
3982,1,18262878399,scored
3983,0,18263423313,scored
3984,12,18264116256,scored
3985,4,18266105537,scored
3986,14,18268566192,scored
3987,11,18270490768,scored
3988,9,18272125046,scored
3989,5,18278044545,scored
3990,10,18282186989,scored
3991,2,18286191036,scored
3992,13,18288651508,scored
3993,3,18291520301,scored
3994,15,18295758213,scored
3995,7,18299407422,scored
3996,6,18303893055,scored
3997,0,18304650345,scored
3998,8,18308344145,scored
3999,4,18310396909,scored
4000,11,18311075776,scored
4001,14,18312091391,scored
4002,9,18312271260,scored
4003,12,18312297461,scored
4004,5,18319533589,scored
4005,1,18321347526,scored
4006,10,18325131054,scored
4007,2,18328536515,scored
4008,13,18329767344,scored
4009,3,18332329215,scored
4010,15,18340116628,scored
4011,7,18343169344,scored
4012,8,18348801016,scored
4013,6,18348939594,scored
4014,14,18355370263,scored
4015,9,18355726195,scored
4016,5,18360447075,scored
4017,0,18361835773,scored
4018,10,18367862746,scored
4019,1,18368031675,scored
4020,12,18368302838,scored
4021,4,18368828583,scored
4022,11,18369399562,scored
4023,2,18370889703,scored
4024,3,18374605614,scored
4025,13,18378213770,scored
4026,15,18387140209,scored
4027,8,18389572546,scored
4028,7,18390252320,scored
4029,6,18391737649,scored
4030,14,18397943386,scored
4031,9,18399725935,scored
4032,0,18402245993,scored
4033,5,18406009217,scored
4034,10,18408082391,scored
4035,11,18410248032,scored
4036,4,18412055025,scored
4037,12,18413913785,scored
4038,2,18415776187,scored
4039,1,18418959591,scored
4040,13,18419826425,scored
4041,3,18420077765,scored
4042,15,18427376423,scored
4043,7,18430257509,scored
4044,6,18431792933,scored
4045,8,18434098827,scored
4046,14,18438525187,scored
4047,10,18448339783,scored
4048,5,18450980717,scored
4049,9,18451258868,scored
4050,12,18457833545,scored
4051,11,18459651377,scored
4052,4,18463401025,scored
4053,3,18465425194,scored
4054,1,18465766652,scored
4055,0,18469620593,scored
4056,13,18472808395,scored
4057,7,18482043499,scored
4058,6,18483472873,scored
4059,8,18484368955,scored
4060,15,18485700277,scored
4061,2,18487449363,scored
4062,14,18488364426,scored
4063,5,18492476612,scored
4064,10,18496837553,scored
4065,9,18498315402,scored
4066,12,18500015061,scored
4067,11,18501908015,scored
4068,1,18508638262,scored
4069,4,18511277695,scored
4070,0,18518868105,scored
4071,3,18520430259,scored
4072,13,18520666040,scored
4073,7,18524179007,scored
4074,8,18524569462,scored
4075,6,18526589136,scored
4076,15,18527910495,scored
4077,2,18528187763,scored
4078,14,18534273961,scored
4079,5,18535537790,scored
4080,10,18537116220,scored
4081,11,18541980673,scored
4082,9,18544159144,scored
4083,12,18544718477,scored
4084,1,18555318646,scored
4085,4,18556802503,scored
4086,15,18576654523,scored
4087,0,18577706504,scored
4088,3,18577904051,scored
4089,7,18577914402,scored
4090,13,18584141282,scored
4091,9,18585324885,scored
4092,8,18589967586,scored
4093,6,18591217143,scored
4094,12,18593456498,scored
4095,5,18596009590,scored
4096,4,18597634547,scored
4097,10,18598747308,scored
4098,2,18602770791,scored
4099,14,18604946182,scored
4100,1,18605051967,scored
4101,11,18605551428,scored
4102,15,18617695704,scored
4103,0,18618813838,scored
4104,7,18619840250,scored
4105,3,18619846167,scored
4106,13,18628131993,scored
4107,8,18634943390,scored
4108,12,18635137835,scored
4109,5,18636473713,scored
4110,10,18641148900,scored
4111,6,18641348750,scored
4112,4,18642313999,scored
4113,9,18642436146,scored
4114,14,18645924449,scored
4115,2,18646015418,scored
4116,1,18646367718,scored
4117,11,18647184444,scored
4118,15,18657898561,scored
4119,3,18661739916,scored
4120,7,18666760603,scored
4121,0,18667488916,scored
4122,13,18670849053,scored
4123,8,18675104843,scored
4124,12,18677925627,scored
4125,5,18679964074,scored
4126,6,18681995872,scored
4127,4,18686212772,scored
4128,2,18690424421,scored
4129,10,18691112537,scored
4130,9,18692698263,scored
4131,1,18694027997,scored
4132,11,18695865056,scored
4133,14,18696927711,scored
4134,15,18698121598,scored
4135,3,18701757919,scored
4136,7,18706850723,scored
4137,0,18709144055,scored
4138,6,18725907340,scored
4139,5,18726393856,scored
4140,13,18728436534,scored
4141,14,18742479868,scored
4142,12,18743829888,scored
4143,1,18743902360,scored
4144,10,18746384758,scored
4145,3,18753648174,scored
4146,0,18754268960,scored
4147,9,18756438495,scored
4148,2,18763816151,scored
4149,4,18764248737,scored
4150,11,18766095842,scored
4151,8,18769167351,scored
4152,15,18770962969,scored
4153,7,18773894430,scored
4154,13,18774398789,scored
4155,6,18777507901,scored
4156,5,18778459763,scored
4157,14,18785668549,scored
4158,3,18796580401,scored
4159,10,18797335542,scored
4160,0,18797816636,scored
4161,1,18798636826,scored
4162,9,18798658529,scored
4163,12,18800361640,scored
4164,4,18805231016,scored
4165,2,18807353593,scored
4166,8,18809743286,scored
4167,11,18810390121,scored
4168,15,18811242143,scored
4169,13,18816587817,scored
4170,6,18822723591,scored
4171,5,18823943831,scored
4172,14,18826462420,scored
4173,7,18828894618,scored
4174,1,18842659721,scored
4175,2,18847935004,scored
4176,4,18849741815,scored
4177,13,18857048538,scored
4178,9,18857746185,scored
4179,10,18860679585,scored
4180,0,18873806211,scored
4181,7,18877873094,scored
4182,12,18885945944,scored
4183,5,18887820575,scored
4184,15,18890211431,scored
4185,1,18892845092,scored
4186,8,18896448100,scored
4187,2,18897790241,scored
4188,13,18898075632,scored
4189,3,18900325960,scored
4190,10,18907717416,scored
4191,14,18909638162,scored
4192,4,18910751600,scored
4193,9,18911357923,scored
4194,6,18912571402,scored
4195,0,18914405448,scored
4196,11,18914502491,scored
4197,7,18921828653,scored
4198,12,18926225436,scored
4199,5,18927937048,scored
4200,15,18932022016,scored
4201,13,18943516657,scored
4202,2,18945456282,scored
4203,1,18946845104,scored
4204,8,18948078772,scored
4205,10,18950427304,scored
4206,4,18951752304,scored
4207,9,18955480448,scored
4208,14,18955488646,scored
4209,6,18956963732,scored
4210,11,18957327559,scored
4211,0,18958776718,scored
4212,3,18961351119,scored
4213,7,18967777693,scored
4214,15,18974207832,scored
4215,12,18977626313,scored
4216,5,18977935689,scored
4217,13,18984934014,scored
4218,2,18985632310,scored
4219,1,18987611582,scored
4220,10,18996305324,scored
4221,9,19004881963,scored
4222,6,19010680757,scored
4223,14,19010750167,scored
4224,3,19015542393,scored
4225,15,19016875687,scored
4226,8,19019433372,scored
4227,5,19020379784,scored
4228,7,19020418968,scored
4229,11,19021128389,scored
4230,0,19021592010,scored
4231,12,19025462547,scored
4232,4,19025936152,scored
4233,13,19029964850,scored
4234,2,19030485005,scored
4235,1,19030544720,scored
4236,10,19036406268,scored
4237,9,19046789158,scored
4238,6,19051360414,scored
4239,14,19051499613,scored
4240,3,19060211500,scored
4241,15,19063506657,scored
4242,8,19065283041,scored
4243,7,19065478326,scored
4244,12,19065611708,scored
4245,0,19065667823,scored
4246,11,19065906410,scored
4247,13,19070981175,scored
4248,1,19074023549,scored
4249,5,19074716466,scored
4250,10,19076715717,scored
4251,4,19084392569,scored
4252,2,19085518431,scored
4253,9,19086943077,scored
4254,6,19093474814,scored
4255,14,19094565327,scored
4256,3,19100660676,scored
4257,15,19104956929,scored
4258,8,19107162223,scored
4259,0,19109025958,scored
4260,12,19111240514,scored
4261,7,19112729094,scored
4262,5,19115519325,scored
4263,11,19116361048,scored
4264,10,19118894932,scored
4265,1,19118946428,scored
4266,2,19126588231,scored
4267,9,19127438370,scored
4268,4,19129302394,scored
4269,13,19130781206,scored
4270,6,19133987955,scored
4271,14,19139818460,scored
4272,3,19143800399,scored
4273,15,19150656665,scored
4274,12,19155595381,scored
4275,5,19157884695,scored
4276,8,19160629084,scored
4277,10,19160853544,scored
4278,1,19163507481,scored
4279,7,19164697105,scored
4280,11,19165437965,scored
4281,0,19165564102,scored
4282,2,19166959374,scored
4283,9,19168016550,scored
4284,4,19171016348,scored
4285,13,19171592269,scored
4286,6,19178176651,scored
4287,14,19182430104,scored
4288,3,19184417684,scored
4289,15,19194289820,scored
4290,12,19197831780,scored
4291,5,19200220216,scored
4292,8,19200813138,scored
4293,10,19201554840,scored
4294,1,19203610005,scored
4295,11,19207328956,scored
4296,2,19210120232,scored
4297,7,19212112470,scored
4298,0,19212772201,scored
4299,4,19214653400,scored
4300,9,19218001995,scored
4301,13,19218021950,scored
4302,6,19218795822,scored
4303,14,19223050956,scored
4304,3,19224966480,scored
4305,15,19234856723,scored
4306,12,19241352751,scored
4307,8,19241833796,scored
4308,5,19242714039,scored
4309,10,19243960432,scored
4310,1,19251713974,scored
4311,0,19263304191,scored
4312,6,19265239589,scored
4313,9,19265928483,scored
4314,13,19266162722,scored
4315,11,19266331674,scored
4316,14,19270518915,scored
4317,7,19279611907,scored
4318,8,19282310740,scored
4319,4,19285690609,scored
4320,12,19285871342,scored
4321,2,19286620320,scored
4322,15,19288112765,scored
4323,3,19288527296,scored
4324,10,19288967728,scored
4325,5,19289402216,scored
4326,1,19292723761,scored
4327,13,19307014185,scored
4328,9,19307274807,scored
4329,0,19320394079,scored
4330,8,19324751469,scored
4331,6,19329848591,scored
4332,11,19333174652,scored
4333,3,19341857907,scored
4334,12,19342784006,scored
4335,13,19347870052,scored
4336,7,19349356989,scored
4337,5,19354476210,scored
4338,1,19354609277,scored
4339,9,19366080349,scored
4340,15,19367513991,scored
4341,10,19370766692,scored
4342,0,19375432339,scored
4343,14,19378549325,scored
4344,8,19381485915,scored
4345,4,19382225709,scored
4346,6,19385630346,scored
4347,2,19386434916,scored
4348,12,19387343483,scored
4349,3,19388499877,scored
4350,13,19394019506,scored
4351,7,19394174277,scored
4352,11,19398635507,scored
4353,1,19400703960,scored
4354,5,19401869246,scored
4355,9,19407385515,scored
4356,15,19409731838,scored
4357,14,19418775441,scored
4358,10,19419743114,scored
4359,0,19421419979,scored
4360,8,19430374682,scored
4361,13,19436483997,scored
4362,7,19437773724,scored
4363,6,19444176039,scored
4364,1,19449291906,scored
4365,12,19449556388,scored
4366,9,19449823619,scored
4367,15,19451871278,scored
4368,5,19453869875,scored
4369,4,19455056957,scored
4370,2,19456617179,scored
4371,11,19459923865,scored
4372,10,19460293945,scored
4373,3,19462026175,scored
4374,14,19462807583,scored
4375,8,19470647222,scored
4376,0,19475154353,scored
4377,7,19478365407,scored
4378,13,19478727680,scored
4379,6,19484525163,scored
4380,9,19490640952,scored
4381,1,19491459783,scored
4382,12,19494249625,scored
4383,15,19494497282,scored
4384,5,19495224964,scored
4385,2,19497004056,scored
4386,4,19498290102,scored
4387,10,19504350370,scored
4388,14,19506945651,scored
4389,11,19510251983,scored
4390,3,19510840412,scored
4391,8,19515135760,scored
4392,0,19516825786,scored
4393,7,19520956976,scored
4394,13,19521120362,scored
4395,6,19526576759,scored
4396,15,19534781458,scored
4397,1,19535917465,scored
4398,9,19539763178,scored
4399,2,19540321800,scored
4400,12,19540986762,scored
4401,4,19541675649,scored
4402,11,19551876825,scored
4403,14,19552288535,scored
4404,3,19553473318,scored
4405,5,19554921622,scored
4406,10,19558631406,scored
4407,0,19559278760,scored
4408,13,19561713733,scored
4409,8,19562551877,scored
4410,6,19568885092,scored
4411,7,19569932398,scored
4412,9,19580446049,scored
4413,1,19582449280,scored
4414,4,19584271463,scored
4415,12,19591037396,scored
4416,2,19591715526,scored
4417,10,19600928573,scored
4418,13,19609230594,scored
4419,3,19611261760,scored
4420,8,19611884122,scored
4421,7,19614576699,scored
4422,0,19615209838,scored
4423,11,19617943558,scored
4424,5,19620088482,scored
4425,15,19621216893,scored
4426,6,19622773275,scored
4427,4,19627355622,scored
4428,1,19629585592,scored
4429,9,19631448464,scored
4430,14,19636983348,scored
4431,10,19642276014,scored
4432,2,19643085234,scored
4433,12,19646837997,scored
4434,8,19653203484,scored
4435,0,19659383371,scored
4436,6,19669524661,scored
4437,5,19669880391,scored
4438,3,19669894385,scored
4439,15,19670702032,scored
4440,13,19670705935,scored
4441,7,19673312618,scored
4442,9,19674699415,scored
4443,11,19679494281,scored
4444,1,19679993473,scored
4445,4,19681345512,scored
4446,2,19684446439,scored
4447,10,19685076197,scored
4448,14,19686446572,scored
4449,12,19687909438,scored
4450,8,19693477665,scored
4451,0,19702692498,scored
4452,7,19717936320,scored
4453,6,19718509553,scored
4454,15,19719648554,scored
4455,13,19719658505,scored
4456,11,19719976300,scored
4457,3,19722936663,scored
4458,5,19725901340,scored
4459,1,19728122520,scored
4460,14,19728200705,scored
4461,9,19728794304,scored
4462,2,19729231070,scored
4463,4,19730289035,scored
4464,10,19730324090,scored
4465,12,19730379340,scored
4466,8,19734729210,scored
4467,0,19745160222,scored
4468,11,19760923657,scored
4469,13,19764605068,scored
4470,3,19770090237,scored
4471,5,19772066217,scored
4472,6,19772269473,scored
4473,14,19778466521,scored
4474,4,19781855199,scored
4475,12,19782514352,scored
4476,7,19790296840,scored
4477,1,19791546305,scored
4478,8,19792838483,scored
4479,9,19794507890,scored
4480,10,19794741342,scored
4481,2,19796625506,scored
4482,15,19801091419,scored
4483,0,19801996905,scored
4484,11,19804737754,scored
4485,13,19805584977,scored
4486,5,19813764058,scored
4487,3,19816060268,scored
4488,14,19819895445,scored
4489,6,19820555024,scored
4490,12,19823110906,scored
4491,4,19829666081,scored
4492,8,19837578054,scored
4493,15,19844506528,scored
4494,0,19847827611,scored
4495,13,19848838091,scored
4496,10,19855476101,scored
4497,5,19856116055,scored
4498,7,19858165592,scored
4499,14,19860254690,scored
4500,11,19864735196,scored
4501,1,19868000949,scored
4502,6,19868304307,scored
4503,3,19869919539,scored
4504,12,19871294669,scored
4505,4,19872151779,scored
4506,9,19872557629,scored
4507,2,19875418651,scored
4508,8,19877761808,scored
4509,13,19890339279,scored
4510,0,19890899186,scored
4511,15,19892318485,scored
4512,10,19906659110,scored
4513,7,19907056653,scored
4514,5,19909199974,scored
4515,6,19912107324,scored
4516,12,19916150118,scored
4517,4,19916398831,scored
4518,14,19917006972,scored
4519,11,19919286128,scored
4520,8,19920759338,scored
4521,3,19924096166,scored
4522,2,19924152430,scored
4523,1,19925790471,scored
4524,9,19926541052,scored
4525,0,19934230667,scored
4526,13,19944608666,scored
4527,15,19950567137,scored
4528,5,19951181176,scored
4529,7,19955462224,scored
4530,12,19957696812,scored
4531,14,19958550822,scored
4532,2,19965177394,scored
4533,6,19966585065,scored
4534,9,19967951197,scored
4535,8,19970093010,scored
4536,11,19978863121,scored
4537,0,19980642799,scored
4538,10,19984118545,scored
4539,4,19992979083,scored
4540,13,19997205255,scored
4541,7,19999113618,scored
4542,1,20001975917,scored
4543,15,20009189599,scored
4544,3,20011063176,scored
4545,9,20011098626,scored
4546,2,20014777679,scored
4547,12,20019188421,scored
4548,8,20024716558,scored
4549,11,20030025510,scored
4550,4,20035974991,scored
4551,10,20036390841,scored
4552,6,20039093362,scored
4553,13,20039095798,scored
4554,0,20039149853,scored
4555,5,20043016666,scored
4556,7,20044047684,scored
4557,1,20044409930,scored
4558,14,20045339978,scored
4559,15,20049698626,scored
4560,3,20051873671,scored
4561,9,20052312481,scored
4562,2,20055464007,scored
4563,12,20060574170,scored
4564,8,20065075596,scored
4565,11,20071319739,scored
4566,0,20081406935,scored
4567,4,20082296520,scored
4568,6,20083446530,scored
4569,14,20085353751,scored
4570,7,20088425953,scored
4571,13,20090711471,scored
4572,15,20091220234,scored
4573,3,20093302798,scored
4574,1,20093569579,scored
4575,10,20098890112,scored
4576,5,20099466447,scored
4577,8,20107820321,scored
4578,2,20107975158,scored
4579,11,20112479263,scored
4580,9,20112676713,scored
4581,12,20113304110,scored
4582,0,20121672196,scored
4583,6,20123459089,scored
4584,14,20136479333,scored
4585,3,20136550579,scored
4586,10,20140626808,scored
4587,1,20147324843,scored
4588,4,20152653752,scored
4589,12,20154753242,scored
4590,8,20158644453,scored
4591,2,20162301850,scored
4592,9,20169130955,scored
4593,5,20171198784,scored
4594,0,20171847323,scored
4595,7,20177138437,scored
4596,11,20177153754,scored
4597,13,20180267390,scored
4598,3,20188349489,scored
4599,10,20194173426,scored
4600,6,20196885262,scored
4601,12,20197618974,scored
4602,1,20205804149,scored
4603,2,20208977504,scored
4604,15,20210936359,scored
4605,4,20212192177,scored
4606,0,20212774904,scored
4607,8,20217038519,scored
4608,5,20219609304,scored
4609,11,20223026325,scored
4610,13,20227028774,scored
4611,7,20231202467,scored
4612,9,20231584649,scored
4613,14,20232046423,scored
4614,3,20235074504,scored
4615,10,20238154724,scored
4616,6,20244373105,scored
4617,4,20253716570,scored
4618,5,20262551605,scored
4619,8,20263246159,scored
4620,1,20267284635,scored
4621,0,20267652255,scored
4622,15,20267977291,scored
4623,11,20268916124,scored
4624,12,20269233709,scored
4625,13,20271758218,scored
4626,14,20274321179,scored
4627,9,20274761057,scored
4628,3,20280931658,scored
4629,2,20287810017,scored
4630,10,20288245992,scored
4631,7,20288499963,scored
4632,6,20289236120,scored
4633,4,20294019427,scored
4634,8,20303256442,scored
4635,5,20305661215,scored
4636,1,20307395535,scored
4637,15,20309035809,scored
4638,13,20315082618,scored
4639,12,20318693977,scored
4640,9,20323808405,scored
4641,11,20323961440,scored
4642,14,20324244282,scored
4643,3,20324363992,scored
4644,0,20327458459,scored
4645,2,20329745651,scored
4646,7,20337352340,scored
4647,10,20337518929,scored
4648,6,20338460751,scored
4649,4,20339583596,scored
4650,8,20344111565,scored
4651,5,20348221222,scored
4652,1,20352275867,scored
4653,15,20353201150,scored
4654,13,20358540030,scored
4655,12,20366808047,scored
4656,11,20368491714,scored
4657,0,20374256347,scored
4658,2,20380253360,scored
4659,6,20381169863,scored
4660,3,20384550115,scored
4661,4,20387203866,scored
4662,10,20389500052,scored
4663,9,20389937166,scored
4664,7,20392795344,scored
4665,14,20398378676,scored
4666,15,20401191739,scored
4667,8,20403425558,scored
4668,13,20403873972,scored
4669,1,20405100223,scored
4670,5,20406728596,scored
4671,12,20409500500,scored
4672,11,20410139970,scored
4673,0,20414263270,scored
4674,2,20420539591,scored
4675,6,20424351152,scored
4676,3,20427724607,scored
4677,10,20430683674,scored
4678,9,20432600968,scored
4679,7,20435497858,scored
4680,4,20435886565,scored
4681,14,20442728647,scored
4682,8,20446830195,scored
4683,1,20446855342,scored
4684,11,20450431304,scored
4685,5,20450767452,scored
4686,12,20451061294,scored
4687,15,20451798829,scored
4688,13,20455137336,scored
4689,0,20457261330,scored
4690,2,20463528470,scored
4691,3,20468165845,scored
4692,6,20469912339,scored
4693,9,20473989456,scored
4694,10,20475532833,scored
4695,7,20475855219,scored
4696,4,20478963162,scored
4697,14,20482966993,scored
4698,15,20493581284,scored
4699,8,20494312191,scored
4700,13,20495652548,scored
4701,11,20498385834,scored
4702,5,20502745663,scored
4703,1,20504499376,scored
4704,12,20505237524,scored
4705,2,20505359289,scored
4706,0,20508156192,scored
4707,3,20508709552,scored
4708,6,20514718108,scored
4709,9,20514966543,scored
4710,4,20521841288,scored
4711,10,20527808702,scored
4712,8,20536150782,scored
4713,15,20536999098,scored
4714,7,20538829170,scored
4715,1,20545819393,scored
4716,13,20552261474,scored
4717,10,20568236995,scored
4718,11,20568944234,scored
4719,6,20569337187,scored
4720,12,20569994135,scored
4721,0,20575641178,scored
4722,5,20580294100,scored
4723,3,20581296212,scored
4724,8,20582274933,scored
4725,7,20583318883,scored
4726,15,20583899118,scored
4727,9,20584654544,scored
4728,2,20585595081,scored
4729,4,20590995248,scored
4730,13,20593894480,scored
4731,14,20599370285,scored
4732,1,20599832011,scored
4733,10,20608867838,scored
4734,11,20609048244,scored
4735,6,20609474249,scored
4736,12,20610719448,scored
4737,0,20617728276,scored
4738,3,20622798686,scored
4739,2,20625932884,scored
4740,5,20626108786,scored
4741,8,20626223805,scored
4742,9,20629403778,scored
4743,7,20636488616,scored
4744,14,20640392574,scored
4745,15,20645189898,scored
4746,4,20648380349,scored
4747,13,20650295198,scored
4748,12,20653378840,scored
4749,11,20654725028,scored
4750,1,20655225877,scored
4751,6,20655954750,scored
4752,10,20655967925,scored
4753,0,20658353031,scored
4754,5,20667739831,scored
4755,9,20679010901,scored
4756,8,20679431573,scored
4757,14,20683399770,scored
4758,2,20683401608,scored
4759,7,20693759827,scored
4760,13,20697486794,scored
4761,1,20698154322,scored
4762,4,20698957299,scored
4763,0,20700482698,scored
4764,15,20703623214,scored
4765,10,20707672637,scored
4766,11,20710203618,scored
4767,6,20713585132,scored
4768,5,20714625087,scored
4769,12,20714810705,scored
4770,3,20715408678,scored
4771,9,20719474432,scored
4772,8,20720443068,scored
4773,14,20723774552,scored
4774,2,20729224451,scored
4775,7,20734405575,scored
4776,13,20737675005,scored
4777,1,20738356019,scored
4778,4,20740203152,scored
4779,0,20741394342,scored
4780,10,20748014267,scored
4781,15,20748448159,scored
4782,11,20752414867,scored
4783,5,20758197502,scored
4784,6,20758249513,scored
4785,3,20760908817,scored
4786,12,20765682461,scored
4787,8,20766925211,scored
4788,14,20769264432,scored
4789,2,20769387501,scored
4790,9,20774108238,scored
4791,7,20776321747,scored
4792,0,20781814418,scored
4793,13,20783631904,scored
4794,1,20784599226,scored
4795,4,20785166492,scored
4796,15,20790479032,scored
4797,10,20790627976,scored
4798,11,20811689825,scored
4799,6,20812100767,scored
4800,5,20820027154,scored
4801,12,20821421200,scored
4802,9,20821941192,scored
4803,3,20823254652,scored
4804,13,20824665327,scored
4805,0,20828938656,scored
4806,14,20829704578,scored
4807,7,20830332777,scored
4808,1,20833715619,scored
4809,8,20835041540,scored
4810,4,20837975277,scored
4811,15,20841613492,scored
4812,10,20844044757,scored
4813,2,20844664263,scored
4814,11,20854340561,scored
4815,6,20854417807,scored
4816,5,20860515391,scored
4817,3,20864498619,scored
4818,9,20864887597,scored
4819,12,20865723074,scored
4820,13,20871221020,scored
4821,14,20871744756,scored
4822,8,20875895417,scored
4823,1,20877292143,scored
4824,0,20881152236,scored
4825,4,20884090092,scored
4826,7,20888550373,scored
4827,15,20893572309,scored
4828,2,20895292721,scored
4829,10,20896745069,scored
4830,11,20897900867,scored
4831,6,20898956799,scored
4832,5,20901584888,scored
4833,3,20908961483,scored
4834,12,20909533053,scored
4835,9,20912171091,scored
4836,1,20926067868,scored
4837,0,20928626169,scored
4838,2,20939937471,scored
4839,6,20940619972,scored
4840,14,20944066563,scored
4841,11,20945605120,scored
4842,13,20946763602,scored
4843,12,20953407124,scored
4844,4,20954128854,scored
4845,9,20954227778,scored
4846,8,20954333897,scored
4847,3,20956596922,scored
4848,7,20962238679,scored
4849,10,20965576413,scored
4850,1,20966803683,scored
4851,0,20969515028,scored
4852,2,20982445868,scored
4853,6,20982741317,scored
4854,15,20983662528,scored
4855,14,20986018373,scored
4856,11,20987120359,scored
4857,13,20989314887,scored
4858,5,20990670348,scored
4859,8,20994490937,scored
4860,9,20995249444,scored
4861,12,20999614710,scored
4862,4,21001878175,scored
4863,3,21003285592,scored
4864,7,21004343433,scored
4865,10,21006697915,scored
4866,1,21008454503,scored
4867,0,21010518152,scored
4868,6,21023480361,scored
4869,2,21024327376,scored
4870,15,21025638987,scored
4871,14,21027003799,scored
4872,5,21030817646,scored
4873,13,21030818582,scored
4874,11,21030955206,scored
4875,4,21041922629,scored
4876,8,21042231958,scored
4877,3,21043797762,scored
4878,12,21043892555,scored
4879,9,21049325083,scored
4880,7,21053414084,scored
4881,10,21053452258,scored
4882,1,21053613774,scored
4883,0,21053695358,scored
4884,2,21067622410,scored
4885,6,21070895333,scored
4886,13,21073536483,scored
4887,5,21075580592,scored
4888,14,21075789446,scored
4889,11,21077761712,scored
4890,15,21078483330,scored
4891,4,21085233579,scored
4892,8,21085590994,scored
4893,9,21089565408,scored
4894,3,21092403072,scored
4895,12,21093032833,scored
4896,0,21095403174,scored
4897,10,21095604540,scored
4898,7,21103715939,scored
4899,1,21104377753,scored
4900,2,21110230548,scored
4901,6,21111046405,scored
4902,14,21119334300,scored
4903,13,21120179394,scored
4904,15,21120681248,scored
4905,11,21123526752,scored
4906,5,21125065189,scored
4907,4,21125368807,scored
4908,8,21125750243,scored
4909,3,21134552667,scored
4910,12,21137348769,scored
4911,9,21138062230,scored
4912,0,21138359043,scored
4913,10,21140364855,scored
4914,2,21153450151,scored
4915,6,21155297179,scored
4916,7,21156296544,scored
4917,1,21158246723,scored
4918,15,21161292663,scored
4919,13,21161989269,scored
4920,5,21169482547,scored
4921,11,21174990320,scored
4922,14,21179115716,scored
4923,0,21180057096,scored
4924,8,21181821172,scored
4925,12,21189303051,scored
4926,4,21190849045,scored
4927,9,21192273159,scored
4928,3,21192567309,scored
4929,2,21194363266,scored
4930,6,21199285099,scored
4931,10,21200037308,scored
4932,1,21201540995,scored
4933,7,21202787207,scored
4934,13,21205923999,scored
4935,15,21208796055,scored
4936,5,21213781178,scored
4937,11,21215837142,scored
4938,14,21219771667,scored
4939,0,21221697923,scored
4940,8,21221896249,scored
4941,12,21229641483,scored
4942,9,21235422639,scored
4943,4,21239734110,scored
4944,2,21240356154,scored
4945,10,21240499365,scored
4946,7,21243370971,scored
4947,3,21244675688,scored
4948,1,21245827457,scored
4949,13,21246918863,scored
4950,6,21251564760,scored
4951,15,21252136592,scored
4952,5,21254632273,scored
4953,11,21258220026,scored
4954,8,21262736505,scored
4955,14,21267227303,scored
4956,0,21269503099,scored
4957,12,21273953754,scored
4958,9,21278214844,scored
4959,4,21280108878,scored
4960,10,21288128017,scored
4961,1,21290593214,scored
4962,2,21293711439,scored
4963,3,21300893685,scored
4964,13,21301213239,scored
4965,11,21303016874,scored
4966,5,21305643455,scored
4967,7,21307732482,scored
4968,14,21309697776,scored
4969,6,21309959885,scored
4970,0,21312145780,scored
4971,8,21312378053,scored
4972,15,21313053513,scored
4973,12,21314714627,scored
4974,9,21323217897,scored
4975,10,21328146537,scored
4976,4,21330765409,scored
4977,1,21332289014,scored
4978,2,21337057505,scored
4979,11,21349253239,scored
4980,7,21349413568,scored
4981,5,21349673732,scored
4982,13,21349981771,scored
4983,3,21354387493,scored
4984,10,21373476921,scored
4985,6,21380339636,scored
4986,12,21380351852,scored
4987,14,21384804899,scored
4988,1,21388408299,scored
4989,13,21397944729,scored
4990,15,21399155652,scored
4991,8,21400371198,scored
4992,2,21401286298,scored
4993,5,21404247163,scored
4994,0,21406691398,scored
4995,7,21411536430,scored
4996,11,21411781969,scored
4997,10,21413685571,scored
4998,3,21413808748,scored
4999,9,21415924250,scored
5000,12,21420573362,scored
5001,6,21420745082,scored
5002,4,21421742885,scored
5003,14,21427095259,scored
5004,1,21431820171,scored
5005,15,21441913272,scored
5006,2,21445185263,scored
5007,0,21449825626,scored
5008,5,21450105374,scored
5009,8,21452241475,scored
5010,11,21455607353,scored
5011,3,21455735995,scored
5012,10,21455946009,scored
5013,7,21456162455,scored
5014,9,21457424358,scored
5015,6,21467924229,scored
5016,12,21473572981,scored
5017,4,21473799302,scored
5018,14,21475048688,scored
5019,13,21475972151,scored
5020,1,21477350596,scored
5021,15,21482128746,scored
5022,2,21487295494,scored
5023,7,21498562615,scored
5024,3,21502170117,scored
5025,8,21506176593,scored
5026,9,21507479565,scored
5027,11,21508443600,scored
5028,0,21513903791,scored
5029,6,21513973451,scored
5030,10,21519737604,scored
5031,13,21520954117,scored
5032,5,21521928759,scored
5033,15,21524506911,scored
5034,4,21529176265,scored
5035,14,21530374791,scored
5036,12,21530565936,scored
5037,1,21532572997,scored
5038,2,21535421081,scored
5039,7,21542885248,scored
5040,3,21544452519,scored
5041,9,21547680116,scored
5042,8,21550807671,scored
5043,0,21554011710,scored
5044,6,21554103455,scored
5045,10,21559765027,scored
5046,11,21560458351,scored
5047,15,21567440789,scored
5048,5,21571716227,scored
5049,4,21571738191,scored
5050,13,21572345333,scored
5051,12,21577378390,scored
5052,14,21579370403,scored
5053,1,21581426482,scored
5054,2,21584047714,scored
5055,3,21584995823,scored
5056,9,21589464760,scored
5057,8,21591451049,scored
5058,7,21593958711,scored
5059,6,21599660774,scored
5060,11,21603219064,scored
5061,10,21604834968,scored
5062,0,21605951421,scored
5063,15,21609348725,scored
5064,13,21613349996,scored
5065,5,21614163341,scored
5066,4,21615670680,scored
5067,12,21617411734,scored
5068,14,21622665619,scored
5069,1,21622866128,scored
5070,2,21624561955,scored
5071,3,21628739426,scored
5072,9,21638138971,scored
5073,6,21640846387,scored
5074,11,21645106733,scored
5075,8,21647529557,scored
5076,0,21647570143,scored
5077,10,21647899152,scored
5078,7,21651715366,scored
5079,15,21651957608,scored
5080,13,21656714184,scored
5081,12,21659241021,scored
5082,5,21659840289,scored
5083,4,21663173317,scored
5084,1,21664480217,scored
5085,2,21668961542,scored
5086,14,21669170046,scored
5087,3,21670433605,scored
5088,6,21681876776,scored
5089,9,21682402290,scored
5090,10,21689271615,scored
5091,0,21693630630,scored
5092,8,21699375691,scored
5093,7,21701977260,scored
5094,13,21703430066,scored
5095,12,21703500862,scored
5096,5,21704809572,scored
5097,15,21707607824,scored
5098,1,21708631748,scored
5099,4,21708713660,scored
5100,2,21711382371,scored
5101,14,21711503799,scored
5102,3,21711766493,scored
5103,11,21714410656,scored
5104,6,21722914541,scored
5105,9,21726037803,scored
5106,10,21731135801,scored
5107,0,21737575774,scored
5108,8,21740753176,scored
5109,13,21743483103,scored
5110,7,21743622245,scored
5111,14,21760299932,scored
5112,5,21763125959,scored
5113,3,21765112182,scored
5114,15,21768405240,scored
5115,2,21769880889,scored
5116,1,21770609997,scored
5117,11,21771593056,scored
5118,6,21771862621,scored
5119,12,21772520824,scored
5120,4,21776559865,scored
5121,8,21781834906,scored
5122,0,21783309577,scored
5123,13,21784112898,scored
5124,9,21789718270,scored
5125,10,21791412521,scored
5126,7,21793962246,scored
5127,14,21803567703,scored
5128,3,21805949223,scored
5129,15,21810955776,scored
5130,5,21811373868,scored
5131,1,21811803765,scored
5132,11,21821001013,scored
5133,12,21821198959,scored
5134,8,21826889684,scored
5135,4,21827237625,scored
5136,13,21829458179,scored
5137,6,21829692448,scored
5138,2,21830090096,scored
5139,9,21833582459,scored
5140,7,21836961761,scored
5141,0,21837106345,scored
5142,10,21840158877,scored
5143,14,21844093266,scored
5144,5,21851684856,scored
5145,3,21853759900,scored
5146,15,21853874902,scored
5147,1,21857205614,scored
5148,12,21862545090,scored
5149,11,21864293719,scored
5150,13,21870878603,scored
5151,8,21870987671,scored
5152,2,21872142115,scored
5153,6,21873873942,scored
5154,4,21874112423,scored
5155,9,21874427112,scored
5156,10,21880551662,scored
5157,0,21883281756,scored
5158,7,21883538380,scored
5159,14,21888229108,scored
5160,5,21894932063,scored
5161,15,21896572647,scored
5162,3,21899372184,scored
5163,1,21900985045,scored
5164,12,21906368241,scored
5165,11,21910083713,scored
5166,13,21911341361,scored
5167,2,21913385505,scored
5168,6,21914348491,scored
5169,9,21914428872,scored
5170,8,21915852480,scored
5171,4,21916358042,scored
5172,10,21921176357,scored
5173,0,21923408477,scored
5174,7,21924426067,scored
5175,14,21930668409,scored
5176,15,21936842847,scored
5177,5,21937539118,scored
5178,3,21940625236,scored
5179,1,21942972329,scored
5180,12,21950236827,scored
5181,11,21951056782,scored
5182,13,21952920171,scored
5183,9,21955272382,scored
5184,6,21956220505,scored
5185,2,21956320882,scored
5186,8,21958009412,scored
5187,4,21958876303,scored
5188,7,21966633446,scored
5189,10,21968669551,scored
5190,0,21970722717,scored
5191,15,21976884734,scored
5192,5,21982479697,scored
5193,3,21986986698,scored
5194,1,21989177131,scored
5195,14,21989267805,scored
5196,11,21991191294,scored
5197,12,21991597043,scored
5198,13,21993207445,scored
5199,9,21995389486,scored
5200,2,22000085570,scored
5201,6,22000282380,scored
5202,8,22001501647,scored
5203,4,22003095500,scored
5204,7,22008344199,scored
5205,10,22010423875,scored
5206,0,22011097707,scored
5207,3,22027042589,scored
5208,12,22031701620,scored
5209,1,22032328563,scored
5210,15,22037310024,scored
5211,11,22041600932,scored
5212,8,22043267374,scored
5213,2,22044640282,scored
5214,9,22045942123,scored
5215,13,22047925495,scored
5216,6,22050043373,scored
5217,7,22051509869,scored
5218,4,22053441535,scored
5219,0,22060008455,scored
5220,5,22061840692,scored
5221,14,22061946036,scored
5222,10,22065608417,scored
5223,3,22068299488,scored
5224,1,22078707888,scored
5225,11,22084482961,scored
5226,12,22085522696,scored
5227,2,22086346785,scored
5228,15,22086688925,scored
5229,9,22087761204,scored
5230,13,22089310150,scored
5231,6,22094564234,scored
5232,8,22098291156,scored
5233,7,22098560088,scored
5234,5,22102499667,scored
5235,14,22103060742,scored
5236,10,22110220563,scored
5237,4,22119300180,scored
5238,1,22119839002,scored
5239,0,22123343485,scored
5240,12,22126824602,scored
5241,3,22128046450,scored
5242,2,22128602701,scored
5243,11,22132468831,scored
5244,9,22136490966,scored
5245,15,22139889935,scored
5246,13,22140458164,scored
5247,7,22140841858,scored
5248,5,22149939339,scored
5249,8,22154172272,scored
5250,6,22155683986,scored
5251,10,22160533678,scored
5252,14,22161912185,scored
5253,1,22164121945,scored
5254,0,22165611905,scored
5255,4,22166364725,scored
5256,12,22168727953,scored
5257,11,22175069377,scored
5258,2,22176149595,scored
5259,7,22190469227,scored
5260,15,22192473337,scored
5261,8,22195457182,scored
5262,13,22197216321,scored
5263,9,22201177464,scored
5264,5,22201730701,scored
5265,3,22205326026,scored
5266,10,22206900467,scored
5267,6,22210607665,scored
5268,4,22212942045,scored
5269,0,22219296042,scored
5270,14,22223770712,scored
5271,11,22224722757,scored
5272,2,22225279491,scored
5273,12,22225644017,scored
5274,1,22228926110,scored
5275,7,22230857958,scored
5276,13,22237885083,scored
5277,15,22239448346,scored
5278,8,22241539672,scored
5279,9,22241704813,scored
5280,5,22244857417,scored
5281,3,22248785457,scored
5282,10,22250541601,scored
5283,6,22252679825,scored
5284,4,22258020309,scored
5285,0,22262016192,scored
5286,14,22264054021,scored
5287,11,22265631663,scored
5288,2,22268747708,scored
5289,12,22276302541,scored
5290,7,22278318622,scored
5291,13,22280329138,scored
5292,1,22283203078,scored
5293,8,22291181256,scored
5294,3,22295470545,scored
5295,9,22296016162,scored
5296,5,22297058952,scored
5297,6,22297812273,scored
5298,15,22300057346,scored
5299,10,22304643199,scored
5300,4,22304864882,scored
5301,14,22305558749,scored
5302,0,22306115294,scored
5303,11,22307795426,scored
5304,2,22313251407,scored
5305,12,22316555529,scored
5306,7,22320194075,scored
5307,13,22321287342,scored
5308,1,22323896438,scored
5309,8,22334942929,scored
5310,3,22335644408,scored
5311,9,22336240438,scored
5312,5,22337576732,scored
5313,6,22338236056,scored
5314,4,22345193249,scored
5315,10,22345283771,scored
5316,15,22345907915,scored
5317,14,22349167061,scored
5318,0,22349182350,scored
5319,11,22349465087,scored
5320,2,22355023684,scored
5321,12,22360218660,scored
5322,13,22367074310,scored
5323,7,22367894703,scored
5324,1,22370456308,scored
5325,8,22375216780,scored
5326,5,22380558148,scored
5327,3,22381664311,scored
5328,6,22381765445,scored
5329,4,22388925307,scored
5330,14,22394592833,scored
5331,9,22395035862,scored
5332,2,22396043568,scored
5333,0,22398610921,scored
5334,15,22399596775,scored
5335,12,22400238859,scored
5336,10,22400738293,scored
5337,11,22401095532,scored
5338,13,22409344102,scored
5339,7,22410113676,scored
5340,1,22411801235,scored
5341,8,22418951580,scored
5342,6,22426089969,scored
5343,3,22426210461,scored
5344,5,22427155266,scored
5345,2,22437473172,scored
5346,12,22441415939,scored
5347,11,22441587693,scored
5348,4,22442432409,scored
5349,10,22446556242,scored
5350,13,22452567075,scored
5351,7,22453046329,scored
5352,15,22453973499,scored
5353,0,22454230990,scored
5354,1,22454405202,scored
5355,9,22457227832,scored
5356,14,22458338190,scored
5357,8,22460996469,scored
5358,5,22469452907,scored
5359,3,22470751410,scored
5360,6,22473699018,scored
5361,12,22485657851,scored
5362,2,22486742459,scored
5363,4,22487912710,scored
5364,11,22488195903,scored
5365,10,22491006144,scored
5366,0,22495052042,scored
5367,1,22501525624,scored
5368,7,22509055126,scored
5369,3,22514324794,scored
5370,15,22517458860,scored
5371,8,22518545085,scored
5372,13,22523348209,scored
5373,5,22526001560,scored
5374,6,22526669246,scored
5375,2,22529029425,scored
5376,0,22537540160,scored
5377,11,22540033655,scored
5378,1,22542115436,scored
5379,9,22543191743,scored
5380,14,22544509043,scored
5381,4,22544817547,scored
5382,10,22545475514,scored
5383,12,22545622343,scored
5384,7,22550695159,scored
5385,3,22556602983,scored
5386,15,22557607994,scored
5387,8,22562379876,scored
5388,13,22565368604,scored
5389,5,22567776485,scored
5390,6,22570954520,scored
5391,2,22575817275,scored
5392,0,22580178774,scored
5393,11,22581842302,scored
5394,9,22583681658,scored
5395,14,22585564406,scored
5396,1,22589409910,scored
5397,4,22589481683,scored
5398,10,22590251743,scored
5399,12,22591104501,scored
5400,7,22601578558,scored
5401,15,22602615491,scored
5402,3,22604377102,scored
5403,8,22610778867,scored
5404,6,22617737034,scored
5405,5,22619659946,scored
5406,0,22620324302,scored
5407,13,22622095964,scored
5408,2,22622986395,scored
5409,9,22624574449,scored
5410,11,22624828528,scored
5411,14,22627718181,scored
5412,12,22631590072,scored
5413,1,22633228592,scored
5414,10,22634296621,scored
5415,4,22634438032,scored
5416,7,22641757507,scored
5417,3,22653797178,scored
5418,15,22654609933,scored
5419,8,22654998395,scored
5420,5,22660946463,scored
5421,0,22660955865,scored
5422,6,22662099340,scored
5423,13,22662610974,scored
5424,2,22664171670,scored
5425,9,22664753014,scored
5426,11,22667803436,scored
5427,14,22669188442,scored
5428,12,22672664737,scored
5429,4,22678463720,scored
5430,10,22686223927,scored
5431,7,22686466094,scored
5432,1,22686707882,scored
5433,3,22696126754,scored
5434,15,22697727366,scored
5435,8,22698507714,scored
5436,5,22701130526,scored
5437,0,22703306044,scored
5438,6,22703586974,scored
5439,2,22708109490,scored
5440,11,22711727207,scored
5441,9,22712902320,scored
5442,13,22715817764,scored
5443,12,22718250860,scored
5444,4,22719774190,scored
5445,14,22721288634,scored
5446,3,22742674356,scored
5447,5,22746522771,scored
5448,6,22749166041,scored
5449,11,22754231293,scored
5450,10,22756202440,scored
5451,8,22756287693,scored
5452,9,22760224971,scored
5453,1,22763714563,scored
5454,12,22763719259,scored
5455,15,22766206857,scored
5456,13,22769915915,scored
5457,7,22774673814,scored
5458,0,22778604340,scored
5459,4,22778989370,scored
5460,14,22781137224,scored
5461,3,22783997411,scored
5462,2,22787290673,scored
5463,5,22788293346,scored
5464,11,22795726008,scored
5465,8,22802416833,scored
5466,6,22802551733,scored
5467,12,22808198910,scored
5468,10,22812299485,scored
5469,9,22812829798,scored
5470,7,22814830298,scored
5471,1,22816377734,scored
5472,0,22819588028,scored
5473,14,22821998417,scored
5474,15,22825285302,scored
5475,13,22825359800,scored
5476,2,22828689510,scored
5477,4,22835104194,scored
5478,11,22836108817,scored
5479,5,22836812724,scored
5480,3,22838825350,scored
5481,6,22845786842,scored
5482,8,22847817647,scored
5483,12,22848680246,scored
5484,10,22854319179,scored
5485,9,22855957866,scored
5486,1,22857213022,scored
5487,0,22862212650,scored
5488,14,22862675811,scored
5489,7,22863028339,scored
5490,2,22869007184,scored
5491,13,22870851683,scored
5492,15,22875440090,scored
5493,11,22880047957,scored
5494,4,22884142493,scored
5495,5,22884379605,scored
5496,3,22884492422,scored
5497,6,22885959039,scored
5498,8,22888745661,scored
5499,12,22889780954,scored
5500,10,22895215736,scored
5501,1,22899851981,scored
5502,9,22900972626,scored
5503,7,22905832975,scored
5504,2,22910616556,scored
5505,13,22911966561,scored
5506,0,22914587098,scored
5507,15,22918885202,scored
5508,14,22919906470,scored
5509,11,22922388058,scored
5510,3,22935140800,scored
5511,4,22935789837,scored
5512,12,22937557520,scored
5513,10,22939538165,scored
5514,5,22941092538,scored
5515,7,22956160093,scored
5516,2,22959209252,scored
5517,6,22963651630,scored
5518,9,22965023880,scored
5519,11,22968646618,scored
5520,0,22970879720,scored
5521,15,22970893387,scored
5522,13,22971586369,scored
5523,1,22974520805,scored
5524,8,22974584352,scored
5525,4,22976498215,scored
5526,14,22983821920,scored
5527,3,22986845661,scored
5528,5,22990735615,scored
5529,10,22993872956,scored
5530,12,22996017141,scored
5531,7,22997615019,scored
5532,2,23001912927,scored
5533,9,23005828300,scored
5534,6,23008420863,scored
5535,11,23009589557,scored
5536,15,23011937526,scored
5537,0,23012912322,scored
5538,1,23016114275,scored
5539,4,23017850358,scored
5540,8,23021126367,scored
5541,13,23022936919,scored
5542,14,23030393336,scored
5543,3,23030542067,scored
5544,5,23033026146,scored
5545,12,23047029411,scored
5546,7,23049154373,scored
5547,6,23050520367,scored
5548,9,23053950674,scored
5549,0,23054507028,scored
5550,4,23059469124,scored
5551,1,23059861884,scored
5552,2,23060854906,scored
5553,10,23064896764,scored
5554,13,23065228049,scored
5555,8,23065761853,scored
5556,15,23072032297,scored
5557,11,23072370733,scored
5558,14,23074927302,scored
5559,3,23079322008,scored
5560,12,23088466941,scored
5561,6,23095543742,scored
5562,4,23100491552,scored
5563,1,23101734821,scored
5564,2,23101870602,scored
5565,10,23107025192,scored
5566,9,23107578136,scored
5567,0,23108023994,scored
5568,8,23110073158,scored
5569,5,23110712459,scored
5570,11,23114708753,scored
5571,13,23117820628,scored
5572,15,23120070453,scored
5573,14,23120530214,scored
5574,7,23123082976,scored
5575,3,23123397298,scored
5576,12,23129063523,scored
5577,6,23139568391,scored
5578,1,23142892906,scored
5579,2,23144196894,scored
5580,4,23148813433,scored
5581,9,23153056901,scored
5582,8,23153369550,scored
5583,5,23154192075,scored
5584,0,23161119599,scored
5585,15,23162397127,scored
5586,13,23164284827,scored
5587,14,23166158763,scored
5588,10,23168834901,scored
5589,7,23169745293,scored
5590,11,23176647720,scored
5591,12,23178318331,scored
5592,1,23183821323,scored
5593,3,23187851741,scored
5594,2,23187943105,scored
5595,6,23191596196,scored
5596,9,23194487173,scored
5597,5,23194706623,scored
5598,4,23198644918,scored
5599,8,23199033726,scored
5600,0,23201890314,scored
5601,15,23203685889,scored
5602,13,23204501443,scored
5603,14,23207484273,scored
5604,10,23209598532,scored
5605,7,23211469587,scored
5606,12,23218779889,scored
5607,11,23219114479,scored
5608,2,23228393343,scored
5609,6,23233731745,scored
5610,4,23238927790,scored
5611,15,23244617809,scored
5612,0,23245012304,scored
5613,8,23250632984,scored
5614,12,23260592529,scored
5615,14,23261200078,scored
5616,1,23263724835,scored
5617,3,23266512273,scored
5618,11,23268284709,scored
5619,13,23272218268,scored
5620,7,23272303252,scored
5621,2,23278494533,scored
5622,6,23280924281,scored
5623,10,23285544063,scored
5624,4,23290522423,scored
5625,15,23294665560,scored
5626,0,23294797392,scored
5627,5,23294828912,scored
5628,8,23295538314,scored
5629,9,23295610576,scored
5630,12,23308200448,scored
5631,3,23311641329,scored
5632,11,23313992854,scored
5633,1,23315058134,scored
5634,13,23317272069,scored
5635,7,23318450240,scored
5636,2,23318984018,scored
5637,14,23319172401,scored
5638,6,23321347533,scored
5639,10,23327438764,scored
5640,4,23332427283,scored
5641,15,23334702739,scored
5642,5,23341503995,scored
5643,9,23342642231,scored
5644,0,23349146243,scored
5645,12,23351440835,scored
5646,8,23351691157,scored
5647,11,23355695690,scored
5648,3,23358312854,scored
5649,6,23370357330,scored
5650,7,23376911187,scored
5651,14,23379655550,scored
5652,5,23381769264,scored
5653,2,23384656546,scored
5654,15,23385337513,scored
5655,1,23387180310,scored
5656,10,23388406246,scored
5657,13,23388827184,scored
5658,4,23389394217,scored
5659,9,23390741569,scored
5660,0,23392105312,scored
5661,8,23396017952,scored
5662,11,23397744658,scored
5663,3,23399436708,scored
5664,12,23400024126,scored
5665,6,23412393929,scored
5666,7,23420769105,scored
5667,14,23421745027,scored
5668,5,23424430527,scored
5669,2,23427399742,scored
5670,1,23427422509,scored
5671,15,23428374402,scored
5672,0,23432124106,scored
5673,10,23433513084,scored
5674,9,23434815830,scored
5675,4,23438273634,scored
5676,8,23439709998,scored
5677,13,23442116645,scored
5678,3,23442602552,scored
5679,12,23443816036,scored
5680,11,23448028570,scored
5681,6,23458237236,scored
5682,7,23461635833,scored
5683,14,23462433080,scored
5684,2,23468572458,scored
5685,15,23469662195,scored
5686,5,23474463753,scored
5687,1,23476590231,scored
5688,10,23480126955,scored
5689,0,23481329012,scored
5690,9,23482014543,scored
5691,12,23484002565,scored
5692,13,23485117215,scored
5693,4,23485506833,scored
5694,3,23487838083,scored
5695,8,23487861859,scored
5696,11,23489117739,scored
5697,6,23498803360,scored
5698,7,23502637333,scored
5699,14,23502883091,scored
5700,10,23520287998,scored
5701,2,23521718893,scored
5702,9,23523219265,scored
5703,5,23524643427,scored
5704,1,23524770007,scored
5705,13,23525560290,scored
5706,4,23526518215,scored
5707,12,23527145966,scored
5708,0,23527585532,scored
5709,15,23527700653,scored
5710,3,23528486680,scored
5711,8,23528942775,scored
5712,11,23530748238,scored
5713,6,23541397438,scored
5714,7,23542658803,scored
5715,14,23547377709,scored
5716,9,23563624651,scored
5717,1,23575625157,scored
5718,10,23578491790,scored
5719,0,23578821960,scored
5720,13,23581017895,scored
5721,12,23582328544,scored
5722,15,23582712734,scored
5723,3,23586510124,scored
5724,4,23597186546,scored
5725,8,23601901265,scored
5726,2,23604060460,scored
5727,5,23609752156,scored
5728,14,23610612163,scored
5729,11,23612869637,scored
5730,1,23618148925,scored
5731,10,23621558924,scored
5732,6,23622222360,scored
5733,12,23625478641,scored
5734,9,23629785002,scored
5735,3,23630680124,scored
5736,15,23630768263,scored
5737,7,23632816504,scored
5738,13,23633985788,scored
5739,0,23634634528,scored
5740,4,23640002709,scored
5741,2,23649323667,scored
5742,14,23661520318,scored
5743,10,23671818879,scored
5744,11,23673080319,scored
5745,9,23673172753,scored
5746,13,23685116765,scored
5747,1,23687156412,scored
5748,6,23688592892,scored
5749,12,23688774777,scored
5750,15,23693487149,scored
5751,3,23693873768,scored
5752,5,23697259477,scored
5753,8,23697437405,scored
5754,4,23698630247,scored
5755,7,23702245251,scored
5756,14,23704947773,scored
5757,0,23706453820,scored
5758,2,23706619943,scored
5759,10,23712359393,scored
5760,9,23714447750,scored
5761,11,23716638113,scored
5762,13,23726848339,scored
5763,1,23731113246,scored
5764,2,23757045311,scored
5765,5,23765343498,scored
5766,15,23774121779,scored
5767,10,23775587768,scored
5768,0,23778666242,scored
5769,12,23779014558,scored
5770,3,23780385946,scored
5771,14,23781743130,scored
5772,7,23785626407,scored
5773,1,23786903978,scored
5774,6,23789703183,scored
5775,8,23792925222,scored
5776,11,23795613597,scored
5777,13,23798657302,scored
5778,4,23800339123,scored
5779,9,23800970170,scored
5780,2,23803534787,scored
5781,5,23813743869,scored
5782,15,23816178227,scored
5783,10,23816355007,scored
5784,0,23818998216,scored
5785,12,23819832616,scored
5786,14,23826272515,scored
5787,7,23832257296,scored
5788,1,23834918945,scored
5789,11,23841874055,scored
5790,2,23843582515,scored
5791,6,23850824525,scored
5792,3,23861004024,scored
5793,15,23864293913,scored
5794,10,23865946741,scored
5795,4,23869300282,scored
5796,8,23871101851,scored
5797,13,23871461602,scored
5798,12,23876271380,scored
5799,7,23879335346,scored
5800,1,23879658569,scored
5801,0,23881045011,scored
5802,11,23883808135,scored
5803,9,23885566122,scored
5804,6,23893981242,scored
5805,5,23896832997,scored
5806,14,23897688330,scored
5807,2,23897893500,scored
5808,15,23904681996,scored
5809,3,23904757133,scored
5810,8,23914206437,scored
5811,13,23914725464,scored
5812,4,23914965193,scored
5813,12,23917014567,scored
5814,10,23918018004,scored
5815,0,23921665626,scored
5816,7,23924107431,scored
5817,1,23924964714,scored
5818,11,23926699746,scored
5819,9,23928564580,scored
5820,6,23936357456,scored
5821,5,23937688307,scored
5822,14,23941183929,scored
5823,2,23941781076,scored
5824,3,23951949657,scored
5825,15,23952593729,scored
5826,13,23955719814,scored
5827,12,23957975651,scored
5828,1,23966413363,scored
5829,0,23968947550,scored
5830,9,23973692015,scored
5831,6,23977856195,scored
5832,2,23987544274,scored
5833,15,23996542350,scored
5834,14,23998992385,scored
5835,3,24002292833,scored
5836,13,24004423026,scored
5837,5,24004754303,scored
5838,7,24005200261,scored
5839,8,24005203833,scored
5840,11,24013125970,scored
5841,12,24013169516,scored
5842,9,24015513186,scored
5843,0,24015837369,scored
5844,1,24017658569,scored
5845,10,24020259504,scored
5846,6,24021744673,scored
5847,4,24026801510,scored
5848,2,24034188762,scored
5849,15,24037648879,scored
5850,14,24042686930,scored
5851,5,24045661675,scored
5852,7,24047579207,scored
5853,13,24048650834,scored
5854,3,24049490327,scored
5855,8,24051016169,scored
5856,11,24054626891,scored
5857,10,24060335894,scored
5858,1,24060640709,scored
5859,4,24070015312,scored
5860,6,24072674752,scored
5861,2,24076292485,scored
5862,12,24076425581,scored
5863,9,24081080304,scored
5864,13,24089990792,scored
5865,14,24090708675,scored
5866,5,24092057124,scored
5867,3,24094340213,scored
5868,11,24096907237,scored
5869,1,24100697922,scored
5870,15,24108342372,scored
5871,0,24110459745,scored
5872,8,24111421659,scored
5873,10,24112871696,scored
5874,7,24120192773,scored
5875,9,24123212754,scored
5876,4,24126063966,scored
5877,2,24129430522,scored
5878,12,24129627241,scored
5879,13,24134780312,scored
5880,6,24136115757,scored
5881,5,24137546353,scored
5882,11,24139929954,scored
5883,3,24140023388,scored
5884,14,24142811621,scored
5885,1,24147322738,scored
5886,15,24149866539,scored
5887,8,24152340983,scored
5888,10,24154279048,scored
5889,0,24162235825,scored
5890,7,24162389713,scored
5891,9,24164881921,scored
5892,4,24169103445,scored
5893,2,24171935728,scored
5894,12,24172420379,scored
5895,13,24175858151,scored
5896,6,24176858076,scored
5897,5,24179200706,scored
5898,11,24181953061,scored
5899,14,24187248558,scored
5900,3,24188291491,scored
5901,15,24190463390,scored
5902,8,24193915225,scored
5903,1,24195185245,scored
5904,10,24198312548,scored
5905,7,24202517400,scored
5906,0,24209612560,scored
5907,4,24210960807,scored
5908,9,24216836329,scored
5909,5,24219715103,scored
5910,12,24224052828,scored
5911,2,24225731306,scored
5912,3,24228713821,scored
5913,13,24230958281,scored
5914,8,24236707509,scored
5915,6,24247084973,scored
5916,14,24248506238,scored
5917,4,24255236193,scored
5918,7,24255858720,scored
5919,10,24256695216,scored
5920,9,24262079262,scored
5921,3,24269524662,scored
5922,11,24271020300,scored
5923,12,24275869675,scored
5924,13,24277668430,scored
5925,2,24278395793,scored
5926,0,24281418058,scored
5927,1,24281757299,scored
5928,5,24283847082,scored
5929,8,24285942081,scored
5930,15,24288516311,scored
5931,6,24290593635,scored
5932,14,24293024897,scored
5933,10,24303762436,scored
5934,9,24308054869,scored
5935,7,24309008806,scored
5936,4,24309146754,scored
5937,3,24312307729,scored
5938,11,24312536744,scored
5939,13,24317943960,scored
5940,1,24322748488,scored
5941,12,24325330490,scored
5942,0,24325532416,scored
5943,5,24325846200,scored
5944,2,24326952932,scored
5945,6,24331506967,scored
5946,8,24332878107,scored
5947,14,24333117006,scored
5948,15,24333767900,scored
5949,10,24344692952,scored
5950,9,24350227578,scored
5951,4,24351698926,scored
5952,3,24355925486,scored
5953,13,24363688076,scored
5954,11,24363994833,scored
5955,7,24364847126,scored
5956,5,24366022797,scored
5957,2,24368592154,scored
5958,1,24371134628,scored
5959,0,24375558626,scored
5960,14,24379191320,scored
5961,12,24380578051,scored
5962,8,24380980422,scored
5963,6,24381287347,scored
5964,15,24386926726,scored
5965,9,24390428320,scored
5966,10,24392044229,scored
5967,4,24392279436,scored
5968,3,24396088953,scored
5969,13,24410326836,scored
5970,11,24414945175,scored
5971,2,24419469647,scored
5972,12,24421867254,scored
5973,5,24425551858,scored
5974,0,24427648432,scored
5975,15,24433983287,scored
5976,6,24434238522,scored
5977,8,24435735605,scored
5978,3,24439362973,scored
5979,14,24439452512,scored
5980,1,24441280121,scored
5981,10,24443302390,scored
5982,9,24447227972,scored
5983,7,24448530128,scored
5984,4,24449871694,scored
5985,13,24453664395,scored
5986,11,24457822130,scored
5987,2,24464380550,scored
5988,5,24467174512,scored
5989,12,24468381426,scored
5990,0,24474939701,scored
5991,15,24475127808,scored
5992,6,24476589099,scored
5993,8,24476626345,scored
5994,3,24481197116,scored
5995,14,24481254135,scored
5996,10,24483503050,scored
5997,1,24484682404,scored
5998,7,24496402179,scored
5999,4,24497315826,scored
6000,13,24499663997,scored
6001,11,24501972362,scored
6002,9,24510651989,scored
6003,2,24517252395,scored
6004,0,24517329183,scored
6005,15,24518085249,scored
6006,8,24523980178,scored
6007,3,24524551738,scored
6008,14,24525132820,scored
6009,10,24525678183,scored
6010,1,24526140711,scored
6011,5,24528723867,scored
6012,6,24530799712,scored
6013,12,24531475177,scored
6014,7,24537292708,scored
6015,13,24541075357,scored
6016,4,24542255219,scored
6017,11,24543573165,scored
6018,9,24552955227,scored
6019,0,24559035801,scored
6020,15,24561586152,scored
6021,1,24567231541,scored
6022,6,24571088331,scored
6023,2,24571698257,scored
6024,12,24575455629,scored
6025,7,24578133714,scored
6026,8,24580895550,scored
6027,3,24581318741,scored
6028,13,24582319169,scored
6029,14,24587957058,scored
6030,4,24589687274,scored
6031,11,24591521996,scored
6032,10,24592431955,scored
6033,9,24598717890,scored
6034,0,24599148931,scored
6035,5,24600117671,scored
6036,15,24602225866,scored
6037,1,24607318445,scored
6038,12,24620040681,scored
6039,2,24621260720,scored
6040,3,24628896426,scored
6041,13,24631251380,scored
6042,4,24631511506,scored
6043,11,24631754366,scored
6044,14,24635959324,scored
6045,6,24636844294,scored
6046,10,24643359724,scored
6047,1,24653456444,scored
6048,0,24654083182,scored
6049,5,24654730682,scored
6050,8,24655388819,scored
6051,15,24655769147,scored
6052,7,24662328502,scored
6053,12,24663777332,scored
6054,2,24664843840,scored
6055,9,24666413601,scored
6056,3,24671299383,scored
6057,11,24671822222,scored
6058,13,24672334458,scored
6059,4,24672730587,scored
6060,14,24677055417,scored
6061,6,24679571208,scored
6062,10,24684316858,scored
6063,1,24694654630,scored
6064,15,24696553010,scored
6065,5,24698646207,scored
6066,0,24698871965,scored
6067,8,24703920002,scored
6068,9,24710333355,scored
6069,3,24713077563,scored
6070,13,24716056677,scored
6071,2,24716141497,scored
6072,11,24721331296,scored
6073,14,24721473101,scored
6074,4,24725001844,scored
6075,10,24728967138,scored
6076,7,24735437341,scored
6077,8,24748677263,scored
6078,5,24751338500,scored
6079,9,24753740999,scored
6080,15,24759355533,scored
6081,6,24760381093,scored
6082,2,24765420616,scored
6083,13,24765618653,scored
6084,3,24768059885,scored
6085,1,24768560413,scored
6086,12,24768591513,scored
6087,11,24768789322,scored
6088,0,24768936838,scored
6089,10,24777713125,scored
6090,4,24778838568,scored
6091,7,24779002481,scored
6092,14,24780733645,scored
6093,8,24789987833,scored
6094,5,24792224404,scored
6095,15,24805233615,scored
6096,2,24805423470,scored
6097,12,24811088450,scored
6098,6,24811686684,scored
6099,13,24814791790,scored
6100,11,24815391815,scored
6101,3,24815557541,scored
6102,1,24815901656,scored
6103,14,24824168487,scored
6104,9,24825824747,scored
6105,4,24828908035,scored
6106,8,24832180620,scored
6107,7,24834087945,scored
6108,5,24836262258,scored
6109,10,24836924412,scored
6110,0,24837387355,scored
6111,2,24850803448,scored
6112,12,24851695161,scored
6113,6,24853673114,scored
6114,13,24857710175,scored
6115,1,24860905371,scored
6116,3,24861020181,scored
6117,15,24862244370,scored
6118,9,24865973051,scored
6119,11,24867570191,scored
6120,8,24874323851,scored
6121,4,24880917933,scored
6122,10,24882415182,scored
6123,7,24886124136,scored
6124,5,24886598090,scored
6125,0,24888437350,scored
6126,14,24891104258,scored
6127,2,24892046444,scored
6128,12,24893125662,scored
6129,6,24901878466,scored
6130,3,24903395632,scored
6131,15,24912867628,scored
6132,13,24913581314,scored
6133,9,24914593930,scored
6134,1,24915099444,scored
6135,8,24916053273,scored
6136,11,24916850010,scored
6137,4,24920950189,scored
6138,10,24926261706,scored
6139,7,24927263508,scored
6140,12,24935340486,scored
6141,2,24940435255,scored
6142,0,24941081463,scored
6143,6,24943127111,scored
6144,13,24958583736,scored
6145,15,24960630331,scored
6146,5,24965151153,scored
6147,1,24967087997,scored
6148,8,24970558268,scored
6149,7,24972240984,scored
6150,10,24979807492,scored
6151,9,24985177326,scored
6152,11,24986208861,scored
6153,6,24987344147,scored
6154,0,24990863627,scored
6155,2,24990915794,scored
6156,12,24995247251,scored
6157,13,25002857243,scored
6158,4,25003102264,scored
6159,15,25005549483,scored
6160,3,25009606434,scored
6161,14,25017327456,scored
6162,1,25018915297,scored
6163,7,25022329024,scored
6164,9,25027647709,scored
6165,11,25030975922,scored
6166,10,25033817510,scored
6167,8,25038997880,scored
6168,0,25041881881,scored
6169,12,25045706124,scored
6170,4,25047136254,scored
6171,15,25047671138,scored
6172,5,25051084050,scored
6173,6,25052797224,scored
6174,13,25053857950,scored
6175,2,25056904818,scored
6176,3,25058412273,scored
6177,14,25060417339,scored
6178,1,25064431610,scored
6179,7,25064748528,scored
6180,9,25068822755,scored
6181,11,25071375522,scored
6182,10,25074829778,scored
6183,8,25079635700,scored
6184,0,25082338465,scored
6185,15,25088042462,scored
6186,12,25089820853,scored
6187,4,25090823093,scored
6188,5,25094036297,scored
6189,6,25097909062,scored
6190,13,25104420462,scored
6191,1,25116090755,scored
6192,14,25119220568,scored
6193,11,25119541193,scored
6194,7,25122383423,scored
6195,10,25122729137,scored
6196,8,25122942326,scored
6197,3,25126650959,scored
6198,9,25128439917,scored
6199,0,25131656753,scored
6200,4,25131724922,scored
6201,15,25133264577,scored
6202,2,25133441922,scored
6203,12,25133855773,scored
6204,6,25141169921,scored
6205,5,25141712408,scored
6206,13,25144984464,scored
6207,1,25158695785,scored
6208,8,25163591936,scored
6209,3,25167083890,scored
6210,14,25168271949,scored
6211,10,25168308605,scored
6212,15,25173708111,scored
6213,0,25174432849,scored
6214,4,25177323371,scored
6215,12,25178651041,scored
6216,2,25181601512,scored
6217,11,25181730702,scored
6218,5,25182644851,scored
6219,7,25186252310,scored
6220,6,25196781093,scored
6221,13,25197709820,scored
6222,9,25197715950,scored
6223,1,25199648113,scored
6224,8,25205460272,scored
6225,10,25216866497,scored
6226,3,25218387015,scored
6227,4,25222325121,scored
6228,12,25223538003,scored
6229,0,25226485033,scored
6230,15,25229302829,scored
6231,2,25230094842,scored
6232,11,25230636035,scored
6233,5,25231006552,scored
6234,14,25232065925,scored
6235,7,25232256535,scored
6236,6,25243126497,scored
6237,1,25243339544,scored
6238,13,25245662631,scored
6239,9,25249395199,scored
6240,8,25254057106,scored
6241,10,25257842852,scored
6242,3,25260245678,scored
6243,2,25271873006,scored
6244,5,25273766076,scored
6245,0,25274651652,scored
6246,7,25277043268,scored
6247,11,25278191476,scored
6248,4,25280556997,scored
6249,1,25283767482,scored
6250,9,25291234758,scored
6251,13,25292757111,scored
6252,6,25296712507,scored
6253,15,25296777333,scored
6254,8,25298217191,scored
6255,12,25301335149,scored
6256,10,25304871208,scored
6257,14,25309118041,scored
6258,2,25312239741,scored
6259,5,25314596159,scored
6260,7,25319277874,scored
6261,4,25327590755,scored
6262,11,25330302459,scored
6263,1,25335979104,scored
6264,13,25337902277,scored
6265,9,25339789352,scored
6266,3,25344185278,scored
6267,10,25347361672,scored
6268,8,25348294101,scored
6269,6,25349143480,scored
6270,15,25350151796,scored
6271,5,25358652462,scored
6272,14,25361328887,scored
6273,7,25361503188,scored
6274,12,25365321846,scored
6275,0,25365353650,scored
6276,2,25367352601,scored
6277,4,25369113334,scored
6278,11,25370877715,scored
6279,1,25377324818,scored
6280,13,25378788890,scored
6281,9,25386235496,scored
6282,8,25392112449,scored
6283,10,25392276859,scored
6284,3,25395099484,scored
6285,15,25396601516,scored
6286,6,25396614325,scored
6287,5,25400267501,scored
6288,14,25403599397,scored
6289,7,25408219788,scored
6290,2,25408471257,scored
6291,4,25418305747,scored
6292,0,25420654372,scored
6293,13,25421364401,scored
6294,12,25422566435,scored
6295,11,25423146895,scored
6296,9,25428088925,scored
6297,1,25428278480,scored
6298,15,25437229635,scored
6299,8,25437641194,scored
6300,10,25439359836,scored
6301,3,25439569322,scored
6302,5,25440350550,scored
6303,6,25441058367,scored
6304,14,25448102188,scored
6305,7,25450910113,scored
6306,2,25451106601,scored
6307,0,25461336969,scored
6308,13,25463367462,scored
6309,1,25469004380,scored
6310,4,25469773802,scored
6311,11,25473275567,scored
6312,12,25474235598,scored
6313,9,25477331468,scored
6314,5,25482743091,scored
6315,6,25490060709,scored
6316,14,25491330082,scored
6317,7,25491492971,scored
6318,2,25497816109,scored
6319,8,25498969836,scored
6320,15,25503526034,scored
6321,10,25508724093,scored
6322,1,25511931407,scored
6323,11,25514493637,scored
6324,13,25514638208,scored
6325,4,25516355702,scored
6326,0,25516742864,scored
6327,3,25520653802,scored
6328,12,25520913423,scored
6329,9,25521056534,scored
6330,5,25524376585,scored
6331,6,25531486953,scored
6332,7,25533834385,scored
6333,14,25536797034,scored
6334,2,25539111165,scored
6335,8,25539466494,scored
6336,15,25546118679,scored
6337,10,25550998009,scored
6338,1,25554339676,scored
6339,4,25557796170,scored
6340,0,25559829420,scored
6341,13,25559894558,scored
6342,12,25561474235,scored
6343,11,25562979060,scored
6344,9,25565680406,scored
6345,5,25568931516,scored
6346,3,25570667358,scored
6347,6,25572261675,scored
6348,7,25576347853,scored
6349,14,25579827717,scored
6350,8,25583988956,scored
6351,2,25591734593,scored
6352,15,25593333589,scored
6353,10,25598016015,scored
6354,12,25605938744,scored
6355,11,25607427509,scored
6356,3,25611555471,scored
6357,13,25614695176,scored
6358,1,25617916521,scored
6359,9,25619494652,scored
6360,8,25626226149,scored
6361,4,25626959602,scored
6362,6,25629763216,scored
6363,2,25632084744,scored
6364,14,25641944803,scored
6365,15,25642329307,scored
6366,5,25644181896,scored
6367,0,25645156044,scored
6368,11,25648285867,scored
6369,12,25650849787,scored
6370,3,25652569223,scored
6371,7,25653467271,scored
6372,10,25657378304,scored
6373,9,25666639618,scored
6374,4,25668309356,scored
6375,13,25669297550,scored
6376,2,25673085020,scored
6377,8,25676838499,scored
6378,6,25677176481,scored
6379,1,25678541656,scored
6380,14,25682611490,scored
6381,15,25683948076,scored
6382,5,25684628978,scored
6383,0,25690455727,scored
6384,7,25699266419,scored
6385,3,25700693641,scored
6386,11,25702148577,scored
6387,10,25705124839,scored
6388,9,25707093032,scored
6389,13,25709957798,scored
6390,12,25711017165,scored
6391,4,25712419812,scored
6392,2,25714218851,scored
6393,6,25718335898,scored
6394,8,25720856524,scored
6395,1,25720876441,scored
6396,15,25729199562,scored
6397,14,25733839758,scored
6398,5,25733992525,scored
6399,0,25739637622,scored
6400,3,25741201134,scored
6401,11,25742481619,scored
6402,7,25746320364,scored
6403,10,25746557074,scored
6404,9,25747260238,scored
6405,12,25762977134,scored
6406,2,25764829951,scored
6407,13,25770421244,scored
6408,6,25770641633,scored
6409,8,25772700282,scored
6410,11,25783790656,scored
6411,5,25784010975,scored
6412,15,25786124135,scored
6413,14,25787644540,scored
6414,9,25789195492,scored
6415,4,25789890864,scored
6416,1,25799381563,scored
6417,0,25802828863,scored
6418,10,25803484311,scored
6419,7,25805709593,scored
6420,3,25806309528,scored
6421,12,25807827993,scored
6422,13,25812616567,scored
6423,2,25819125764,scored
6424,8,25819630146,scored
6425,6,25822814052,scored
6426,15,25827253906,scored
6427,5,25832791184,scored
6428,14,25839110861,scored
6429,1,25841108062,scored
6430,4,25842586163,scored
6431,7,25850777717,scored
6432,10,25851916798,scored
6433,12,25853933202,scored
6434,0,25853993849,scored
6435,13,25856405050,scored
6436,9,25858529846,scored
6437,11,25858852061,scored
6438,6,25862871100,scored
6439,5,25875532028,scored
6440,14,25880184344,scored
6441,8,25884279285,scored
6442,4,25887805069,scored
6443,2,25893890405,scored
6444,3,25895735396,scored
6445,7,25897449587,scored
6446,1,25903342797,scored
6447,15,25911599092,scored
6448,0,25914697501,scored
6449,13,25914997093,scored
6450,5,25920251259,scored
6451,9,25921178446,scored
6452,6,25923611790,scored
6453,10,25926063578,scored
6454,14,25928209203,scored
6455,11,25928914790,scored
6456,8,25930607728,scored
6457,12,25935271496,scored
6458,2,25936189494,scored
6459,4,25937320393,scored
6460,7,25939218731,scored
6461,1,25945829991,scored
6462,15,25962151118,scored
6463,5,25963903771,scored
6464,0,25965061678,scored
6465,3,25967306099,scored
6466,13,25967870974,scored
6467,14,25968453413,scored
6468,6,25968812867,scored
6469,9,25972839747,scored
6470,8,25973223366,scored
6471,11,25977540588,scored
6472,4,25978640900,scored
6473,12,25978935523,scored
6474,10,25979618093,scored
6475,2,25980445924,scored
6476,7,25981525026,scored
6477,1,25989685422,scored
6478,5,26004469643,scored
6479,15,26005093688,scored
6480,0,26005576239,scored
6481,3,26008414915,scored
6482,13,26009092478,scored
6483,11,26020266194,scored
6484,2,26021843271,scored
6485,7,26023431592,scored
6486,12,26025800603,scored
6487,6,26025906576,scored
6488,8,26026250004,scored
6489,9,26031379976,scored
6490,10,26031851786,scored
6491,14,26031984685,scored
6492,4,26034913201,scored
6493,1,26038165155,scored
6494,5,26048405689,scored
6495,15,26048788185,scored
6496,0,26050610200,scored
6497,13,26051881325,scored
6498,3,26052202581,scored
6499,11,26060932963,scored
6500,2,26062648538,scored
6501,12,26066108637,scored
6502,6,26069616705,scored
6503,10,26073131425,scored
6504,8,26074401623,scored
6505,14,26075296458,scored
6506,9,26078446144,scored
6507,7,26080131204,scored
6508,15,26088829707,scored
6509,4,26089911441,scored
6510,5,26090363203,scored
6511,0,26090724734,scored
6512,1,26092563359,scored
6513,3,26099064994,scored
6514,11,26108494431,scored
6515,2,26109741844,scored
6516,13,26110899927,scored
6517,6,26114374551,scored
6518,14,26116205184,scored
6519,12,26118179913,scored
6520,9,26119848553,scored
6521,10,26125921975,scored
6522,8,26126446466,scored
6523,7,26128968750,scored
6524,1,26134890606,scored
6525,4,26139059147,scored
6526,5,26143858722,scored
6527,15,26144569063,scored
6528,3,26146032651,scored
6529,0,26149597685,scored
6530,2,26151859530,scored
6531,13,26153422743,scored
6532,11,26153813844,scored
6533,6,26154509898,scored
6534,14,26157020872,scored
6535,9,26162452549,scored
6536,12,26164882724,scored
6537,8,26172220230,scored
6538,7,26172292395,scored
6539,10,26173677893,scored
6540,1,26176810267,scored
6541,4,26182950253,scored
6542,3,26186087270,scored
6543,0,26191422290,scored
6544,5,26193316027,scored
6545,15,26193897093,scored
6546,2,26194914940,scored
6547,14,26198138337,scored
6548,13,26204184281,scored
6549,6,26206116877,scored
6550,11,26206948213,scored
6551,12,26210304999,scored
6552,9,26211034554,scored
6553,10,26214984404,scored
6554,7,26217648258,scored
6555,1,26222272670,scored
6556,8,26223931883,scored
6557,3,26228421985,scored
6558,4,26230872815,scored
6559,0,26232543294,scored
6560,5,26233349651,scored
6561,15,26235709817,scored
6562,14,26243306297,scored
6563,2,26243888364,scored
6564,13,26245127487,scored
6565,11,26249565196,scored
6566,9,26251587810,scored
6567,10,26258125012,scored
6568,12,26259149807,scored
6569,6,26260174025,scored
6570,7,26261290296,scored
6571,1,26262955757,scored
6572,8,26264234193,scored
6573,3,26269037684,scored
6574,15,26279427477,scored
6575,5,26279946898,scored
6576,4,26288548048,scored
6577,2,26289987316,scored
6578,0,26292545994,scored
6579,13,26294021968,scored
6580,11,26295541221,scored
6581,7,26301561033,scored
6582,1,26303012810,scored
6583,10,26303258889,scored
6584,6,26303307084,scored
6585,8,26306284274,scored
6586,12,26310769328,scored
6587,3,26311774817,scored
6588,9,26312947355,scored
6589,14,26314438040,scored
6590,15,26320611498,scored
6591,5,26321342081,scored
6592,4,26328588116,scored
6593,2,26331648139,scored
6594,0,26333481349,scored
6595,11,26337501787,scored
6596,13,26337770290,scored
6597,10,26343859339,scored
6598,6,26347779351,scored
6599,1,26347815997,scored
6600,7,26351239108,scored
6601,8,26356726626,scored
6602,12,26359221848,scored
6603,14,26360572311,scored
6604,5,26368474498,scored
6605,9,26373448703,scored
6606,3,26377981623,scored
6607,0,26379127212,scored
6608,11,26379256571,scored
6609,15,26382264814,scored
6610,6,26392237026,scored
6611,7,26395731153,scored
6612,1,26396697104,scored
6613,4,26398362474,scored
6614,13,26402798530,scored
6615,12,26403776881,scored
6616,14,26406401836,scored
6617,2,26407403607,scored
6618,5,26409985330,scored
6619,10,26413337288,scored
6620,8,26414749491,scored
6621,9,26421914829,scored
6622,0,26426973554,scored
6623,6,26433447353,scored
6624,11,26433628931,scored
6625,7,26436219849,scored
6626,15,26437347312,scored
6627,1,26439541681,scored
6628,13,26448980873,scored
6629,4,26450584768,scored
6630,12,26450876515,scored
6631,14,26451701849,scored
6632,3,26452425787,scored
6633,10,26453448095,scored
6634,5,26453550249,scored
6635,2,26453925252,scored
6636,8,26456691145,scored
6637,9,26463157207,scored
6638,0,26468786928,scored
6639,11,26476545289,scored
6640,7,26478957875,scored
6641,15,26482202602,scored
6642,1,26483186287,scored
6643,6,26489520650,scored
6644,13,26490338530,scored
6645,5,26496081307,scored
6646,14,26497678514,scored
6647,8,26499274175,scored
6648,4,26499844473,scored
6649,3,26502485330,scored
6650,10,26503023626,scored
6651,12,26504434539,scored
6652,9,26504592492,scored
6653,2,26505900854,scored
6654,0,26509857489,scored
6655,11,26517147107,scored
6656,7,26524351893,scored
6657,1,26526938111,scored
6658,15,26527887681,scored
6659,6,26530496173,scored
6660,13,26531264080,scored
6661,5,26538097857,scored
6662,8,26540164305,scored
6663,3,26544430126,scored
6664,9,26545764756,scored
6665,14,26551892274,scored
6666,4,26551960068,scored
6667,12,26553339591,scored
6668,2,26553383112,scored
6669,10,26554728358,scored
6670,0,26556227992,scored
6671,11,26557536550,scored
6672,1,26567321697,scored
6673,7,26570249801,scored
6674,6,26571647530,scored
6675,13,26573678110,scored
6676,15,26574749624,scored
6677,8,26580560031,scored
6678,5,26583973610,scored
6679,3,26584903567,scored
6680,9,26589277182,scored
6681,4,26593143881,scored
6682,14,26593917971,scored
6683,10,26595121828,scored
6684,2,26598833156,scored
6685,0,26603098687,scored
6686,12,26606699284,scored
6687,1,26608300492,scored
6688,11,26618100978,scored
6689,13,26618507433,scored
6690,7,26620689232,scored
6691,15,26622648189,scored
6692,8,26623928146,scored
6693,5,26627130627,scored
6694,9,26629360225,scored
6695,3,26632506914,scored
6696,4,26634273705,scored
6697,2,26645897606,scored
6698,12,26655353588,scored
6699,8,26665255926,scored
6700,13,26665820758,scored
6701,11,26670935523,scored
6702,14,26678332729,scored
6703,7,26681096230,scored
6704,10,26682776022,scored
6705,0,26684493840,scored
6706,9,26685629139,scored
6707,15,26688127973,scored
6708,5,26689827272,scored
6709,1,26692027115,scored
6710,4,26692441381,scored
6711,3,26694836346,scored
6712,6,26695001578,scored
6713,12,26695443764,scored
6714,2,26696977001,scored
6715,8,26709580472,scored
6716,13,26710505485,scored
6717,11,26711799552,scored
6718,14,26722048084,scored
6719,7,26723749558,scored
6720,0,26725579318,scored
6721,10,26729605870,scored
6722,5,26731316661,scored
6723,1,26735255684,scored
6724,4,26735488815,scored
6725,3,26735975790,scored
6726,9,26739291470,scored
6727,12,26740891192,scored
6728,15,26742667407,scored
6729,2,26744141160,scored
6730,6,26747223594,scored
6731,8,26755635915,scored
6732,13,26760716488,scored
6733,11,26760924275,scored
6734,14,26762216271,scored
6735,0,26766986501,scored
6736,7,26769505716,scored
6737,10,26769819465,scored
6738,5,26772736896,scored
6739,1,26778140398,scored
6740,4,26778467250,scored
6741,3,26778493340,scored
6742,12,26787328105,scored
6743,6,26787717315,scored
6744,15,26789067341,scored
6745,2,26789537595,scored
6746,9,26789563389,scored
6747,8,26797967114,scored
6748,13,26801326225,scored
6749,11,26803240047,scored
6750,14,26803885583,scored
6751,0,26809191474,scored
6752,7,26812442447,scored
6753,5,26818925307,scored
6754,10,26822376139,scored
6755,3,26824219074,scored
6756,4,26824355968,scored
6757,1,26827022079,scored
6758,12,26828398652,scored
6759,15,26829123885,scored
6760,2,26832053403,scored
6761,9,26834600548,scored
6762,6,26834799430,scored
6763,8,26841027426,scored
6764,13,26854787442,scored
6765,7,26861303917,scored
6766,10,26863184177,scored
6767,0,26866944670,scored
6768,3,26867124522,scored
6769,14,26867819275,scored
6770,2,26872058539,scored
6771,15,26874260733,scored
6772,1,26875569792,scored
6773,9,26876458559,scored
6774,5,26878644168,scored
6775,11,26878751624,scored
6776,12,26879788082,scored
6777,4,26883006099,scored
6778,6,26886883778,scored
6779,8,26887191234,scored
6780,13,26899992990,scored
6781,10,26903613265,scored
6782,7,26904672404,scored
6783,1,26915611681,scored
6784,0,26916018193,scored
6785,15,26919986158,scored
6786,12,26924691365,scored
6787,11,26926911530,scored
6788,3,26928249306,scored
6789,5,26928970105,scored
6790,4,26934333599,scored
6791,2,26938566110,scored
6792,8,26939320613,scored
6793,13,26944893266,scored
6794,14,26946356592,scored
6795,6,26950859354,scored
6796,9,26956392386,scored
6797,10,26964612485,scored
6798,0,26966227563,scored
6799,7,26967352273,scored
6800,11,26970582815,scored
6801,5,26973863989,scored
6802,2,26979095581,scored
6803,3,26979839108,scored
6804,15,26982124930,scored
6805,12,26982554593,scored
6806,1,26984620143,scored
6807,4,26985674438,scored
6808,13,26989932654,scored
6809,14,26991203921,scored
6810,8,26992202073,scored
6811,6,26992978209,scored
6812,9,26996403851,scored
6813,10,27006222182,scored
6814,0,27009380345,scored
6815,7,27009920794,scored
6816,11,27011739189,scored
6817,5,27015591332,scored
6818,12,27023258229,scored
6819,3,27025408476,scored
6820,2,27027173203,scored
6821,1,27028337023,scored
6822,4,27030353004,scored
6823,14,27039921266,scored
6824,8,27041022673,scored
6825,6,27041912553,scored
6826,15,27047251327,scored
6827,13,27050010230,scored
6828,0,27050814137,scored
6829,10,27054920581,scored
6830,7,27058373408,scored
6831,9,27058797899,scored
6832,11,27060470560,scored
6833,5,27063360292,scored
6834,12,27065015257,scored
6835,1,27073127948,scored
6836,3,27073471972,scored
6837,4,27073743056,scored
6838,2,27074988918,scored
6839,6,27082838940,scored
6840,14,27084472801,scored
6841,8,27085676400,scored
6842,15,27087572313,scored
6843,13,27093407493,scored
6844,0,27093481291,scored
6845,10,27096198994,scored
6846,9,27099269954,scored
6847,7,27099730278,scored
6848,11,27101025066,scored
6849,12,27106017121,scored
6850,5,27106453737,scored
6851,2,27115936605,scored
6852,4,27118786109,scored
6853,1,27119867676,scored
6854,6,27125790546,scored
6855,8,27126139943,scored
6856,15,27131285612,scored
6857,3,27132254966,scored
6858,0,27134192982,scored
6859,13,27141439650,scored
6860,9,27144322041,scored
6861,14,27145229864,scored
6862,7,27145340567,scored
6863,11,27147306419,scored
6864,10,27150546944,scored
6865,12,27150992317,scored
6866,5,27151587667,scored
6867,2,27159670262,scored
6868,8,27166600356,scored
6869,6,27168724519,scored
6870,4,27169978543,scored
6871,1,27170455347,scored
6872,15,27171407624,scored
6873,0,27174420764,scored
6874,3,27174518024,scored
6875,13,27183871097,scored
6876,9,27184538783,scored
6877,7,27185544815,scored
6878,14,27186349486,scored
6879,11,27188538609,scored
6880,12,27192055172,scored
6881,10,27192739258,scored
6882,5,27194776809,scored
6883,2,27201799476,scored
6884,1,27211686052,scored
6885,6,27211821014,scored
6886,3,27226294133,scored
6887,7,27231348571,scored
6888,14,27240528141,scored
6889,9,27249776258,scored
6890,2,27250842955,scored
6891,12,27254709046,scored
6892,15,27256078225,scored
6893,1,27258839056,scored
6894,3,27270743714,scored
6895,7,27272105996,scored
6896,6,27276318009,scored
6897,13,27277487021,scored
6898,4,27278338116,scored
6899,0,27283667758,scored
6900,14,27284746793,scored
6901,10,27285330599,scored
6902,8,27286352050,scored
6903,11,27287451661,scored
6904,9,27290638823,scored
6905,5,27292978145,scored
6906,2,27296298183,scored
6907,12,27297464462,scored
6908,15,27299007004,scored
6909,1,27299314107,scored
6910,3,27311914866,scored
6911,7,27315435724,scored
6912,6,27316480631,scored
6913,4,27318483424,scored
6914,0,27323789609,scored
6915,13,27324363921,scored
6916,11,27329739981,scored
6917,8,27330264244,scored
6918,14,27330463787,scored
6919,9,27332747839,scored
6920,10,27334250026,scored
6921,2,27336886667,scored
6922,1,27344173093,scored
6923,5,27355127830,scored
6924,7,27363077412,scored
6925,3,27368532151,scored
6926,8,27371054248,scored
6927,4,27375966068,scored
6928,13,27378682198,scored
6929,10,27380140692,scored
6930,0,27383375110,scored
6931,6,27385668998,scored
6932,2,27387273151,scored
6933,1,27387758705,scored
6934,9,27388811139,scored
6935,12,27392967844,scored
6936,15,27393410132,scored
6937,11,27393615143,scored
6938,14,27395262545,scored
6939,5,27396349124,scored
6940,7,27406576513,scored
6941,3,27409502743,scored
6942,8,27414918599,scored
6943,4,27416504722,scored
6944,13,27425223151,scored
6945,6,27434098175,scored
6946,0,27434913659,scored
6947,9,27437597565,scored
6948,5,27445062978,scored
6949,15,27445956213,scored
6950,14,27456770474,scored
6951,10,27457703636,scored
6952,3,27458043460,scored
6953,11,27458355129,scored
6954,8,27458522982,scored
6955,12,27459128129,scored
6956,2,27459169234,scored
6957,4,27459795719,scored
6958,7,27461345945,scored
6959,1,27463749178,scored
6960,13,27470574782,scored
6961,6,27474114854,scored
6962,0,27477597087,scored
6963,9,27484320781,scored
6964,5,27485376869,scored
6965,15,27488447260,scored
6966,8,27502195101,scored
6967,4,27502486705,scored
6968,10,27502508791,scored
6969,2,27502604796,scored
6970,3,27504119256,scored
6971,14,27509037662,scored
6972,7,27509777511,scored
6973,12,27511779163,scored
6974,11,27513964359,scored
6975,1,27515458944,scored
6976,0,27517627624,scored
6977,6,27519787612,scored
6978,13,27521439493,scored
6979,9,27526713038,scored
6980,5,27527997900,scored
6981,15,27529842963,scored
6982,8,27543650702,scored
6983,4,27544154802,scored
6984,3,27544420929,scored
6985,10,27544538034,scored
6986,2,27546579727,scored
6987,14,27555024752,scored
6988,1,27557213634,scored
6989,12,27557500552,scored
6990,7,27557891233,scored
6991,6,27560171595,scored
6992,13,27567836414,scored
6993,11,27571175673,scored
6994,8,27590902952,scored
6995,9,27592175324,scored
6996,0,27593182226,scored
6997,3,27596396593,scored
6998,5,27597261614,scored
6999,2,27598802015,scored
7000,1,27602714692,scored
7001,10,27604860651,scored
7002,12,27605430574,scored
7003,6,27607991969,scored
7004,4,27610525447,scored
7005,15,27611163367,scored
7006,13,27611215632,scored
7007,11,27613879505,scored
7008,7,27614707380,scored
7009,14,27616854185,scored
7010,0,27633856333,scored
7011,8,27634898811,scored
7012,5,27642657833,scored
7013,3,27642918457,scored
7014,10,27646696086,scored
7015,12,27646829056,scored
7016,1,27646941594,scored
7017,6,27647993387,scored
7018,13,27653666055,scored
7019,4,27656663499,scored
7020,14,27659985479,scored
7021,11,27660030634,scored
7022,2,27662156565,scored
7023,15,27668217572,scored
7024,7,27671334027,scored
7025,9,27672565546,scored
7026,0,27681227589,scored
7027,8,27682018245,scored
7028,3,27685929290,scored
7029,6,27689691389,scored
7030,1,27690083200,scored
7031,10,27692814783,scored
7032,12,27695656235,scored
7033,13,27701104842,scored
7034,14,27705884205,scored
7035,2,27706169031,scored
7036,15,27708598014,scored
7037,11,27710392107,scored
7038,4,27713550054,scored
7039,7,27716101541,scored
7040,5,27719068065,scored
7041,9,27719205945,scored
7042,8,27722295792,scored
7043,0,27727707207,scored
7044,10,27734505581,scored
7045,1,27739205566,scored
7046,12,27744650009,scored
7047,6,27746053779,scored
7048,13,27746705636,scored
7049,14,27747938057,scored
7050,3,27758704192,scored
7051,2,27764390153,scored
7052,11,27770490617,scored
7053,5,27770608510,scored
7054,0,27775009266,scored
7055,9,27776835137,scored
7056,4,27778173380,scored
7057,15,27780687188,scored
7058,12,27785752312,scored
7059,6,27786651029,scored
7060,13,27787295502,scored
7061,8,27799992709,scored
7062,10,27800875762,scored
7063,14,27802768051,scored
7064,3,27803058256,scored
7065,1,27803390162,scored
7066,2,27808947493,scored
7067,5,27811409286,scored
7068,11,27813455814,scored
7069,7,27813867964,scored
7070,0,27815520338,scored
7071,4,27820315815,scored
7072,15,27821000478,scored
7073,9,27821323444,scored
7074,12,27825809010,scored
7075,13,27827974303,scored
7076,6,27829408493,scored
7077,10,27842378613,scored
7078,14,27844883731,scored
7079,8,27845121245,scored
7080,1,27848254231,scored
7081,3,27848582324,scored
7082,2,27851179831,scored
7083,5,27851524478,scored
7084,11,27853760767,scored
7085,0,27858987790,scored
7086,7,27859567045,scored
7087,12,27867130418,scored
7088,4,27868194420,scored
7089,9,27882351441,scored
7090,15,27884944032,scored
7091,8,27886125706,scored
7092,13,27886857505,scored
7093,10,27889106689,scored
7094,14,27889698508,scored
7095,6,27891482784,scored
7096,2,27892370888,scored
7097,1,27892761961,scored
7098,3,27895459486,scored
7099,5,27895942933,scored
7100,11,27896045450,scored
7101,7,27902948863,scored
7102,0,27904119818,scored
7103,12,27908865682,scored
7104,4,27909572710,scored
7105,8,27926559115,scored
7106,13,27928214613,scored
7107,9,27929400796,scored
7108,2,27935984955,scored
7109,3,27939682006,scored
7110,6,27943590970,scored
7111,0,27948595229,scored
7112,12,27949759745,scored
7113,10,27949898330,scored
7114,5,27950250534,scored
7115,1,27953773756,scored
7116,14,27954040859,scored
7117,4,27959226493,scored
7118,15,27965074718,scored
7119,13,27969852397,scored
7120,8,27973793056,scored
7121,7,27975698758,scored
7122,9,27976172157,scored
7123,3,27980514421,scored
7124,11,27982576982,scored
7125,2,27983302793,scored
7126,6,27984564628,scored
7127,0,27989854384,scored
7128,12,27990471534,scored
7129,10,27991836898,scored
7130,5,27993522378,scored
7131,4,28000105739,scored
7132,14,28000418849,scored
7133,1,28004192482,scored
7134,8,28015796128,scored
7135,13,28019205826,scored
7136,2,28024837081,scored
7137,9,28027256865,scored
7138,7,28030209375,scored
7139,10,28033458034,scored
7140,0,28035496906,scored
7141,11,28037717147,scored
7142,15,28039193071,scored
7143,5,28039796450,scored
7144,3,28047863930,scored
7145,6,28048794663,scored
7146,12,28050181675,scored
7147,1,28051104258,scored
7148,13,28062129065,scored
7149,4,28062807117,scored
7150,8,28066293318,scored
7151,2,28067155142,scored
7152,9,28067441654,scored
7153,14,28071037423,scored
7154,7,28073311320,scored
7155,10,28077698509,scored
7156,0,28079126693,scored
7157,11,28080765288,scored
7158,5,28081326522,scored
7159,15,28084360287,scored
7160,1,28091611225,scored
7161,12,28093147161,scored
7162,6,28093341973,scored
7163,3,28095373018,scored
7164,13,28103328482,scored
7165,4,28104198974,scored
7166,8,28108782853,scored
7167,9,28109856338,scored
7168,2,28111530669,scored
7169,14,28113059227,scored
7170,7,28117533841,scored
7171,10,28117744526,scored
7172,15,28124806733,scored
7173,5,28126036757,scored
7174,11,28126575040,scored
7175,0,28131033454,scored
7176,1,28133444143,scored
7177,3,28137353784,scored
7178,6,28137581408,scored
7179,12,28139254720,scored
7180,13,28145005864,scored
7181,4,28145064249,scored
7182,8,28150700896,scored
7183,9,28154338426,scored
7184,14,28154342895,scored
7185,2,28156950398,scored
7186,10,28160549301,scored
7187,7,28160841572,scored
7188,15,28172826949,scored
7189,1,28176919879,scored
7190,6,28179093352,scored
7191,5,28182980321,scored
7192,11,28185952446,scored
7193,4,28188797301,scored
7194,12,28190907403,scored
7195,13,28202258727,scored
7196,9,28203919233,scored
7197,2,28204330453,scored
7198,7,28206070403,scored
7199,8,28213110348,scored
7200,14,28214740209,scored
7201,3,28218952153,scored
7202,15,28220541852,scored
7203,10,28226308761,scored
7204,6,28229344062,scored
7205,1,28229641181,scored
7206,4,28237990494,scored
7207,5,28239054141,scored
7208,12,28240940955,scored
7209,0,28241339939,scored
7210,9,28244368386,scored
7211,11,28245963221,scored
7212,7,28248377734,scored
7213,2,28251063849,scored
7214,13,28252014286,scored
7215,8,28253621705,scored
7216,14,28262386471,scored
7217,3,28263181438,scored
7218,15,28264207881,scored
7219,1,28270793346,scored
7220,6,28276598918,scored
7221,5,28279670916,scored
7222,12,28283809448,scored
7223,4,28285833365,scored
7224,10,28287744423,scored
7225,0,28288251934,scored
7226,9,28297958050,scored
7227,8,28298322526,scored
7228,7,28305934024,scored
7229,2,28310274539,scored
7230,13,28310656017,scored
7231,11,28318179830,scored
7232,15,28322395779,scored
7233,14,28324920090,scored
7234,12,28325581756,scored
7235,0,28328838096,scored
7236,5,28331920910,scored
7237,1,28332149337,scored
7238,10,28332792088,scored
7239,4,28342250887,scored
7240,9,28342321117,scored
7241,8,28344603649,scored
7242,3,28345204927,scored
7243,6,28351515837,scored
7244,7,28355275714,scored
7245,2,28355324825,scored
7246,13,28356288890,scored
7247,11,28358436772,scored
7248,15,28362941151,scored
7249,14,28366663055,scored
7250,12,28367861200,scored
7251,10,28377336647,scored
7252,1,28378211200,scored
7253,5,28379387652,scored
7254,0,28380249763,scored
7255,9,28382567485,scored
7256,4,28388945654,scored
7257,8,28389100518,scored
7258,3,28389235312,scored
7259,6,28391854107,scored
7260,2,28396527221,scored
7261,15,28403629270,scored
7262,13,28405262352,scored
7263,7,28405995371,scored
7264,11,28406466497,scored
7265,14,28408794801,scored
7266,1,28420170777,scored
7267,0,28420446161,scored
7268,12,28422457495,scored
7269,10,28425185557,scored
7270,5,28428963870,scored
7271,8,28433028794,scored
7272,9,28434207095,scored
7273,6,28436646154,scored
7274,4,28443278527,scored
7275,2,28443543514,scored
7276,3,28443811260,scored
7277,15,28444913955,scored
7278,7,28447744771,scored
7279,14,28449076313,scored
7280,13,28449730547,scored
7281,11,28452957698,scored
7282,1,28463247066,scored
7283,0,28465385874,scored
7284,12,28465896260,scored
7285,5,28474195777,scored
7286,9,28474563010,scored
7287,8,28478792634,scored
7288,3,28486448278,scored
7289,2,28490191134,scored
7290,4,28492600252,scored
7291,11,28497286735,scored
7292,7,28501819592,scored
7293,10,28502533826,scored
7294,1,28504513067,scored
7295,14,28505722137,scored
7296,0,28507925991,scored
7297,6,28513193259,scored
7298,12,28513733992,scored
7299,5,28520662276,scored
7300,13,28521237540,scored
7301,8,28521654121,scored
7302,15,28522348075,scored
7303,3,28527910388,scored
7304,9,28528104622,scored
7305,2,28530252504,scored
7306,4,28535354380,scored
7307,11,28538858529,scored
7308,0,28549629829,scored
7309,10,28550372139,scored
7310,14,28550483565,scored
7311,7,28550892031,scored
7312,1,28552831357,scored
7313,5,28561077224,scored
7314,8,28561861548,scored
7315,12,28565966767,scored
7316,9,28569442331,scored
7317,6,28572831875,scored
7318,15,28573062699,scored
7319,3,28580982267,scored
7320,13,28581033964,scored
7321,4,28583762921,scored
7322,2,28586166182,scored
7323,11,28590376737,scored
7324,14,28601464252,scored
7325,1,28610477152,scored
7326,5,28611381791,scored
7327,9,28612729638,scored
7328,15,28616350649,scored
7329,0,28616825424,scored
7330,12,28620850384,scored
7331,7,28621210417,scored
7332,10,28622672283,scored
7333,3,28622987245,scored
7334,8,28623347215,scored
7335,2,28627583554,scored
7336,13,28636819767,scored
7337,6,28640297401,scored
7338,11,28640397865,scored
7339,14,28645441094,scored
7340,4,28648918933,scored
7341,1,28651444390,scored
7342,9,28661163798,scored
7343,15,28666520266,scored
7344,8,28668318091,scored
7345,5,28672711856,scored
7346,12,28675158075,scored
7347,7,28680246484,scored
7348,10,28685932290,scored
7349,6,28686774642,scored
7350,3,28692184428,scored
7351,0,28693416889,scored
7352,14,28694711481,scored
7353,1,28695507857,scored
7354,13,28696471299,scored
7355,4,28697887562,scored
7356,11,28701697130,scored
7357,2,28708296522,scored
7358,15,28711227541,scored
7359,5,28716530184,scored
7360,8,28717828206,scored
7361,12,28718286708,scored
7362,7,28721077578,scored
7363,9,28721233690,scored
7364,10,28726614898,scored
7365,6,28727750829,scored
7366,14,28735473675,scored
7367,0,28735812576,scored
7368,1,28736749421,scored
7369,13,28738878851,scored
7370,3,28742205246,scored
7371,4,28743392614,scored
7372,11,28746180006,scored
7373,2,28748480301,scored
7374,15,28751632938,scored
7375,5,28757375108,scored
7376,8,28759419588,scored
7377,9,28761583370,scored
7378,7,28765720324,scored
7379,12,28765746832,scored
7380,10,28769034936,scored
7381,6,28770829567,scored
7382,0,28783199367,scored
7383,14,28783852934,scored
7384,4,28785924650,scored
7385,13,28786205988,scored
7386,1,28792608240,scored
7387,15,28796249271,scored
7388,5,28798744361,scored
7389,11,28799058352,scored
7390,8,28801676416,scored
7391,2,28803045693,scored
7392,3,28810563720,scored
7393,10,28810928540,scored
7394,7,28819264830,scored
7395,9,28819828707,scored
7396,6,28820131750,scored
7397,12,28820429440,scored
7398,14,28827558438,scored
7399,13,28831511457,scored
7400,0,28838047725,scored
7401,4,28841634973,scored
7402,11,28842140419,scored
7403,15,28845015959,scored
7404,5,28848534644,scored
7405,10,28856347640,scored
7406,1,28860600533,scored
7407,6,28861539851,scored
7408,7,28862627644,scored
7409,12,28863244730,scored
7410,8,28867068187,scored
7411,9,28867455814,scored
7412,2,28868090748,scored
7413,14,28868420565,scored
7414,3,28869171201,scored
7415,13,28872007232,scored
7416,0,28885933225,scored
7417,11,28886335134,scored
7418,4,28887978408,scored
7419,15,28888246866,scored
7420,5,28889110106,scored
7421,10,28901393335,scored
7422,6,28901632819,scored
7423,7,28903157157,scored
7424,1,28904360451,scored
7425,12,28905953453,scored
7426,14,28917830834,scored
7427,2,28918376894,scored
7428,9,28920981605,scored
7429,13,28923487805,scored
7430,3,28923598183,scored
7431,8,28923811440,scored
7432,0,28926144227,scored
7433,15,28928426092,scored
7434,4,28928771331,scored
7435,11,28930424265,scored
7436,5,28931227114,scored
7437,6,28951218388,scored
7438,1,28955223456,scored
7439,12,28959108588,scored
7440,10,28962226153,scored
7441,13,28965239753,scored
7442,9,28965832648,scored
7443,8,28968983373,scored
7444,15,28969292155,scored
7445,14,28970917129,scored
7446,7,28972539366,scored
7447,3,28974249838,scored
7448,11,28977041847,scored
7449,0,28978646725,scored
7450,5,28982166225,scored
7451,2,28988263180,scored
7452,6,28997288307,scored
7453,1,29003648497,scored
7454,10,29005278760,scored
7455,12,29007623025,scored
7456,15,29010312593,scored
7457,4,29013807004,scored
7458,8,29017107044,scored
7459,13,29022546377,scored
7460,5,29026205097,scored
7461,0,29026629810,scored
7462,14,29027243108,scored
7463,11,29031656153,scored
7464,2,29033189461,scored
7465,7,29034330375,scored
7466,3,29040797936,scored
7467,6,29043148316,scored
7468,1,29045370633,scored
7469,10,29046247938,scored
7470,12,29048039126,scored
7471,9,29049786457,scored
7472,15,29056140988,scored
7473,8,29057577957,scored
7474,4,29058307665,scored
7475,13,29066145356,scored
7476,0,29080904326,scored
7477,3,29087448371,scored
7478,14,29090265210,scored
7479,12,29095529490,scored
7480,11,29096232424,scored
7481,7,29098176032,scored
7482,8,29098285598,scored
7483,4,29099923384,scored
7484,2,29104360298,scored
7485,6,29104669857,scored
7486,15,29105645861,scored
7487,5,29107943571,scored
7488,9,29110764544,scored
7489,10,29111250773,scored
7490,13,29112631913,scored
7491,1,29114222218,scored
7492,0,29131106165,scored
7493,14,29132890375,scored
7494,11,29136627820,scored
7495,3,29137130608,scored
7496,8,29142590507,scored
7497,15,29146150157,scored
7498,2,29148101236,scored
7499,7,29149202264,scored
7500,6,29154505061,scored
7501,9,29155405589,scored
7502,12,29156026183,scored
7503,10,29164047406,scored
7504,4,29165425885,scored
7505,1,29169020468,scored
7506,5,29170096794,scored
7507,13,29170410661,scored
7508,0,29171873667,scored
7509,14,29174443283,scored
7510,11,29178966490,scored
7511,3,29182139628,scored
7512,8,29185783051,scored
7513,2,29189975138,scored
7514,15,29194840380,scored
7515,7,29198126959,scored
7516,6,29198884951,scored
7517,9,29200605113,scored
7518,12,29202655303,scored
7519,4,29205699528,scored
7520,10,29206938333,scored
7521,13,29211007638,scored
7522,1,29211099160,scored
7523,14,29214642926,scored
7524,5,29215151476,scored
7525,0,29215466654,scored
7526,8,29226273123,scored
7527,2,29238372590,scored
7528,4,29246652142,scored
7529,9,29247590287,scored
7530,3,29248197459,scored
7531,10,29248949120,scored
7532,15,29259336369,scored
7533,14,29262728932,scored
7534,5,29266527051,scored
7535,1,29272125947,scored
7536,13,29274918049,scored
7537,6,29275407455,scored
7538,0,29280662049,scored
7539,11,29282995814,scored
7540,4,29294226330,scored
7541,9,29294428390,scored
7542,8,29294514922,scored
7543,7,29294755349,scored
7544,3,29295453598,scored
7545,10,29296326609,scored
7546,2,29300982658,scored
7547,12,29301531927,scored
7548,14,29303174039,scored
7549,15,29305316261,scored
7550,5,29307956676,scored
7551,1,29312436656,scored
7552,13,29315018493,scored
7553,6,29315528046,scored
7554,11,29328441111,scored
7555,0,29332291347,scored
7556,7,29336632481,scored
7557,10,29346206866,scored
7558,8,29347573834,scored
7559,15,29347984202,scored
7560,9,29348132378,scored
7561,14,29349653486,scored
7562,4,29355400186,scored
7563,2,29356697339,scored
7564,12,29361854731,scored
7565,6,29362520969,scored
7566,3,29363346235,scored
7567,5,29366390495,scored
7568,1,29367732615,scored
7569,7,29376890479,scored
7570,11,29386651848,scored
7571,13,29388891825,scored
7572,10,29389550110,scored
7573,9,29391613935,scored
7574,15,29392206572,scored
7575,8,29395792149,scored
7576,4,29401190744,scored
7577,5,29408851553,scored
7578,12,29414271353,scored
7579,2,29415391177,scored
7580,6,29421969948,scored
7581,3,29423968255,scored
7582,7,29424135876,scored
7583,0,29428484111,scored
7584,14,29428557417,scored
7585,1,29430716240,scored
7586,10,29431658837,scored
7587,9,29432551111,scored
7588,11,29433731132,scored
7589,13,29435622368,scored
7590,8,29437333182,scored
7591,15,29438575133,scored
7592,4,29442711644,scored
7593,5,29449322474,scored
7594,12,29454826226,scored
7595,6,29462142142,scored
7596,3,29464051094,scored
7597,7,29466067327,scored
7598,2,29466673572,scored
7599,1,29473026241,scored
7600,0,29473680333,scored
7601,9,29476529324,scored
7602,13,29479346764,scored
7603,15,29480220905,scored
7604,14,29490105243,scored
7605,10,29490736679,scored
7606,4,29491146273,scored
7607,11,29493980616,scored
7608,8,29495727817,scored
7609,12,29497810753,scored
7610,5,29499221770,scored
7611,6,29503652678,scored
7612,3,29504412972,scored
7613,7,29509341156,scored
7614,2,29510267187,scored
7615,1,29515185941,scored
7616,9,29518120066,scored
7617,0,29522343042,scored
7618,15,29522822029,scored
7619,13,29523368115,scored
7620,14,29532067954,scored
7621,10,29532265947,scored
7622,4,29532982578,scored
7623,11,29534122580,scored
7624,5,29540441680,scored
7625,12,29542165946,scored
7626,8,29543213179,scored
7627,6,29543967196,scored
7628,3,29549378905,scored
7629,7,29552446416,scored
7630,2,29553851533,scored
7631,9,29559481453,scored
7632,1,29561174487,scored
7633,10,29573006783,scored
7634,13,29578685509,scored
7635,6,29585309634,scored
7636,12,29590331887,scored
7637,14,29591400936,scored
7638,5,29591737339,scored
7639,4,29592241272,scored
7640,0,29595604108,scored
7641,11,29598132599,scored
7642,8,29598296794,scored
7643,15,29599276241,scored
7644,2,29600107238,scored
7645,9,29602321094,scored
7646,7,29604446092,scored
7647,1,29606285049,scored
7648,3,29608360367,scored
7649,10,29613834674,scored
7650,13,29618861601,scored
7651,6,29628417687,scored
7652,14,29637303653,scored
7653,0,29641513932,scored
7654,3,29652373122,scored
7655,10,29657132394,scored
7656,7,29657163427,scored
7657,1,29660681787,scored
7658,5,29662623011,scored
7659,11,29663769701,scored
7660,4,29669294114,scored
7661,2,29671250509,scored
7662,6,29673139500,scored
7663,8,29675813567,scored
7664,13,29679539002,scored
7665,14,29680032940,scored
7666,0,29681960922,scored
7667,9,29684254602,scored
7668,12,29685169102,scored
7669,15,29688130333,scored
7670,3,29696053665,scored
7671,10,29697215112,scored
7672,7,29697638201,scored
7673,1,29701009332,scored
7674,5,29702672092,scored
7675,11,29705581736,scored
7676,2,29711417357,scored
7677,4,29712347361,scored
7678,6,29717077101,scored
7679,14,29723088470,scored
7680,12,29727148304,scored
7681,13,29728500942,scored
7682,0,29730573459,scored
7683,15,29733962081,scored
7684,9,29734525628,scored
7685,3,29738037137,scored
7686,7,29740026543,scored
7687,8,29746956279,scored
7688,10,29754604925,scored
7689,4,29761050457,scored
7690,1,29765007442,scored
7691,5,29765524258,scored
7692,11,29765932492,scored
7693,14,29767299746,scored
7694,13,29772907859,scored
7695,0,29773504778,scored
7696,12,29774884173,scored
7697,9,29775656677,scored
7698,2,29778735806,scored
7699,7,29780513235,scored
7700,6,29781002236,scored
7701,15,29781512379,scored
7702,3,29781698555,scored
7703,8,29787557433,scored
7704,10,29794894844,scored
7705,4,29802227417,scored
7706,14,29807580887,scored
7707,11,29812248654,scored
7708,1,29813590253,scored
7709,0,29814057224,scored
7710,5,29816189892,scored
7711,9,29817859652,scored
7712,3,29821719654,scored
7713,2,29825136917,scored
7714,7,29825698917,scored
7715,13,29830359449,scored
7716,15,29830369782,scored
7717,6,29832741954,scored
7718,8,29832782200,scored
7719,12,29833263176,scored
7720,10,29838847629,scored
7721,4,29846244970,scored
7722,14,29849954375,scored
7723,0,29854217199,scored
7724,11,29856874712,scored
7725,5,29864338053,scored
7726,1,29864377848,scored
7727,7,29867498110,scored
7728,9,29871291077,scored
7729,12,29876051653,scored
7730,6,29876395090,scored
7731,10,29882184777,scored
7732,8,29886270715,scored
7733,2,29892201835,scored
7734,11,29897392143,scored
7735,3,29901044203,scored
7736,15,29902030454,scored
7737,14,29902184558,scored
7738,0,29911691384,scored
7739,4,29913970200,scored
7740,1,29916050988,scored
7741,7,29920541570,scored
7742,12,29923918544,scored
7743,9,29924788105,scored
7744,5,29926402344,scored
7745,10,29926966727,scored
7746,8,29926985062,scored
7747,6,29936849655,scored
7748,2,29938210892,scored
7749,13,29945150041,scored
7750,15,29946473089,scored
7751,11,29948024906,scored
7752,3,29949462052,scored
7753,14,29953108928,scored
7754,4,29956653944,scored
7755,1,29958145837,scored
7756,0,29961211408,scored
7757,12,29965295671,scored
7758,9,29968920774,scored
7759,5,29969601436,scored
7760,7,29970987130,scored
7761,8,29973722782,scored
7762,10,29976457390,scored
7763,6,29977625985,scored
7764,2,29982605354,scored
7765,13,29990809734,scored
7766,11,29991290148,scored
7767,3,29994529923,scored
7768,14,30004479627,scored
7769,15,30007815781,scored
7770,9,30009623853,scored
7771,4,30009785074,scored
7772,12,30010728816,scored
7773,5,30012171183,scored
7774,0,30017661032,scored
7775,1,30031241651,scored
7776,2,30031340925,scored
7777,13,30033624373,scored
7778,10,30034314815,scored
7779,7,30037203046,scored
7780,11,30038255741,scored
7781,6,30041238958,scored
7782,14,30044764985,scored
7783,3,30045618088,scored
7784,8,30047026810,scored
7785,15,30048525173,scored
7786,12,30051387507,scored
7787,0,30058581305,scored
7788,5,30059568540,scored
7789,9,30061520402,scored
7790,4,30063606140,scored
7791,2,30073255963,scored
7792,13,30073635080,scored
7793,1,30074045551,scored
7794,10,30074809712,scored
7795,7,30078817428,scored
7796,11,30081538253,scored
7797,6,30082977924,scored
7798,14,30086104544,scored
7799,3,30086987427,scored
7800,8,30088857737,scored
7801,15,30089285225,scored
7802,12,30094336690,scored
7803,0,30099083663,scored
7804,5,30101920972,scored
7805,9,30102008021,scored
7806,4,30105806052,scored
7807,13,30119485844,scored
7808,2,30125525294,scored
7809,14,30127404334,scored
7810,6,30128464576,scored
7811,7,30129811269,scored
7812,1,30130523539,scored
7813,10,30132260417,scored
7814,11,30133168891,scored
7815,8,30133847360,scored
7816,3,30135725117,scored
7817,12,30139235542,scored
7818,15,30142008363,scored
7819,0,30142990166,scored
7820,5,30143403010,scored
7821,9,30143703100,scored
7822,4,30146077727,scored
7823,13,30161138701,scored
7824,2,30165808637,scored
7825,14,30169059821,scored
7826,10,30172460383,scored
7827,1,30175281007,scored
7828,8,30178665608,scored
7829,6,30181827056,scored
7830,7,30183142826,scored
7831,3,30184730981,scored
7832,5,30187454640,scored
7833,4,30189921950,scored
7834,9,30197810814,scored
7835,0,30198606446,scored
7836,15,30203866298,scored
7837,12,30205479670,scored
7838,13,30208545272,scored
7839,2,30210810437,scored
7840,14,30211468379,scored
7841,11,30214102635,scored
7842,10,30214673517,scored
7843,1,30223962102,scored
7844,6,30224919467,scored
7845,3,30226331412,scored
7846,8,30228248346,scored
7847,5,30228776904,scored
7848,7,30228782690,scored
7849,4,30232716128,scored
7850,9,30238428650,scored
7851,0,30242935081,scored
7852,15,30245654053,scored
7853,13,30253215175,scored
7854,12,30254538042,scored
7855,11,30255619879,scored
7856,10,30257600617,scored
7857,14,30258643997,scored
7858,2,30262133452,scored
7859,8,30268293377,scored
7860,1,30270832635,scored
7861,4,30273481050,scored
7862,6,30274062744,scored
7863,3,30278752872,scored
7864,0,30285331999,scored
7865,9,30285905490,scored
7866,13,30294367585,scored
7867,15,30295752022,scored
7868,12,30296892340,scored
7869,7,30296921938,scored
7870,5,30298436834,scored
7871,10,30301624915,scored
7872,14,30303068339,scored
7873,11,30307763701,scored
7874,2,30308549763,scored
7875,8,30309437453,scored
7876,4,30314385999,scored
7877,1,30315959202,scored
7878,6,30316994744,scored
7879,3,30318921378,scored
7880,0,30328025863,scored
7881,9,30329881136,scored
7882,13,30334481991,scored
7883,15,30337042923,scored
7884,7,30337947255,scored
7885,5,30342046630,scored
7886,12,30345673110,scored
7887,10,30352593336,scored
7888,2,30352997748,scored
7889,11,30354199600,scored
7890,1,30355984949,scored
7891,6,30358314709,scored
7892,8,30363667735,scored
7893,0,30371732741,scored
7894,3,30372483522,scored
7895,9,30375149494,scored
7896,4,30375413819,scored
7897,13,30375764287,scored
7898,7,30379152083,scored
7899,14,30380192714,scored
7900,15,30381013094,scored
7901,5,30383522566,scored
7902,12,30391386014,scored
7903,2,30393635464,scored
7904,10,30393760234,scored
7905,11,30395774007,scored
7906,1,30397340470,scored
7907,6,30398632163,scored
7908,8,30403780341,scored
7909,0,30412106617,scored
7910,9,30418508296,scored
7911,4,30420152220,scored
7912,7,30420767217,scored
7913,15,30423453840,scored
7914,3,30428806336,scored
7915,5,30431708280,scored
7916,12,30434458260,scored
7917,14,30437184431,scored
7918,2,30437887344,scored
7919,13,30443338102,scored
7920,11,30451674946,scored
7921,10,30456421631,scored
7922,1,30459786359,scored
7923,9,30460340571,scored
7924,0,30463320211,scored
7925,7,30466510987,scored
7926,15,30466946512,scored
7927,6,30467928152,scored
7928,4,30468165886,scored
7929,8,30468216760,scored
7930,3,30468863574,scored
7931,5,30474157375,scored
7932,12,30476436874,scored
7933,14,30479597709,scored
7934,2,30482589583,scored
7935,13,30483994395,scored
7936,11,30492399152,scored
7937,10,30497965317,scored
7938,1,30501320013,scored
7939,9,30503213510,scored
7940,0,30503441549,scored
7941,7,30507687760,scored
7942,3,30511228720,scored
7943,6,30516399622,scored
7944,15,30521322112,scored
7945,4,30522565162,scored
7946,2,30523963559,scored
7947,5,30526054561,scored
7948,14,30528398254,scored
7949,8,30529128049,scored
7950,12,30529967693,scored
7951,13,30530371494,scored
7952,11,30532690451,scored
7953,10,30540696812,scored
7954,1,30542767113,scored
7955,0,30546245438,scored
7956,7,30548798467,scored
7957,9,30549775817,scored
7958,3,30551270735,scored
7959,6,30558184021,scored
7960,15,30562430667,scored
7961,4,30563529817,scored
7962,5,30566368252,scored
7963,14,30568404274,scored
7964,2,30570147866,scored
7965,13,30570643366,scored
7966,8,30573015400,scored
7967,11,30579428678,scored
7968,12,30580244764,scored
7969,10,30581376610,scored
7970,1,30586056220,scored
7971,7,30590128996,scored
7972,3,30594278538,scored
7973,9,30594509975,scored
7974,0,30595851040,scored
7975,6,30603041395,scored
7976,15,30603980625,scored
7977,4,30606745493,scored
7978,13,30611241090,scored
7979,2,30611811363,scored
7980,5,30613412030,scored
7981,14,30614738744,scored
7982,8,30614968538,scored
7983,11,30621918435,scored
7984,10,30623132681,scored
7985,12,30624073183,scored
7986,7,30630137328,scored
7987,1,30631167669,scored
7988,3,30634425114,scored
7989,0,30636954337,scored
7990,9,30637057063,scored
7991,15,30644767246,scored
7992,6,30648019015,scored
7993,4,30648327103,scored
7994,2,30654144462,scored
7995,13,30654639050,scored
7996,14,30659445779,scored
7997,11,30662982905,scored
7998,10,30663532127,scored
7999,12,30665216148,scored
8000,7,30670172668,scored
8001,5,30672216596,scored
8002,8,30672686852,scored
8003,3,30680719716,scored
8004,9,30681219107,scored
8005,1,30682597767,scored
8006,0,30684230648,scored
8007,15,30687048126,scored
8008,4,30690848463,scored
8009,2,30694283141,scored
8010,6,30695964952,scored
8011,13,30696835830,scored
8012,14,30701110061,scored
8013,11,30704598227,scored
8014,12,30706038610,scored
8015,10,30706252379,scored
8016,5,30714642861,scored
8017,1,30723355209,scored
8018,7,30728183864,scored
8019,3,30732162642,scored
8020,8,30734996981,scored
8021,4,30735337467,scored
8022,0,30741711684,scored
8023,14,30742047353,scored
8024,13,30744816913,scored
8025,12,30746320523,scored
8026,6,30747224199,scored
8027,10,30750384010,scored
8028,2,30752937184,scored
8029,15,30756423534,scored
8030,5,30759035473,scored
8031,9,30760240711,scored
8032,11,30760354682,scored
8033,7,30768901836,scored
8034,8,30776687229,scored
8035,1,30780446465,scored
8036,4,30780984230,scored
8037,3,30782319533,scored
8038,14,30782444339,scored
8039,0,30782576366,scored
8040,12,30786584829,scored
8041,13,30786724096,scored
8042,6,30791671810,scored
8043,10,30792143616,scored
8044,2,30793809708,scored
8045,9,30804422272,scored
8046,11,30804816078,scored
8047,15,30804990631,scored
8048,5,30805670003,scored
8049,7,30810320350,scored
8050,8,30818873046,scored
8051,14,30822842809,scored
8052,0,30823922756,scored
8053,4,30826380436,scored
8054,1,30828598718,scored
8055,12,30838332773,scored
8056,10,30839279545,scored
8057,2,30841446534,scored
8058,6,30841905929,scored
8059,13,30849423872,scored
8060,7,30858674841,scored
8061,8,30860455774,scored
8062,9,30862171181,scored
8063,11,30862988633,scored
8064,0,30864474159,scored
8065,14,30865259953,scored
8066,5,30868580935,scored
8067,1,30872075567,scored
8068,15,30872661552,scored
8069,3,30879369111,scored
8070,12,30879560907,scored
8071,4,30880559996,scored
8072,10,30890554668,scored
8073,6,30891443180,scored
8074,7,30899115887,scored
8075,8,30901980956,scored
8076,2,30904253511,scored
8077,13,30904335878,scored
8078,9,30904548063,scored
8079,0,30908019900,scored
8080,14,30909317646,scored
8081,11,30909619993,scored
8082,15,30914708608,scored
8083,5,30914813408,scored
8084,1,30915269852,scored
8085,12,30920392236,scored
8086,3,30921168505,scored
8087,4,30923564966,scored
8088,10,30931396443,scored
8089,6,30935382271,scored
8090,8,30943600734,scored
8091,7,30944319070,scored
8092,2,30948453906,scored
8093,14,30950458034,scored
8094,13,30951710940,scored
8095,11,30951951055,scored
8096,9,30957979901,scored
8097,5,30961083205,scored
8098,1,30961500886,scored
8099,12,30963887929,scored
8100,0,30964378740,scored
8101,3,30969687255,scored
8102,10,30979937672,scored
8103,15,30981116600,scored
8104,6,30981519940,scored
8105,4,30981752422,scored
8106,7,30984944295,scored
8107,8,30987276923,scored
8108,2,30989925262,scored
8109,14,30991335446,scored
8110,13,30996438580,scored
8111,11,30998349625,scored
8112,9,30999493347,scored
8113,5,31002346321,scored
8114,1,31007284261,scored
8115,0,31008349094,scored
8116,3,31017836130,scored
8117,7,31027209969,scored
8118,12,31027940484,scored
8119,15,31028643966,scored
8120,10,31033232402,scored
8121,6,31034422513,scored
8122,14,31034485787,scored
8123,8,31037575995,scored
8124,4,31039011782,scored
8125,13,31041493551,scored
8126,9,31044413829,scored
8127,2,31056510495,scored
8128,1,31063066470,scored
8129,3,31063859351,scored
8130,11,31065659465,scored
8131,0,31066246406,scored
8132,12,31069393246,scored
8133,5,31072033639,scored
8134,7,31073518372,scored
8135,10,31074768305,scored
8136,14,31077757311,scored
8137,6,31078454604,scored
8138,8,31081552342,scored
8139,15,31081686752,scored
8140,13,31082519517,scored
8141,9,31093624425,scored
8142,4,31094757557,scored
8143,2,31096592569,scored
8144,11,31106970783,scored
8145,0,31107968751,scored
8146,12,31110337492,scored
8147,3,31112755443,scored
8148,10,31116522730,scored
8149,14,31118640680,scored
8150,6,31120689137,scored
8151,1,31121346822,scored
8152,13,31124375213,scored
8153,8,31125403397,scored
8154,5,31125541650,scored
8155,7,31125805933,scored
8156,15,31127742835,scored
8157,4,31135924867,scored
8158,9,31136652096,scored
8159,2,31142152915,scored
8160,11,31147147618,scored
8161,12,31151326849,scored
8162,0,31155001811,scored
8163,3,31157995583,scored
8164,10,31158497741,scored
8165,14,31161785058,scored
8166,1,31165132561,scored
8167,7,31168117922,scored
8168,6,31169395986,scored
8169,5,31169879806,scored
8170,13,31170851072,scored
8171,8,31171284474,scored
8172,15,31171994590,scored
8173,4,31178570783,scored
8174,9,31181547481,scored
8175,2,31182814630,scored
8176,12,31191612884,scored
8177,11,31194764522,scored
8178,0,31199933129,scored
8179,3,31204175964,scored
8180,10,31204178256,scored
8181,14,31204456023,scored
8182,1,31208149886,scored
8183,7,31208721845,scored
8184,6,31209439974,scored
8185,13,31212203225,scored
8186,5,31213020133,scored
8187,8,31217073175,scored
8188,15,31218567723,scored
8189,4,31220364301,scored
8190,9,31223265775,scored
8191,2,31224836405,scored
8192,12,31232885886,scored
8193,11,31236425939,scored
8194,14,31247236233,scored
8195,10,31248453222,scored
8196,0,31251575148,scored
8197,6,31254708005,scored
8198,3,31254824027,scored
8199,7,31257662830,scored
8200,13,31261069531,scored
8201,8,31261789318,scored
8202,5,31263422956,scored
8203,1,31265860383,scored
8204,15,31267256650,scored
8205,9,31268573552,scored
8206,4,31269755351,scored
8207,2,31281217031,scored
8208,12,31283119052,scored
8209,11,31283579579,scored
8210,10,31289166063,scored
8211,14,31292503040,scored
8212,0,31295839122,scored
8213,6,31296248243,scored
8214,7,31298119294,scored
8215,3,31299702385,scored
8216,13,31302502765,scored
8217,8,31305773079,scored
8218,5,31308192677,scored
8219,1,31309171059,scored
8220,9,31312492187,scored
8221,15,31313033053,scored
8222,2,31321621807,scored
8223,11,31323675373,scored
8224,12,31325991623,scored
8225,4,31326084097,scored
8226,10,31330475531,scored
8227,14,31333713194,scored
8228,0,31337066128,scored
8229,6,31338847727,scored
8230,3,31340517199,scored
8231,13,31343432661,scored
8232,7,31345153366,scored
8233,8,31347951257,scored
8234,1,31352097530,scored
8235,15,31358042977,scored
8236,11,31363692865,scored
8237,4,31372606514,scored
8238,2,31372984536,scored
8239,9,31375895858,scored
8240,14,31376804337,scored
8241,5,31376960665,scored
8242,10,31380211353,scored
8243,6,31382225197,scored
8244,7,31391522370,scored
8245,3,31394139686,scored
8246,8,31394397428,scored
8247,1,31396045944,scored
8248,13,31396800288,scored
8249,12,31398068766,scored
8250,15,31400927844,scored
8251,0,31403188453,scored
8252,11,31406182108,scored
8253,9,31416548225,scored
8254,4,31416688067,scored
8255,5,31418897175,scored
8256,10,31430615446,scored
8257,7,31432619398,scored
8258,8,31435654333,scored
8259,6,31435898446,scored
8260,14,31439008160,scored
8261,3,31439812421,scored
8262,2,31446862101,scored
8263,12,31447218320,scored
8264,15,31448333193,scored
8265,1,31450944972,scored
8266,11,31455239332,scored
8267,5,31460272641,scored
8268,13,31462413778,scored
8269,0,31463844477,scored
8270,9,31468991378,scored
8271,10,31471588023,scored
8272,6,31477251473,scored
8273,7,31477411671,scored
8274,4,31485105124,scored
8275,15,31488399103,scored
8276,8,31490705214,scored
8277,12,31491293861,scored
8278,14,31491664523,scored
8279,3,31491928887,scored
8280,1,31493110765,scored
8281,2,31496960044,scored
8282,11,31497191103,scored
8283,5,31503021795,scored
8284,13,31503432450,scored
8285,0,31505055595,scored
8286,10,31514356280,scored
8287,9,31516225188,scored
8288,6,31518783229,scored
8289,7,31519869557,scored
8290,4,31528434625,scored
8291,15,31529550306,scored
8292,8,31531182459,scored
8293,1,31537580385,scored
8294,11,31538980596,scored
8295,3,31541794249,scored
8296,12,31542134060,scored
8297,13,31543607266,scored
8298,5,31543734841,scored
8299,14,31543805352,scored
8300,2,31544114735,scored
8301,0,31550694822,scored
8302,10,31555638674,scored
8303,6,31559166787,scored
8304,9,31561706515,scored
8305,7,31566563258,scored
8306,15,31574419033,scored
8307,2,31588381817,scored
8308,0,31590974071,scored
8309,5,31596328325,scored
8310,13,31598736439,scored
8311,3,31602342871,scored
8312,8,31602351744,scored
8313,11,31605651334,scored
8314,9,31606638555,scored
8315,4,31608573379,scored
8316,7,31609118910,scored
8317,12,31610899046,scored
8318,10,31611238764,scored
8319,1,31614318846,scored
8320,14,31614688674,scored
8321,15,31618546358,scored
8322,6,31620039984,scored
8323,2,31628384837,scored
8324,0,31633673464,scored
8325,8,31645421307,scored
8326,13,31647105003,scored
8327,5,31647538732,scored
8328,11,31649380031,scored
8329,12,31652954779,scored
8330,7,31654126672,scored
8331,1,31656328863,scored
8332,15,31660236821,scored
8333,3,31660465169,scored
8334,4,31664017949,scored
8335,10,31667453306,scored
8336,14,31668735713,scored
8337,9,31668773810,scored
8338,6,31673670176,scored
8339,0,31673891301,scored
8340,2,31674319210,scored
8341,8,31686174937,scored
8342,13,31694663946,scored
8343,12,31694944575,scored
8344,7,31696959538,scored
8345,11,31698582803,scored
8346,3,31706297426,scored
8347,15,31709422186,scored
8348,4,31711445586,scored
8349,9,31713209155,scored
8350,6,31714678142,scored
8351,5,31716584787,scored
8352,14,31723570800,scored
8353,1,31724069074,scored
8354,10,31728406941,scored
8355,8,31732538986,scored
8356,2,31738511452,scored
8357,11,31740613666,scored
8358,13,31741133095,scored
8359,7,31746817849,scored
8360,12,31747578265,scored
8361,6,31764039681,scored
8362,4,31767774173,scored
8363,5,31769551657,scored
8364,10,31769949962,scored
8365,1,31770447548,scored
8366,14,31772539311,scored
8367,3,31774145328,scored
8368,15,31774622216,scored
8369,8,31789870628,scored
8370,11,31791638519,scored
8371,6,31808853001,scored
8372,0,31811845709,scored
8373,12,31812775749,scored
8374,9,31817640579,scored
8375,7,31820893345,scored
8376,4,31822302048,scored
8377,14,31826429559,scored
8378,2,31826715462,scored
8379,10,31830508596,scored
8380,3,31839883116,scored
8381,1,31840123883,scored
8382,5,31842422901,scored
8383,11,31844205222,scored
8384,15,31845501193,scored
8385,6,31856038689,scored
8386,8,31860900076,scored
8387,7,31865734459,scored
8388,4,31865841416,scored
8389,12,31867217104,scored
8390,14,31867971200,scored
8391,1,31881705063,scored
8392,13,31881978376,scored
8393,6,31896102347,scored
8394,3,31896590892,scored
8395,11,31898796923,scored
8396,15,31898827829,scored
8397,2,31902728530,scored
8398,0,31904671349,scored
8399,10,31904734388,scored
8400,12,31911234897,scored
8401,7,31912424487,scored
8402,5,31912538808,scored
8403,8,31912690053,scored
8404,9,31913208989,scored
8405,14,31915593340,scored
8406,4,31915904490,scored
8407,13,31924556189,scored
8408,1,31924710255,scored
8409,6,31936413348,scored
8410,3,31938737427,scored
8411,11,31939567212,scored
8412,15,31939569073,scored
8413,2,31950028757,scored
8414,10,31950767743,scored
8415,0,31951534274,scored
8416,7,31952430559,scored
8417,5,31959394761,scored
8418,14,31962184067,scored
8419,8,31962214698,scored
8420,12,31964153619,scored
8421,1,31965095673,scored
8422,9,31967987963,scored
8423,4,31973496790,scored
8424,13,31973697631,scored
8425,6,31976515064,scored
8426,3,31978873501,scored
8427,11,31983250313,scored
8428,15,31984704259,scored
8429,2,31990357112,scored
8430,7,31993037648,scored
8431,0,31995726205,scored
8432,10,32001605798,scored
8433,14,32002402752,scored
8434,9,32013818861,scored
8435,6,32018136898,scored
8436,13,32022738285,scored
8437,4,32029045319,scored
8438,8,32036842853,scored
8439,2,32040508949,scored
8440,12,32041945162,scored
8441,15,32042128069,scored
8442,1,32042822005,scored
8443,0,32052728027,scored
8444,10,32064343247,scored
8445,9,32068767449,scored
8446,11,32072793651,scored
8447,4,32075135980,scored
8448,13,32080821728,scored
8449,14,32080971905,scored
8450,5,32083214474,scored
8451,8,32083683750,scored
8452,15,32084631790,scored
8453,2,32085559316,scored
8454,1,32090247765,scored
8455,3,32093074914,scored
8456,12,32098388355,scored
8457,6,32101298088,scored
8458,7,32101496819,scored
8459,0,32104075350,scored
8460,10,32105375287,scored
8461,9,32110820999,scored
8462,11,32113565552,scored
8463,4,32115992658,scored
8464,14,32122679440,scored
8465,8,32127447190,scored
8466,5,32128118612,scored
8467,15,32130566481,scored
8468,13,32132856547,scored
8469,2,32137293267,scored
8470,3,32139857880,scored
8471,7,32143599773,scored
8472,12,32148270063,scored
8473,9,32153993332,scored
8474,6,32154973153,scored
8475,0,32156066707,scored
8476,10,32156698886,scored
8477,4,32160613090,scored
8478,11,32166134012,scored
8479,8,32177175925,scored
8480,1,32180898123,scored
8481,14,32183554924,scored
8482,13,32185507200,scored
8483,12,32193260147,scored
8484,0,32202009074,scored
8485,10,32205319232,scored
8486,2,32207642232,scored
8487,3,32208762658,scored
8488,6,32211030745,scored
8489,15,32211766810,scored
8490,11,32213602108,scored
8491,8,32218333641,scored
8492,7,32218398319,scored
8493,9,32220886992,scored
8494,5,32221007143,scored
8495,4,32226772094,scored
8496,13,32231709287,scored
8497,12,32236095919,scored
8498,1,32236590394,scored
8499,14,32239612160,scored
8500,0,32243830213,scored
8501,10,32250672767,scored
8502,2,32250843711,scored
8503,15,32253035835,scored
8504,3,32253071086,scored
8505,6,32254180073,scored
8506,11,32256760517,scored
8507,5,32268199263,scored
8508,4,32268771247,scored
8509,8,32270175694,scored
8510,9,32270233352,scored
8511,13,32273178464,scored
8512,7,32275453540,scored
8513,12,32279094340,scored
8514,14,32280525358,scored
8515,1,32287992988,scored
8516,0,32290462914,scored
8517,10,32294467738,scored
8518,3,32295239536,scored
8519,2,32295266242,scored
8520,6,32296720122,scored
8521,11,32300285246,scored
8522,15,32302963642,scored
8523,4,32313977990,scored
8524,8,32314253213,scored
8525,9,32315036419,scored
8526,5,32315253862,scored
8527,12,32321036921,scored
8528,7,32323045166,scored
8529,1,32328095020,scored
8530,14,32333662298,scored
8531,13,32334794536,scored
8532,10,32334840495,scored
8533,2,32336032522,scored
8534,0,32336601763,scored
8535,11,32346051836,scored
8536,3,32347034515,scored
8537,6,32350093740,scored
8538,15,32350124640,scored
8539,9,32357523185,scored
8540,8,32357872227,scored
8541,4,32359437712,scored
8542,7,32363226182,scored
8543,5,32364376253,scored
8544,1,32370731172,scored
8545,12,32371092575,scored
8546,14,32374532241,scored
8547,10,32377906863,scored
8548,13,32379801355,scored
8549,2,32393919309,scored
8550,0,32398493604,scored
8551,6,32399793951,scored
8552,3,32401005722,scored
8553,8,32402047726,scored
8554,11,32402077903,scored
8555,9,32407098755,scored
8556,15,32407928932,scored
8557,12,32411299366,scored
8558,7,32412084388,scored
8559,1,32413022307,scored
8560,4,32413415119,scored
8561,5,32414662883,scored
8562,10,32420219865,scored
8563,13,32420560392,scored
8564,14,32425956710,scored
8565,11,32443865793,scored
8566,0,32448977846,scored
8567,15,32449820731,scored
8568,9,32450490552,scored
8569,2,32459068793,scored
8570,6,32463266183,scored
8571,1,32474867005,scored
8572,3,32476866363,scored
8573,10,32478998239,scored
8574,8,32479007638,scored
8575,13,32481333737,scored
8576,4,32483577060,scored
8577,14,32491876490,scored
8578,11,32491937213,scored
8579,7,32492522290,scored
8580,12,32494886025,scored
8581,0,32498154251,scored
8582,5,32503873465,scored
8583,2,32504146373,scored
8584,9,32506060590,scored
8585,15,32516754744,scored
8586,6,32518269481,scored
8587,3,32520129536,scored
8588,13,32524703613,scored
8589,4,32525665921,scored
8590,8,32527471055,scored
8591,10,32528202715,scored
8592,1,32529836113,scored
8593,14,32533924551,scored
8594,7,32533950931,scored
8595,11,32540617402,scored
8596,5,32552670708,scored
8597,12,32553693910,scored
8598,2,32554754384,scored
8599,0,32556000875,scored
8600,9,32556091262,scored
8601,15,32557827953,scored
8602,6,32558682892,scored
8603,3,32562140574,scored
8604,13,32565195875,scored
8605,8,32569190089,scored
8606,14,32575691012,scored
8607,7,32588208204,scored
8608,10,32588231358,scored
8609,1,32589716368,scored
8610,4,32599912079,scored
8611,0,32601121612,scored
8612,2,32602585421,scored
8613,12,32602862786,scored
8614,3,32608206177,scored
8615,5,32608851623,scored
8616,9,32610050149,scored
8617,13,32612079807,scored
8618,15,32612425263,scored
8619,8,32614819348,scored
8620,6,32616125533,scored
8621,11,32616650182,scored
8622,14,32618313215,scored
8623,1,32630631536,scored
8624,7,32634594061,scored
8625,10,32636629314,scored
8626,0,32641183914,scored
8627,2,32643383044,scored
8628,12,32645061808,scored
8629,4,32647230685,scored
8630,3,32649098065,scored
8631,5,32649291032,scored
8632,9,32650986520,scored
8633,13,32652291978,scored
8634,15,32653839853,scored
8635,8,32655911275,scored
8636,6,32657460195,scored
8637,11,32659129980,scored
8638,14,32660072173,scored
8639,1,32672567072,scored
8640,7,32675517549,scored
8641,10,32678500697,scored
8642,0,32683645357,scored
8643,2,32685585190,scored
8644,12,32685984320,scored
8645,4,32687691738,scored
8646,5,32689437094,scored
8647,3,32690356140,scored
8648,9,32692166543,scored
8649,15,32694650510,scored
8650,13,32696056713,scored
8651,8,32697245355,scored
8652,6,32697546698,scored
8653,11,32699210300,scored
8654,14,32704882249,scored
8655,1,32713879423,scored
8656,7,32717495112,scored
8657,10,32720814484,scored
8658,0,32724153782,scored
8659,12,32728107158,scored
8660,4,32729070370,scored
8661,2,32729409606,scored
8662,5,32729861583,scored
8663,3,32731164131,scored
8664,9,32733610441,scored
8665,6,32739787252,scored
8666,13,32740020209,scored
8667,8,32741814559,scored
8668,15,32742613469,scored
8669,14,32748562102,scored
8670,11,32749528862,scored
8671,1,32759578561,scored
8672,10,32762569216,scored
8673,7,32766546603,scored
8674,0,32767592621,scored
8675,12,32770900045,scored
8676,4,32774338285,scored
8677,9,32776870211,scored
8678,2,32778465294,scored
8679,5,32779002558,scored
8680,3,32779607494,scored
8681,8,32783472563,scored
8682,13,32785282190,scored
8683,15,32786375783,scored
8684,6,32788367002,scored
8685,14,32790144656,scored
8686,11,32791545051,scored
8687,1,32809812189,scored
8688,7,32810707609,scored
8689,12,32811129615,scored
8690,0,32814326375,scored
8691,4,32817666172,scored
8692,10,32818409053,scored
8693,2,32823679377,scored
8694,3,32824600293,scored
8695,5,32825644642,scored
8696,13,32827265145,scored
8697,14,32832620210,scored
8698,6,32834562562,scored
8699,11,32834659638,scored
8700,9,32836429704,scored
8701,8,32837598877,scored
8702,15,32843317056,scored
8703,7,32850861895,scored
8704,1,32855550830,scored
8705,0,32856270365,scored
8706,12,32857275590,scored
8707,4,32857945640,scored
8708,2,32864391130,scored
8709,13,32868177257,scored
8710,3,32869627688,scored
8711,6,32882084300,scored
8712,9,32892557508,scored
8713,7,32894313987,scored
8714,14,32895917581,scored
8715,0,32899481209,scored
8716,8,32899725022,scored
8717,5,32900909859,scored
8718,4,32909807879,scored
8719,15,32911068371,scored
8720,2,32912350285,scored
8721,1,32914426100,scored
8722,3,32917411492,scored
8723,12,32917472168,scored
8724,10,32919382545,scored
8725,11,32919940125,scored
8726,13,32922532409,scored
8727,6,32922559696,scored
8728,9,32933381233,scored
8729,0,32940938805,scored
8730,8,32942678993,scored
8731,15,32953421802,scored
8732,14,32955764560,scored
8733,5,32957166589,scored
8734,7,32959502616,scored
8735,11,32962491978,scored
8736,6,32964725212,scored
8737,2,32966280431,scored
8738,12,32968140068,scored
8739,13,32970648194,scored
8740,10,32973249626,scored
8741,3,32975636256,scored
8742,1,32977019764,scored
8743,9,32977243129,scored
8744,4,32977882151,scored
8745,0,32981973007,scored
8746,8,32985897216,scored
8747,15,32993563033,scored
8748,14,32996314340,scored
8749,5,32997860602,scored
8750,7,33000244644,scored
8751,6,33006064310,scored
8752,12,33012662466,scored
8753,2,33013809801,scored
8754,10,33015817815,scored
8755,3,33016155277,scored
8756,11,33016395091,scored
8757,13,33016802822,scored
8758,4,33019257185,scored
8759,9,33021642674,scored
8760,1,33021921962,scored
8761,0,33026294241,scored
8762,8,33028658696,scored
8763,6,33050548001,scored
8764,15,33051443285,scored
8765,2,33055822571,scored
8766,13,33056851317,scored
8767,7,33059036407,scored
8768,10,33059565413,scored
8769,12,33060373317,scored
8770,14,33060591135,scored
8771,5,33060623134,scored
8772,3,33061869108,scored
8773,4,33062497378,scored
8774,1,33063061198,scored
8775,9,33064827316,scored
8776,0,33066608112,scored
8777,11,33071360096,scored
8778,8,33071782922,scored
8779,2,33098144802,scored
8780,7,33100335272,scored
8781,5,33102319369,scored
8782,4,33104625377,scored
8783,1,33105765871,scored
8784,13,33107671888,scored
8785,3,33110485329,scored
8786,15,33111751433,scored
8787,10,33118891510,scored
8788,8,33119246231,scored
8789,12,33119381655,scored
8790,11,33121341457,scored
8791,6,33125389466,scored
8792,14,33129007546,scored
8793,9,33130898217,scored
8794,0,33133022784,scored
8795,7,33144073574,scored
8796,4,33145096111,scored
8797,13,33148501489,scored
8798,2,33153609446,scored
8799,3,33158321952,scored
8800,10,33163211989,scored
8801,12,33166643548,scored
8802,11,33167696104,scored
8803,8,33168966186,scored
8804,1,33170115761,scored
8805,9,33172685643,scored
8806,0,33173209414,scored
8807,6,33173410401,scored
8808,15,33174191860,scored
8809,5,33175973277,scored
8810,14,33180175204,scored
8811,4,33187368901,scored
8812,7,33187697116,scored
8813,13,33188770126,scored
8814,2,33193905228,scored
8815,3,33199317278,scored
8816,12,33209296850,scored
8817,11,33209483144,scored
8818,10,33212895628,scored
8819,0,33214722607,scored
8820,8,33215537834,scored
8821,6,33216500246,scored
8822,1,33217037145,scored
8823,9,33217328258,scored
8824,15,33218130644,scored
8825,5,33218581022,scored
8826,14,33225927158,scored
8827,7,33228626926,scored
8828,13,33228920212,scored
8829,4,33229014209,scored
8830,2,33238294218,scored
8831,3,33240501809,scored
8832,12,33255866846,scored
8833,11,33256171355,scored
8834,1,33257847442,scored
8835,0,33259984598,scored
8836,15,33261115897,scored
8837,5,33264678391,scored
8838,6,33267660269,scored
8839,7,33270988067,scored
8840,13,33274315851,scored
8841,9,33274641816,scored
8842,14,33281168884,scored
8843,10,33281579757,scored
8844,8,33285193091,scored
8845,3,33285295679,scored
8846,2,33290423746,scored
8847,4,33293600009,scored
8848,12,33296583193,scored
8849,11,33303975647,scored
8850,5,33305105840,scored
8851,15,33308307636,scored
8852,6,33313805092,scored
8853,13,33316771113,scored
8854,0,33323207536,scored
8855,1,33324642878,scored
8856,14,33333680072,scored
8857,10,33338131962,scored
8858,7,33338757075,scored
8859,3,33339544492,scored
8860,4,33339761656,scored
8861,9,33340358145,scored
8862,12,33340730395,scored
8863,2,33343085031,scored
8864,8,33345728414,scored
8865,5,33352963050,scored
8866,13,33359055826,scored
8867,1,33364874002,scored
8868,0,33366447553,scored
8869,11,33371392613,scored
8870,14,33376381081,scored
8871,6,33379016609,scored
8872,7,33379651896,scored
8873,15,33380327169,scored
8874,12,33382604007,scored
8875,9,33392363430,scored
8876,3,33393384897,scored
8877,4,33399108177,scored
8878,2,33399244329,scored
8879,8,33399842035,scored
8880,13,33400649527,scored
8881,5,33404436375,scored
8882,0,33406598210,scored
8883,10,33409897585,scored
8884,1,33411160287,scored
8885,11,33413860487,scored
8886,7,33423072561,scored
8887,6,33432109010,scored
8888,14,33436319588,scored
8889,12,33437053355,scored
8890,3,33438611734,scored
8891,8,33440320599,scored
8892,4,33442004375,scored
8893,0,33449530585,scored
8894,9,33451127971,scored
8895,13,33451718815,scored
8896,15,33452292285,scored
8897,11,33454290245,scored
8898,10,33454833871,scored
8899,5,33455437025,scored
8900,1,33458983785,scored
8901,2,33462223540,scored
8902,7,33463337881,scored
8903,6,33473149842,scored
8904,14,33477379614,scored
8905,3,33478719326,scored
8906,8,33481363899,scored
8907,4,33486973310,scored
8908,12,33487889495,scored
8909,15,33494196833,scored
8910,9,33494752493,scored
8911,11,33494820685,scored
8912,10,33506417953,scored
8913,13,33506646212,scored
8914,2,33508494382,scored
8915,1,33509696776,scored
8916,0,33510990874,scored
8917,7,33512041696,scored
8918,5,33512862927,scored
8919,6,33514273574,scored
8920,14,33526849203,scored
8921,8,33530468069,scored
8922,4,33538308618,scored
8923,3,33541157593,scored
8924,11,33545222771,scored
8925,13,33546711041,scored
8926,10,33553725068,scored
8927,12,33554387464,scored
8928,5,33557089203,scored
8929,0,33560487746,scored
8930,9,33560958527,scored
8931,6,33565773103,scored
8932,7,33567982463,scored
8933,14,33569121254,scored
8934,8,33575713527,scored
8935,2,33578720221,scored
8936,1,33581667522,scored
8937,3,33582499666,scored
8938,4,33583075071,scored
8939,15,33584487452,scored
8940,13,33588739922,scored
8941,11,33594559247,scored
8942,12,33595249578,scored
8943,10,33598683200,scored
8944,5,33602600337,scored
8945,0,33605919961,scored
8946,6,33606266884,scored
8947,9,33607471166,scored
8948,14,33610321466,scored
8949,7,33610652279,scored
8950,8,33617127047,scored
8951,2,33622346455,scored
8952,3,33624023589,scored
8953,4,33626415870,scored
8954,15,33626717570,scored
8955,1,33627353249,scored
8956,13,33630504921,scored
8957,11,33636674954,scored
8958,12,33636971378,scored
8959,10,33640056171,scored
8960,5,33643164894,scored
8961,6,33647571771,scored
8962,14,33651431723,scored
8963,7,33653810179,scored
8964,0,33655836627,scored
8965,9,33657652856,scored
8966,8,33657714820,scored
8967,2,33662496616,scored
8968,3,33665121637,scored
8969,4,33669136476,scored
8970,13,33671165176,scored
8971,1,33673611672,scored
8972,15,33676561655,scored
8973,12,33681684646,scored
8974,10,33687367858,scored
8975,5,33692881088,scored
8976,14,33696851732,scored
8977,8,33700937904,scored
8978,6,33706577196,scored
8979,9,33711581690,scored
8980,4,33712911321,scored
8981,0,33713490180,scored
8982,11,33713739064,scored
8983,2,33718778597,scored
8984,15,33718878688,scored
8985,3,33720461624,scored
8986,1,33720713275,scored
8987,7,33720948450,scored
8988,13,33721083283,scored
8989,12,33721973637,scored
8990,10,33728380217,scored
8991,5,33733499260,scored
8992,8,33741004153,scored
8993,14,33742261100,scored
8994,4,33754868766,scored
8995,9,33756794328,scored
8996,6,33767595557,scored
8997,15,33768119756,scored
8998,13,33773684497,scored
8999,10,33774353276,scored
9000,0,33777060451,scored
9001,12,33778542573,scored
9002,8,33788730259,scored
9003,3,33799585454,scored
9004,14,33808556120,scored
9005,1,33809296417,scored
9006,2,33822612487,scored
9007,12,33823492130,scored
9008,9,33825463321,scored
9009,0,33825817643,scored
9010,13,33826051582,scored
9011,7,33828806188,scored
9012,5,33835466876,scored
9013,15,33836975367,scored
9014,4,33841970208,scored
9015,8,33842668651,scored
9016,10,33846125868,scored
9017,1,33849596056,scored
9018,6,33851014565,scored
9019,14,33851595907,scored
9020,11,33854567309,scored
9021,3,33855821083,scored
9022,2,33862758219,scored
9023,12,33865147788,scored
9024,13,33866752375,scored
9025,0,33869092240,scored
9026,7,33869115069,scored
9027,9,33870516659,scored
9028,8,33883455239,scored
9029,15,33884733054,scored
9030,10,33887477577,scored
9031,4,33887594360,scored
9032,5,33888010928,scored
9033,6,33895827137,scored
9034,14,33900496030,scored
9035,1,33904863185,scored
9036,13,33916378729,scored
9037,11,33917089714,scored
9038,12,33920938739,scored
9039,0,33927942503,scored
9040,9,33934573518,scored
9041,6,33936154695,scored
9042,10,33936306976,scored
9043,15,33943021654,scored
9044,14,33950195866,scored
9045,3,33950227547,scored
9046,1,33950590704,scored
9047,4,33953281554,scored
9048,7,33956510644,scored
9049,5,33958773312,scored
9050,8,33959871157,scored
9051,11,33960763311,scored
9052,12,33962168371,scored
9053,13,33963974095,scored
9054,2,33965022495,scored
9055,0,33968225603,scored
9056,9,33974831447,scored
9057,6,33981528208,scored
9058,10,33981775247,scored
9059,3,33998490138,scored
9060,1,34000094566,scored
9061,5,34002106462,scored
9062,4,34002990417,scored
9063,7,34003054330,scored
9064,12,34005106388,scored
9065,8,34006661889,scored
9066,11,34011889489,scored
9067,2,34013628024,scored
9068,0,34020224273,scored
9069,14,34020423891,scored
9070,9,34022388255,scored
9071,13,34025882227,scored
9072,15,34030407530,scored
9073,10,34031958294,scored
9074,6,34033102138,scored
9075,3,34038850848,scored
9076,1,34041902301,scored
9077,7,34044934078,scored
9078,5,34049859893,scored
9079,4,34050429844,scored
9080,12,34053574722,scored
9081,2,34057858792,scored
9082,8,34058222028,scored
9083,14,34062096115,scored
9084,9,34062700170,scored
9085,0,34063200596,scored
9086,11,34066353693,scored
9087,13,34068378018,scored
9088,15,34071148179,scored
9089,10,34074549536,scored
9090,6,34074614463,scored
9091,3,34079518055,scored
9092,1,34083559000,scored
9093,7,34093582458,scored
9094,4,34094303800,scored
9095,5,34094387337,scored
9096,12,34096064973,scored
9097,8,34098842006,scored
9098,2,34098858879,scored
9099,14,34103668945,scored
9100,9,34104735815,scored
9101,0,34105711650,scored
9102,11,34107892197,scored
9103,13,34108842035,scored
9104,15,34113307759,scored
9105,10,34114613617,scored
9106,6,34123433715,scored
9107,1,34123768600,scored
9108,3,34127123481,scored
9109,4,34135548004,scored
9110,7,34143338583,scored
9111,5,34143649359,scored
9112,12,34145569048,scored
9113,11,34148585747,scored
9114,9,34153139995,scored
9115,10,34155706184,scored
9116,2,34160413637,scored
9117,0,34161391304,scored
9118,15,34162611509,scored
9119,1,34166296727,scored
9120,8,34172936073,scored
9121,13,34174654467,scored
9122,14,34175715450,scored
9123,6,34181108264,scored
9124,5,34185928232,scored
9125,12,34186305514,scored
9126,11,34191719170,scored
9127,3,34192946127,scored
9128,7,34192982766,scored
9129,4,34193053819,scored
9130,10,34195712206,scored
9131,9,34197404480,scored
9132,2,34201239816,scored
9133,0,34202157039,scored
9134,15,34203290970,scored
9135,1,34207834313,scored
9136,8,34213440136,scored
9137,13,34216411732,scored
9138,14,34217158522,scored
9139,6,34221915496,scored
9140,5,34230493084,scored
9141,3,34234748572,scored
9142,12,34238039225,scored
9143,4,34239463107,scored
9144,9,34240775758,scored
9145,11,34244581993,scored
9146,10,34252106525,scored
9147,15,34254589388,scored
9148,8,34254824627,scored
9149,14,34258294047,scored
9150,2,34259507578,scored
9151,6,34264068300,scored
9152,0,34267059946,scored
9153,7,34267416121,scored
9154,13,34269037417,scored
9155,1,34269600003,scored
9156,5,34271039738,scored
9157,12,34278174696,scored
9158,4,34279477544,scored
9159,9,34283044949,scored
9160,3,34286569110,scored
9161,11,34288157971,scored
9162,10,34294572409,scored
9163,15,34294767574,scored
9164,8,34297633409,scored
9165,14,34299959158,scored
9166,2,34303606797,scored
9167,6,34306972749,scored
9168,0,34307120954,scored
9169,1,34310022392,scored
9170,5,34311146661,scored
9171,13,34313271635,scored
9172,7,34316288234,scored
9173,12,34318777484,scored
9174,4,34320312130,scored
9175,9,34325775770,scored
9176,11,34331337870,scored
9177,3,34340587761,scored
9178,10,34341498429,scored
9179,15,34342282477,scored
9180,14,34344840986,scored
9181,8,34347243011,scored
9182,2,34348146093,scored
9183,0,34350198493,scored
9184,1,34350363766,scored
9185,6,34356001449,scored
9186,5,34357666797,scored
9187,9,34372990302,scored
9188,7,34373859628,scored
9189,11,34376336610,scored
9190,13,34384041501,scored
9191,14,34387040452,scored
9192,4,34389252331,scored
9193,15,34395647731,scored
9194,6,34397457320,scored
9195,8,34412964140,scored
9196,1,34415423172,scored
9197,5,34419424544,scored
9198,3,34422115065,scored
9199,10,34422196236,scored
9200,4,34430248545,scored
9201,7,34430455783,scored
9202,12,34435431808,scored
9203,0,34438783723,scored
9204,13,34442708788,scored
9205,2,34449821128,scored
9206,14,34451761413,scored
9207,6,34452972633,scored
9208,8,34453263427,scored
9209,1,34456482796,scored
9210,5,34460188008,scored
9211,15,34461230378,scored
9212,3,34466179087,scored
9213,9,34466539710,scored
9214,10,34466717180,scored
9215,11,34467879702,scored
9216,7,34474712632,scored
9217,4,34475178413,scored
9218,12,34476132450,scored
9219,0,34479521537,scored
9220,13,34484835777,scored
9221,2,34491199730,scored
9222,6,34493129665,scored
9223,8,34495730137,scored
9224,14,34496571051,scored
9225,5,34505719039,scored
9226,1,34505891493,scored
9227,3,34506520834,scored
9228,9,34508158213,scored
9229,11,34508823312,scored
9230,10,34509252662,scored
9231,15,34514987980,scored
9232,12,34516315054,scored
9233,7,34517691032,scored
9234,0,34523921013,scored
9235,4,34524017976,scored
9236,2,34531412157,scored
9237,6,34535407575,scored
9238,8,34536261597,scored
9239,13,34536729449,scored
9240,14,34537293995,scored
9241,5,34546095456,scored
9242,3,34547051517,scored
9243,1,34548261951,scored
9244,10,34552195557,scored
9245,11,34556443612,scored
9246,12,34564431052,scored
9247,0,34571348407,scored
9248,14,34577530765,scored
9249,13,34579724816,scored
9250,15,34580049744,scored
9251,6,34581782557,scored
9252,2,34583153347,scored
9253,7,34584525716,scored
9254,3,34587249642,scored
9255,8,34589347484,scored
9256,9,34593272778,scored
9257,11,34600671104,scored
9258,10,34601358893,scored
9259,5,34601664858,scored
9260,4,34601972641,scored
9261,1,34602881516,scored
9262,12,34606025160,scored
9263,0,34613423719,scored
9264,14,34618632049,scored
9265,6,34623594412,scored
9266,13,34626524707,scored
9267,3,34630155966,scored
9268,7,34630826724,scored
9269,2,34631055083,scored
9270,8,34631761447,scored
9271,9,34635032833,scored
9272,15,34636338171,scored
9273,11,34641600036,scored
9274,10,34645791202,scored
9275,4,34652958485,scored
9276,1,34656620532,scored
9277,12,34657843526,scored
9278,5,34662688619,scored
9279,6,34666752972,scored
9280,13,34667924099,scored
9281,14,34670059002,scored
9282,3,34670352791,scored
9283,2,34673723486,scored
9284,0,34683300363,scored
9285,9,34683510233,scored
9286,11,34685166467,scored
9287,10,34687332371,scored
9288,8,34692700793,scored
9289,15,34693069458,scored
9290,4,34701491332,scored
9291,12,34703462762,scored
9292,1,34707613555,scored
9293,2,34715018198,scored
9294,7,34722547486,scored
9295,9,34729199612,scored
9296,0,34729423240,scored
9297,11,34731958686,scored
9298,6,34737280958,scored
9299,14,34738267795,scored
9300,3,34742216931,scored
9301,8,34742486230,scored
9302,10,34744602312,scored
9303,4,34744752401,scored
9304,5,34745303788,scored
9305,15,34749594666,scored
9306,2,34758822901,scored
9307,12,34760629611,scored
9308,1,34762445446,scored
9309,7,34764715053,scored
9310,13,34767677815,scored
9311,0,34773482243,scored
9312,6,34778253268,scored
9313,14,34779818289,scored
9314,11,34779851444,scored
9315,5,34787125321,scored
9316,8,34788598389,scored
9317,3,34791512504,scored
9318,9,34791603397,scored
9319,4,34794182274,scored
9320,10,34796090357,scored
9321,15,34796910686,scored
9322,1,34803592112,scored
9323,12,34803780694,scored
9324,7,34805127922,scored
9325,2,34808219341,scored
9326,13,34809030073,scored
9327,0,34816331905,scored
9328,6,34818914484,scored
9329,14,34821565805,scored
9330,11,34826497703,scored
9331,5,34827535620,scored
9332,3,34832035007,scored
9333,8,34838425397,scored
9334,9,34840622325,scored
9335,15,34842598598,scored
9336,12,34845107785,scored
9337,10,34849333834,scored
9338,1,34853744436,scored
9339,13,34857845752,scored
9340,2,34858914351,scored
9341,6,34861724298,scored
9342,0,34867039720,scored
9343,7,34868463113,scored
9344,3,34877861892,scored
9345,8,34879148479,scored
9346,14,34879673998,scored
9347,11,34881395020,scored
9348,4,34881876663,scored
9349,5,34882079203,scored
9350,9,34886584384,scored
9351,12,34888285167,scored
9352,10,34890085784,scored
9353,15,34892799683,scored
9354,1,34896215451,scored
9355,13,34898531202,scored
9356,2,34902447404,scored
9357,6,34903476192,scored
9358,0,34909073394,scored
9359,7,34911865044,scored
9360,14,34923251680,scored
9361,11,34927005725,scored
9362,3,34939068293,scored
9363,10,34946471781,scored
9364,8,34949203390,scored
9365,1,34949243762,scored
9366,12,34951278013,scored
9367,4,34951321280,scored
9368,7,34952652960,scored
9369,5,34958280216,scored
9370,14,34971142742,scored
9371,0,34976569174,scored
9372,11,34976753594,scored
9373,2,34976956108,scored
9374,9,34980508018,scored
9375,6,34981588753,scored
9376,13,34984905670,scored
9377,15,34985122873,scored
9378,3,34985259623,scored
9379,10,34987880869,scored
9380,8,34989505721,scored
9381,4,34993691245,scored
9382,7,34998765271,scored
9383,5,35002675664,scored
9384,1,35003718222,scored
9385,12,35004071646,scored
9386,2,35019975266,scored
9387,14,35021869101,scored
9388,15,35026821773,scored
9389,9,35028598380,scored
9390,6,35028988981,scored
9391,3,35029185809,scored
9392,10,35031911188,scored
9393,8,35032620737,scored
9394,11,35033335946,scored
9395,13,35042806451,scored
9396,0,35044747311,scored
9397,7,35046880972,scored
9398,1,35047091541,scored
9399,12,35051003533,scored
9400,5,35052828041,scored
9401,4,35055026699,scored
9402,2,35061558316,scored
9403,14,35063626958,scored
9404,6,35073600124,scored
9405,9,35074324642,scored
9406,3,35075364095,scored
9407,11,35075776358,scored
9408,15,35075972635,scored
9409,8,35076644013,scored
9410,10,35077842710,scored
9411,13,35083356957,scored
9412,7,35090702219,scored
9413,1,35092559871,scored
9414,12,35093221992,scored
9415,0,35095374005,scored
9416,5,35096243315,scored
9417,4,35096658979,scored
9418,2,35104333729,scored
9419,14,35105909944,scored
9420,6,35114397757,scored
9421,9,35114498871,scored
9422,8,35117853381,scored
9423,15,35122834351,scored
9424,13,35126730227,scored
9425,3,35127258778,scored
9426,10,35127699560,scored
9427,11,35128011492,scored
9428,12,35135770576,scored
9429,7,35137049372,scored
9430,5,35137470686,scored
9431,0,35138659543,scored
9432,1,35140133578,scored
9433,4,35140158395,scored
9434,2,35144420670,scored
9435,14,35146500673,scored
9436,9,35155167428,scored
9437,6,35157837720,scored
9438,8,35160551078,scored
9439,15,35166383204,scored
9440,3,35167641010,scored
9441,13,35167884710,scored
9442,10,35168421378,scored
9443,11,35170192880,scored
9444,12,35176454409,scored
9445,7,35177425115,scored
9446,5,35179330722,scored
9447,0,35179878311,scored
9448,1,35180137139,scored
9449,4,35180227229,scored
9450,2,35184972539,scored
9451,14,35194811815,scored
9452,9,35196132934,scored
9453,6,35198132484,scored
9454,8,35202995888,scored
9455,11,35211429368,scored
9456,13,35213940311,scored
9457,12,35216897257,scored
9458,5,35222706700,scored
9459,10,35228399284,scored
9460,3,35229651457,scored
9461,1,35232601737,scored
9462,4,35233874434,scored
9463,7,35234209746,scored
9464,15,35236365296,scored
9465,2,35240233341,scored
9466,6,35242141497,scored
9467,9,35242733899,scored
9468,0,35242840253,scored
9469,14,35248178537,scored
9470,8,35248816752,scored
9471,11,35251800575,scored
9472,13,35256820675,scored
9473,12,35257619276,scored
9474,5,35264973348,scored
9475,3,35271711138,scored
9476,15,35276543123,scored
9477,1,35278554333,scored
9478,2,35285475839,scored
9479,7,35287309262,scored
9480,4,35289539735,scored
9481,0,35290111463,scored
9482,14,35306741350,scored
9483,5,35307754229,scored
9484,13,35309578106,scored
9485,8,35311141055,scored
9486,12,35312156883,scored
9487,9,35315139833,scored
9488,11,35315427729,scored
9489,1,35318704328,scored
9490,15,35320400516,scored
9491,3,35323832213,scored
9492,10,35324501996,scored
9493,6,35331491491,scored
9494,2,35334804888,scored
9495,0,35336948502,scored
9496,4,35338783884,scored
9497,7,35342420034,scored
9498,14,35348025431,scored
9499,5,35354431314,scored
9500,8,35354791418,scored
9501,9,35355140034,scored
9502,12,35360951490,scored
9503,10,35365047115,scored
9504,11,35367394975,scored
9505,13,35367765290,scored
9506,3,35370669998,scored
9507,1,35377680249,scored
9508,6,35382394033,scored
9509,2,35386884382,scored
9510,4,35390049998,scored
9511,14,35390068396,scored
9512,0,35390181877,scored
9513,7,35393688817,scored
9514,5,35397667293,scored
9515,8,35398089988,scored
9516,15,35400865287,scored
9517,9,35402407976,scored
9518,12,35403720970,scored
9519,11,35407554220,scored
9520,10,35416725816,scored
9521,13,35417271117,scored
9522,3,35417438390,scored
9523,1,35419179544,scored
9524,6,35425023739,scored
9525,2,35426964969,scored
9526,4,35430210088,scored
9527,0,35436294638,scored
9528,7,35439416278,scored
9529,5,35440608433,scored
9530,14,35446243325,scored
9531,15,35449352746,scored
9532,9,35452361249,scored
9533,11,35453036125,scored
9534,8,35453088187,scored
9535,12,35455852312,scored
9536,13,35457969574,scored
9537,3,35458179092,scored
9538,2,35467683245,scored
9539,6,35468019552,scored
9540,1,35468201513,scored
9541,4,35474551012,scored
9542,10,35475226315,scored
9543,0,35482455864,scored
9544,5,35484935475,scored
9545,15,35494330615,scored
9546,3,35498493313,scored
9547,7,35505729576,scored
9548,14,35508460367,scored
9549,8,35509160552,scored
9550,1,35509581743,scored
9551,12,35515466520,scored
9552,2,35519594511,scored
9553,10,35520783667,scored
9554,6,35527958129,scored
9555,0,35529308967,scored
9556,13,35530248920,scored
9557,4,35532123597,scored
9558,5,35532214353,scored
9559,9,35536621462,scored
9560,3,35543223491,scored
9561,11,35545178473,scored
9562,7,35546346876,scored
9563,15,35547932074,scored
9564,14,35552808129,scored
9565,1,35554845940,scored
9566,8,35556694870,scored
9567,12,35558184858,scored
9568,2,35561995145,scored
9569,10,35562878712,scored
9570,13,35570678008,scored
9571,4,35572221913,scored
9572,5,35573726551,scored
9573,6,35575358753,scored
9574,9,35577200045,scored
9575,0,35582383301,scored
9576,3,35583937070,scored
9577,11,35586699147,scored
9578,14,35594949987,scored
9579,12,35599297980,scored
9580,2,35602990121,scored
9581,10,35603284948,scored
9582,15,35604952703,scored
9583,7,35605843405,scored
9584,1,35607076463,scored
9585,8,35609019866,scored
9586,13,35612097341,scored
9587,4,35613187936,scored
9588,5,35615112278,scored
9589,6,35615712407,scored
9590,9,35618583972,scored
9591,0,35623459616,scored
9592,3,35624060077,scored
9593,11,35626735676,scored
9594,14,35637451731,scored
9595,12,35642977876,scored
9596,7,35648893576,scored
9597,15,35652047994,scored
9598,10,35655793065,scored
9599,13,35655934645,scored
9600,4,35657392120,scored
9601,6,35658019358,scored
9602,2,35659508969,scored
9603,5,35659871532,scored
9604,1,35661440305,scored
9605,3,35664060569,scored
9606,9,35666427230,scored
9607,0,35673114750,scored
9608,8,35674239445,scored
9609,14,35677894988,scored
9610,11,35680193525,scored
9611,12,35683909847,scored
9612,15,35695925174,scored
9613,6,35699127322,scored
9614,10,35699146298,scored
9615,1,35701819539,scored
9616,2,35702323877,scored
9617,7,35703774379,scored
9618,5,35705323969,scored
9619,13,35705725241,scored
9620,4,35708113739,scored
9621,0,35716607649,scored
9622,14,35719252755,scored
9623,3,35720062096,scored
9624,11,35724891392,scored
9625,8,35726976366,scored
9626,12,35730090006,scored
9627,9,35731823306,scored
9628,15,35736829792,scored
9629,10,35739616676,scored
9630,6,35741106359,scored
9631,1,35742162519,scored
9632,2,35743052972,scored
9633,4,35750629625,scored
9634,13,35753567425,scored
9635,14,35763599123,scored
9636,0,35765138464,scored
9637,12,35772397333,scored
9638,7,35772726870,scored
9639,11,35773214010,scored
9640,8,35774858269,scored
9641,5,35783896014,scored
9642,3,35793495975,scored
9643,14,35804464196,scored
9644,13,35808472877,scored
9645,2,35809520595,scored
9646,15,35812297494,scored
9647,11,35819590949,scored
9648,12,35828257636,scored
9649,4,35829080751,scored
9650,0,35830600846,scored
9651,7,35833313609,scored
9652,1,35833668706,scored
9653,9,35837690257,scored
9654,2,35853564551,scored
9655,3,35863710746,scored
9656,6,35866738008,scored
9657,8,35867906201,scored
9658,5,35868381130,scored
9659,10,35876037033,scored
9660,14,35880219008,scored
9661,9,35882595258,scored
9662,1,35882629191,scored
9663,4,35882897150,scored
9664,0,35888221535,scored
9665,11,35890944546,scored
9666,15,35893600620,scored
9667,13,35894755108,scored
9668,7,35898400098,scored
9669,12,35904843799,scored
9670,3,35905511588,scored
9671,5,35909932315,scored
9672,8,35912325114,scored
9673,2,35915152052,scored
9674,6,35919504425,scored
9675,1,35922899460,scored
9676,10,35924876897,scored
9677,14,35928156486,scored
9678,9,35930619891,scored
9679,11,35932821748,scored
9680,13,35935670359,scored
9681,15,35936751839,scored
9682,4,35938919463,scored
9683,12,35946773086,scored
9684,7,35947772638,scored
9685,3,35948798489,scored
9686,0,35949231462,scored
9687,5,35950850679,scored
9688,8,35952819309,scored
9689,2,35958821470,scored
9690,6,35959604988,scored
9691,1,35964568431,scored
9692,10,35965488548,scored
9693,14,35969094475,scored
9694,9,35972720786,scored
9695,11,35972926384,scored
9696,4,35979022664,scored
9697,15,35981538876,scored
9698,13,35983390373,scored
9699,12,35988082848,scored
9700,3,35990269617,scored
9701,5,36005127807,scored
9702,0,36008837325,scored
9703,7,36014467568,scored
9704,1,36015149692,scored
9705,10,36016808263,scored
9706,2,36022840248,scored
9707,13,36024808184,scored
9708,15,36030960602,scored
9709,9,36034125882,scored
9710,14,36034543557,scored
9711,11,36035154755,scored
9712,4,36037367091,scored
9713,12,36038886024,scored
9714,3,36039111731,scored
9715,6,36047511211,scored
9716,5,36048866498,scored
9717,0,36051173740,scored
9718,7,36055121309,scored
9719,10,36059503541,scored
9720,1,36061644412,scored
9721,2,36063579391,scored
9722,8,36064914919,scored
9723,13,36066294437,scored
9724,15,36072231181,scored
9725,9,36075452555,scored
9726,14,36082362165,scored
9727,4,36083851310,scored
9728,12,36084088502,scored
9729,3,36086581557,scored
9730,11,36090842182,scored
9731,6,36092430120,scored
9732,0,36093447392,scored
9733,5,36099446384,scored
9734,10,36106497614,scored
9735,7,36109876236,scored
9736,8,36110743068,scored
9737,1,36111045663,scored
9738,13,36113051783,scored
9739,15,36113171279,scored
9740,2,36113510241,scored
9741,9,36115594025,scored
9742,14,36122962315,scored
9743,4,36123981963,scored
9744,3,36127615126,scored
9745,12,36129951787,scored
9746,0,36133931281,scored
9747,11,36135134893,scored
9748,6,36136051363,scored
9749,5,36142646596,scored
9750,10,36148508921,scored
9751,15,36155755192,scored
9752,1,36156629511,scored
9753,2,36165437808,scored
9754,7,36167539925,scored
9755,12,36172899441,scored
9756,3,36173836644,scored
9757,8,36174053785,scored
9758,4,36174970878,scored
9759,6,36179722723,scored
9760,9,36180915369,scored
9761,13,36185246383,scored
9762,11,36186068887,scored
9763,0,36186153289,scored
9764,5,36191288014,scored
9765,10,36192274252,scored
9766,15,36201833222,scored
9767,1,36203303471,scored
9768,14,36203345314,scored
9769,7,36209528123,scored
9770,2,36210857108,scored
9771,3,36214813398,scored
9772,8,36215794088,scored
9773,4,36217380944,scored
9774,6,36221159461,scored
9775,10,36233960966,scored
9776,12,36235260973,scored
9777,5,36235721491,scored
9778,11,36240685491,scored
9779,13,36241197061,scored
9780,9,36241199847,scored
9781,1,36244158866,scored
9782,0,36246418996,scored
9783,14,36246828978,scored
9784,15,36246948561,scored
9785,7,36253214196,scored
9786,3,36254864735,scored
9787,2,36255153583,scored
9788,8,36257246780,scored
9789,4,36259670388,scored
9790,6,36263215354,scored
9791,5,36275752740,scored
9792,10,36276969329,scored
9793,9,36284662593,scored
9794,13,36284731701,scored
9795,15,36287958792,scored
9796,14,36288689541,scored
9797,11,36289160376,scored
9798,7,36295785141,scored
9799,0,36296514518,scored
9800,2,36297992799,scored
9801,3,36300013899,scored
9802,6,36304918333,scored
9803,4,36307026001,scored
9804,8,36310500685,scored
9805,1,36314052303,scored
9806,12,36314769993,scored
9807,10,36318911724,scored
9808,5,36324768238,scored
9809,13,36324801761,scored
9810,9,36327420780,scored
9811,11,36330062434,scored
9812,15,36330796201,scored
9813,14,36330969805,scored
9814,2,36340189897,scored
9815,0,36349029138,scored
9816,7,36353331570,scored
9817,4,36355118550,scored
9818,3,36359938810,scored
9819,6,36360117742,scored
9820,10,36360166030,scored
9821,1,36362799355,scored
9822,12,36362883456,scored
9823,5,36365028247,scored
9824,13,36372861951,scored
9825,9,36374438738,scored
9826,14,36374595089,scored
9827,11,36374898517,scored
9828,8,36376933347,scored
9829,2,36381797388,scored
9830,15,36383186872,scored
9831,0,36389546129,scored
9832,7,36394554915,scored
9833,4,36395182304,scored
9834,6,36406393748,scored
9835,5,36406762211,scored
9836,10,36414188156,scored
9837,1,36417255925,scored
9838,3,36417860868,scored
9839,9,36421909353,scored
9840,15,36424949021,scored
9841,8,36426600938,scored
9842,14,36431511580,scored
9843,2,36433177280,scored
9844,11,36433562618,scored
9845,7,36436255675,scored
9846,0,36438605277,scored
9847,5,36447910962,scored
9848,13,36451693784,scored
9849,4,36451822814,scored
9850,1,36459975551,scored
9851,12,36460959222,scored
9852,10,36463011115,scored
9853,3,36464150700,scored
9854,6,36464177389,scored
9855,15,36466707351,scored
9856,8,36468708766,scored
9857,9,36470933451,scored
9858,11,36474739265,scored
9859,2,36481455798,scored
9860,0,36484073678,scored
9861,14,36486066484,scored
9862,7,36487208536,scored
9863,5,36488324216,scored
9864,13,36492576760,scored
9865,4,36494074718,scored
9866,12,36502918586,scored
9867,6,36505391398,scored
9868,10,36505897617,scored
9869,1,36506835905,scored
9870,15,36508116807,scored
9871,3,36508188240,scored
9872,9,36512802740,scored
9873,11,36516600882,scored
9874,8,36519017847,scored
9875,2,36523116561,scored
9876,0,36528087855,scored
9877,7,36528235944,scored
9878,14,36531231095,scored
9879,5,36532842265,scored
9880,13,36533066312,scored
9881,4,36535554857,scored
9882,12,36543371468,scored
9883,6,36546141982,scored
9884,1,36548058720,scored
9885,10,36548716338,scored
9886,3,36548763805,scored
9887,15,36552587912,scored
9888,9,36554115158,scored
9889,11,36558819203,scored
9890,8,36562750485,scored
9891,2,36564546577,scored
9892,0,36568327136,scored
9893,7,36569260791,scored
9894,5,36572916400,scored
9895,14,36573903548,scored
9896,6,36590416113,scored
9897,12,36596209645,scored
9898,1,36596486049,scored
9899,13,36601394722,scored
9900,3,36604091594,scored
9901,11,36607356745,scored
9902,4,36608596597,scored
9903,9,36609705147,scored
9904,0,36611548346,scored
9905,8,36612222521,scored
9906,5,36614196113,scored
9907,7,36615906905,scored
9908,15,36621361971,scored
9909,2,36624673533,scored
9910,14,36628964693,scored
9911,6,36631813955,scored
9912,12,36636455267,scored
9913,10,36639996859,scored
9914,13,36643280597,scored
9915,1,36648657334,scored
9916,4,36650489719,scored
9917,11,36651209985,scored
9918,0,36652538698,scored
9919,8,36653465899,scored
9920,9,36657121695,scored
9921,7,36661280794,scored
9922,15,36662998612,scored
9923,3,36664174138,scored
9924,2,36666529396,scored
9925,14,36675138280,scored
9926,12,36676563713,scored
9927,5,36678667809,scored
9928,6,36679308277,scored
9929,10,36680328726,scored
9930,13,36685666997,scored
9931,1,36688864733,scored
9932,4,36690630483,scored
9933,0,36693541186,scored
9934,8,36696536275,scored
9935,11,36698414612,scored
9936,2,36706936324,scored
9937,9,36709040608,scored
9938,15,36711277829,scored
9939,3,36713907689,scored
9940,7,36714741906,scored
9941,14,36718778433,scored
9942,6,36725694533,scored
9943,12,36729728065,scored
9944,10,36730864077,scored
9945,1,36732897526,scored
9946,0,36739098852,scored
9947,8,36740310118,scored
9948,13,36743922580,scored
9949,11,36747638724,scored
9950,2,36750562119,scored
9951,4,36752051399,scored
9952,9,36753394547,scored
9953,3,36757743671,scored
9954,14,36764463941,scored
9955,7,36769029167,scored
9956,12,36772213540,scored
9957,6,36772923003,scored
9958,15,36776788752,scored
9959,0,36779510673,scored
9960,8,36780691683,scored
9961,5,36781088364,scored
9962,10,36781176641,scored
9963,1,36781439737,scored
9964,11,36790263050,scored
9965,2,36791128032,scored
9966,9,36793524893,scored
9967,4,36794074375,scored
9968,13,36796108799,scored
9969,3,36799881738,scored
9970,6,36813603449,scored
9971,14,36815039708,scored
9972,12,36818341299,scored
9973,5,36823010907,scored
9974,15,36824206034,scored
9975,1,36828949935,scored
9976,7,36831395142,scored
9977,11,36832525849,scored
9978,0,36839946721,scored
9979,2,36845794030,scored
9980,9,36847699142,scored
9981,3,36847783426,scored
9982,8,36849862059,scored
9983,13,36850377552,scored
9984,4,36850477935,scored
9985,14,36859209068,scored
9986,10,36859580736,scored
9987,15,36865558088,scored
9988,5,36867022544,scored
9989,12,36868391356,scored
9990,6,36869964738,scored
9991,1,36871126811,scored
9992,7,36871719015,scored
9993,11,36877918090,scored
9994,0,36880625255,scored
9995,2,36886696455,scored
9996,3,36889191221,scored
9997,9,36889286970,scored
9998,8,36890644038,scored
9999,13,36896880201,scored
10000,4,36896900150,scored
10001,14,36903155199,scored
10002,10,36903712650,scored
10003,15,36905806083,scored
10004,5,36913658937,scored
10005,0,36930111383,scored
10006,11,36930131979,scored
10007,9,36932500729,scored
10008,12,36933999061,scored
10009,6,36943930959,scored
10010,10,36946153648,scored
10011,1,36955447529,scored
10012,4,36956760672,scored
10013,8,36957066534,scored
10014,13,36959314508,scored
10015,15,36959479687,scored
10016,14,36961876196,scored
10017,2,36962597358,scored
10018,7,36967549107,scored
10019,3,36969392989,scored
10020,11,36976758461,scored
10021,9,36977499437,scored
10022,0,36979656658,scored
10023,5,36980685173,scored
10024,12,36981225655,scored
10025,6,36984168205,scored
10026,10,36986161486,scored
10027,1,36997302701,scored
10028,4,36998483845,scored
10029,8,36998721646,scored
10030,13,36999330534,scored
10031,15,37002302277,scored
10032,14,37006983418,scored
10033,2,37007754435,scored
10034,3,37010635017,scored
10035,5,37020975696,scored
10036,7,37021478950,scored
10037,9,37022706504,scored
10038,6,37024253615,scored
10039,11,37026531232,scored
10040,12,37027502296,scored
10041,10,37028706903,scored
10042,0,37032506512,scored
10043,8,37040013676,scored
10044,1,37040481867,scored
10045,4,37042030351,scored
10046,13,37042049890,scored
10047,15,37047843768,scored
10048,2,37048214827,scored
10049,3,37052665219,scored
10050,14,37055685883,scored
10051,9,37063467908,scored
10052,5,37063559613,scored
10053,7,37063911016,scored
10054,11,37066666987,scored
10055,6,37070019119,scored
10056,10,37072494772,scored
10057,0,37074586122,scored
10058,12,37074616924,scored
10059,8,37087769735,scored
10060,15,37089053399,scored
10061,2,37090644381,scored
10062,1,37095671529,scored
10063,3,37096727710,scored
10064,13,37098034281,scored
10065,14,37098981467,scored
10066,4,37102497380,scored
10067,5,37108128125,scored
10068,11,37111369785,scored
10069,10,37113068990,scored
10070,6,37116786400,scored
10071,0,37117280863,scored
10072,12,37120054975,scored
10073,9,37121975822,scored
10074,7,37122759855,scored
10075,8,37129945679,scored
10076,2,37132244631,scored
10077,1,37136286439,scored
10078,13,37138057696,scored
10079,3,37141164531,scored
10080,14,37141596253,scored
10081,15,37143447676,scored
10082,4,37145049071,scored
10083,5,37148584381,scored
10084,11,37153749764,scored
10085,6,37158417199,scored
10086,12,37163040779,scored
10087,9,37165327979,scored
10088,10,37170068759,scored
10089,7,37170672639,scored
10090,2,37175965244,scored
10091,8,37177720763,scored
10092,13,37178132353,scored
10093,1,37178167199,scored
10094,0,37180305319,scored
10095,5,37188849573,scored
10096,14,37190034726,scored
10097,11,37198903361,scored
10098,15,37207691477,scored
10099,4,37208056785,scored
10100,9,37208370332,scored
10101,12,37209229939,scored
10102,3,37212449261,scored
10103,2,37216193622,scored
10104,6,37216962769,scored
10105,1,37218168088,scored
10106,13,37218954952,scored
10107,8,37219945615,scored
10108,0,37225385856,scored
10109,7,37230056287,scored
10110,10,37233878825,scored
10111,5,37235252750,scored
10112,14,37236505510,scored
10113,11,37241588075,scored
10114,15,37250824806,scored
10115,9,37252176156,scored
10116,12,37253633289,scored
10117,13,37264062027,scored
10118,8,37277505044,scored
10119,7,37281359142,scored
10120,2,37281639678,scored
10121,10,37286303372,scored
10122,14,37287237065,scored
10123,4,37288548999,scored
10124,0,37296407309,scored
10125,6,37299311369,scored
10126,5,37299639347,scored
10127,12,37299737442,scored
10128,15,37300020002,scored
10129,9,37300677439,scored
10130,1,37302127900,scored
10131,13,37304878928,scored
10132,11,37307044749,scored
10133,3,37307127205,scored
10134,8,37321341642,scored
10135,2,37322372684,scored
10136,7,37325376380,scored
10137,10,37330794311,scored
10138,4,37334767438,scored
10139,14,37335649055,scored
10140,12,37339885471,scored
10141,6,37340778261,scored
10142,1,37346825589,scored
10143,3,37348958112,scored
10144,5,37349846509,scored
10145,9,37350069142,scored
10146,0,37350378560,scored
10147,11,37354183894,scored
10148,15,37359419627,scored
10149,13,37360904573,scored
10150,2,37366053772,scored
10151,8,37366911965,scored
10152,7,37368896208,scored
10153,10,37372867393,scored
10154,4,37376540802,scored
10155,14,37377998611,scored
10156,12,37382999000,scored
10157,6,37384164552,scored
10158,1,37387504612,scored
10159,3,37393070121,scored
10160,5,37394117752,scored
10161,0,37394480202,scored
10162,11,37395647083,scored
10163,9,37395690051,scored
10164,15,37402616689,scored
10165,13,37402938837,scored
10166,2,37406515580,scored
10167,10,37414648309,scored
10168,7,37415817872,scored
10169,4,37418124034,scored
10170,8,37419304712,scored
10171,14,37419724264,scored
10172,6,37424800924,scored
10173,12,37424860817,scored
10174,1,37429440793,scored
10175,3,37433228583,scored
10176,0,37434756320,scored
10177,5,37436428488,scored
10178,9,37437474276,scored
10179,11,37438291383,scored
10180,15,37444874926,scored
10181,13,37445067620,scored
10182,2,37449594514,scored
10183,10,37465673413,scored
10184,12,37466387175,scored
10185,14,37466947534,scored
10186,7,37471982964,scored
10187,8,37477640788,scored
10188,3,37478092293,scored
10189,4,37487624679,scored
10190,1,37490259453,scored
10191,11,37490801197,scored
10192,9,37491069273,scored
10193,15,37492756481,scored
10194,0,37494891344,scored
10195,2,37495240892,scored
10196,13,37502526466,scored
10197,5,37502951270,scored
10198,6,37505559023,scored
10199,10,37509129261,scored
10200,7,37512674437,scored
10201,14,37514212093,scored
10202,12,37516144743,scored
10203,8,37519077419,scored
10204,3,37519283158,scored
10205,11,37541164032,scored
10206,1,37544487788,scored
10207,13,37547484935,scored
10208,6,37547495465,scored
10209,10,37550160835,scored
10210,5,37555746522,scored
10211,15,37556731738,scored
10212,0,37557298409,scored
10213,12,37559756738,scored
10214,7,37571501192,scored
10215,4,37574060244,scored
10216,14,37594448019,scored
10217,11,37602331218,scored
10218,3,37605376701,scored
10219,5,37607247609,scored
10220,12,37609960394,scored
10221,1,37613793787,scored
10222,4,37616890051,scored
10223,2,37617209455,scored
10224,13,37618550727,scored
10225,8,37619669659,scored
10226,6,37620720719,scored
10227,9,37625561515,scored
10228,15,37626642963,scored
10229,10,37628845014,scored
10230,0,37630823741,scored
10231,14,37640637006,scored
10232,7,37641707469,scored
10233,11,37642342831,scored
10234,3,37645942123,scored
10235,5,37649267142,scored
10236,12,37650523162,scored
10237,1,37657686756,scored
10238,4,37658596371,scored
10239,8,37660700752,scored
10240,2,37660742745,scored
10241,6,37660804970,scored
10242,13,37663265518,scored
10243,9,37665965411,scored
10244,15,37671415119,scored
10245,14,37681377742,scored
10246,0,37682187679,scored
10247,10,37684929980,scored
10248,11,37688178751,scored
10249,3,37688629347,scored
10250,7,37688798864,scored
10251,5,37689456672,scored
10252,12,37690825997,scored
10253,6,37701743047,scored
10254,4,37708321245,scored
10255,1,37708780306,scored
10256,13,37713492879,scored
10257,15,37715696877,scored
10258,2,37719369967,scored
10259,9,37721145598,scored
10260,14,37721578813,scored
10261,10,37726656852,scored
10262,3,37730398918,scored
10263,12,37731704084,scored
10264,0,37731859219,scored
10265,5,37735195718,scored
10266,8,37738486186,scored
10267,6,37744578390,scored
10268,7,37746425586,scored
10269,11,37746881945,scored
10270,4,37748332456,scored
10271,1,37750362375,scored
10272,13,37760600822,scored
10273,2,37765393283,scored
10274,9,37768629734,scored
10275,14,37770688930,scored
10276,12,37772100885,scored
10277,0,37774312518,scored
10278,15,37775942766,scored
10279,3,37780205638,scored
10280,6,37786230644,scored
10281,8,37786567599,scored
10282,11,37788569196,scored
10283,5,37795514848,scored
10284,10,37795617765,scored
10285,7,37798494688,scored
10286,4,37799256821,scored
10287,13,37801402681,scored
10288,1,37802836807,scored
10289,2,37807992917,scored
10290,0,37815019624,scored
10291,12,37815217385,scored
10292,14,37815620354,scored
10293,9,37815660197,scored
10294,15,37815966286,scored
10295,3,37823542795,scored
10296,8,37828292455,scored
10297,6,37829908203,scored
10298,11,37833726108,scored
10299,5,37836039366,scored
10300,10,37845851735,scored
10301,13,37846483853,scored
10302,4,37847971292,scored
10303,2,37853520844,scored
10304,7,37853547891,scored
10305,1,37855697638,scored
10306,9,37859665245,scored
10307,0,37860375134,scored
10308,14,37871554779,scored
10309,5,37876970951,scored
10310,11,37877038110,scored
10311,12,37877685598,scored
10312,15,37881441917,scored
10313,8,37883669118,scored
10314,1,37900179458,scored
10315,2,37901535494,scored
10316,10,37906212142,scored
10317,7,37906572630,scored
10318,6,37909895558,scored
10319,13,37911980347,scored
10320,0,37914022126,scored
10321,3,37926322902,scored
10322,8,37926864168,scored
10323,5,37928863753,scored
10324,14,37929853895,scored
10325,12,37930038083,scored
10326,9,37934311973,scored
10327,4,37935740190,scored
10328,1,37940401409,scored
10329,15,37941375140,scored
10330,11,37941874713,scored
10331,2,37946001235,scored
10332,10,37946645134,scored
10333,7,37947274629,scored
10334,6,37950734605,scored
10335,13,37953085952,scored
10336,0,37955542103,scored
10337,8,37967504955,scored
10338,12,37972372086,scored
10339,3,37973397909,scored
10340,5,37982196399,scored
10341,9,37982259557,scored
10342,2,37991060596,scored
10343,14,37992575314,scored
10344,10,37995536342,scored
10345,11,37997929339,scored
10346,0,38000414428,scored
10347,1,38001559926,scored
10348,13,38002189354,scored
10349,7,38004202910,scored
10350,6,38004255044,scored
10351,8,38013123919,scored
10352,3,38014275860,scored
10353,4,38017109321,scored
10354,5,38024073106,scored
10355,12,38025592972,scored
10356,9,38026374137,scored
10357,15,38030503883,scored
10358,10,38037377218,scored
10359,0,38041091565,scored
10360,11,38042626423,scored
10361,13,38050348773,scored
10362,6,38050518103,scored
10363,2,38050569959,scored
10364,3,38054409730,scored
10365,7,38057458948,scored
10366,8,38064077068,scored
10367,14,38068470552,scored
10368,12,38069103735,scored
10369,1,38074564207,scored
10370,15,38074661188,scored
10371,5,38075793451,scored
10372,9,38076673156,scored
10373,4,38077198916,scored
10374,10,38078262697,scored
10375,11,38088608104,scored
10376,0,38089321607,scored
10377,13,38091909449,scored
10378,2,38091988718,scored
10379,3,38106091381,scored
10380,14,38108562662,scored
10381,8,38111292526,scored
10382,12,38113702207,scored
10383,1,38114872184,scored
10384,15,38115230739,scored
10385,5,38117174640,scored
10386,7,38127595264,scored
10387,0,38132263713,scored
10388,4,38134666354,scored
10389,2,38137614149,scored
10390,9,38143915908,scored
10391,13,38144828361,scored
10392,3,38155662556,scored
10393,11,38161446054,scored
10394,8,38168022458,scored
10395,15,38168084480,scored
10396,14,38169493518,scored
10397,5,38171639313,scored
10398,0,38173759768,scored
10399,6,38176724163,scored
10400,1,38178818054,scored
10401,7,38179912618,scored
10402,4,38179973275,scored
10403,10,38184693922,scored
10404,2,38184858295,scored
10405,12,38185432739,scored
10406,9,38186029197,scored
10407,13,38186698667,scored
10408,3,38197036523,scored
10409,14,38209759131,scored
10410,11,38209921550,scored
10411,8,38211683592,scored
10412,5,38213513573,scored
10413,0,38215531964,scored
10414,6,38217416471,scored
10415,15,38219216324,scored
10416,4,38224292481,scored
10417,2,38225679471,scored
10418,10,38227589053,scored
10419,1,38227673937,scored
10420,9,38228850604,scored
10421,7,38234753334,scored
10422,13,38235283429,scored
10423,12,38239172319,scored
10424,3,38241730104,scored
10425,11,38250413230,scored
10426,14,38250715830,scored
10427,8,38251702482,scored
10428,6,38259124660,scored
10429,15,38264189607,scored
10430,2,38266150768,scored
10431,1,38270624453,scored
10432,5,38273587375,scored
10433,0,38276051234,scored
10434,4,38277856214,scored
10435,10,38279366243,scored
10436,7,38281043042,scored
10437,12,38284128507,scored
10438,13,38290514650,scored
10439,3,38291563076,scored
10440,11,38293650948,scored
10441,9,38294260565,scored
10442,8,38297100445,scored
10443,14,38302300042,scored
10444,6,38304078230,scored
10445,15,38304838182,scored
10446,2,38309263525,scored
10447,1,38312888101,scored
10448,5,38313806608,scored
10449,0,38321498716,scored
10450,10,38330676588,scored
10451,7,38332981903,scored
10452,13,38334912038,scored
10453,9,38335952377,scored
10454,12,38344409774,scored
10455,3,38352989874,scored
10456,2,38353734688,scored
10457,11,38355682434,scored
10458,5,38356948303,scored
10459,8,38359004075,scored
10460,4,38365252602,scored
10461,15,38367249539,scored
10462,1,38369957442,scored
10463,14,38371264869,scored
10464,10,38373629165,scored
10465,7,38374013335,scored
10466,9,38377303138,scored
10467,0,38380631453,scored
10468,13,38381286009,scored
10469,12,38386960537,scored
10470,6,38388309665,scored
10471,2,38396082439,scored
10472,5,38397536695,scored
10473,8,38402851423,scored
10474,11,38403874296,scored
10475,4,38406554853,scored
10476,3,38408010466,scored
10477,15,38409756631,scored
10478,1,38413063501,scored
10479,14,38413081271,scored
10480,7,38414825560,scored
10481,10,38415207893,scored
10482,0,38420712424,scored
10483,6,38428531916,scored
10484,13,38430832760,scored
10485,2,38436208176,scored
10486,5,38438056093,scored
10487,12,38440479192,scored
10488,11,38445586669,scored
10489,8,38451206350,scored
10490,9,38452069406,scored
10491,4,38452442272,scored
10492,3,38453865105,scored
10493,14,38459569091,scored
10494,10,38459875616,scored
10495,15,38460300917,scored
10496,7,38462042069,scored
10497,1,38471105526,scored
10498,13,38471953085,scored
10499,0,38473850992,scored
10500,6,38477164457,scored
10501,2,38479627508,scored
10502,11,38487663677,scored
10503,5,38488215769,scored
10504,12,38488434355,scored
10505,8,38491298134,scored
10506,4,38497529474,scored
10507,3,38498331925,scored
10508,9,38499006227,scored
10509,10,38501315498,scored
10510,7,38502360319,scored
10511,15,38502409467,scored
10512,14,38503419745,scored
10513,1,38511973611,scored
10514,13,38512455816,scored
10515,6,38524709393,scored
10516,2,38525027442,scored
10517,0,38526925676,scored
10518,11,38527973393,scored
10519,12,38530392454,scored
10520,8,38534096991,scored
10521,10,38542282678,scored
10522,3,38543829547,scored
10523,14,38546197072,scored
10524,5,38548381447,scored
10525,4,38548778475,scored
10526,15,38548971459,scored
10527,7,38549179249,scored
10528,9,38549596569,scored
10529,13,38552899193,scored
10530,1,38557728030,scored
10531,6,38566012532,scored
10532,2,38566905458,scored
10533,11,38570713222,scored
10534,12,38572944230,scored
10535,0,38573827663,scored
10536,8,38581229268,scored
10537,10,38583440730,scored
10538,3,38586813241,scored
10539,15,38590531179,scored
10540,4,38591821420,scored
10541,7,38593828580,scored
10542,14,38596720512,scored
10543,5,38599799472,scored
10544,1,38604061469,scored
10545,9,38604554421,scored
10546,13,38605010968,scored
10547,6,38608038182,scored
10548,2,38608078509,scored
10549,11,38618523063,scored
10550,12,38618668863,scored
10551,0,38618916000,scored
10552,8,38625324272,scored
10553,10,38627304465,scored
10554,3,38629929769,scored
10555,15,38631727872,scored
10556,7,38636481148,scored
10557,4,38637126345,scored
10558,5,38640646219,scored
10559,14,38641742079,scored
10560,2,38652163449,scored
10561,1,38658545259,scored
10562,13,38658646741,scored
10563,12,38661378054,scored
10564,9,38661842780,scored
10565,11,38662010267,scored
10566,0,38674670969,scored
10567,8,38675314990,scored
10568,6,38676903420,scored
10569,4,38678621793,scored
10570,10,38679125672,scored
10571,3,38682387574,scored
10572,7,38684578879,scored
10573,15,38684741947,scored
10574,5,38685714330,scored
10575,14,38686943996,scored
10576,2,38694835307,scored
10577,1,38699072179,scored
10578,13,38701072057,scored
10579,12,38702274131,scored
10580,9,38703076431,scored
10581,11,38707362379,scored
10582,0,38715285948,scored
10583,8,38715561259,scored
10584,4,38726187744,scored
10585,6,38726200292,scored
10586,15,38727443606,scored
10587,3,38727756849,scored
10588,7,38728286306,scored
10589,10,38732398749,scored
10590,5,38733622495,scored
10591,9,38746741697,scored
10592,11,38747453906,scored
10593,1,38749771978,scored
10594,2,38749865485,scored
10595,13,38754004394,scored
10596,14,38754154281,scored
10597,8,38756220259,scored
10598,0,38756953891,scored
10599,12,38757534213,scored
10600,4,38768124913,scored
10601,3,38771704183,scored
10602,15,38771916803,scored
10603,6,38777030888,scored
10604,7,38779796677,scored
10605,5,38780575693,scored
10606,10,38781623533,scored
10607,9,38787823465,scored
10608,11,38787939834,scored
10609,8,38796719637,scored
10610,1,38798412268,scored
10611,2,38800291048,scored
10612,14,38805147043,scored
10613,4,38812857913,scored
10614,12,38815518410,scored
10615,3,38817499486,scored
10616,13,38817593078,scored
10617,0,38817613613,scored
10618,15,38820826244,scored
10619,10,38822459807,scored
10620,7,38823945633,scored
10621,6,38824503629,scored
10622,5,38825803281,scored
10623,11,38830746122,scored
10624,9,38833144416,scored
10625,8,38837532229,scored
10626,1,38840030903,scored
10627,2,38846663865,scored
10628,14,38851635621,scored
10629,0,38857710056,scored
10630,13,38860786452,scored
10631,5,38866310183,scored
10632,12,38868994030,scored
10633,10,38870998053,scored
10634,7,38871641467,scored
10635,15,38881845511,scored
10636,4,38886832819,scored
10637,2,38887590886,scored
10638,3,38890482194,scored
10639,14,38891638044,scored
10640,0,38899057877,scored
10641,8,38899863579,scored
10642,13,38901373075,scored
10643,6,38902585916,scored
10644,9,38902673439,scored
10645,11,38903184190,scored
10646,1,38904463470,scored
10647,12,38909441483,scored
10648,5,38909864884,scored
10649,10,38913761613,scored
10650,7,38914001357,scored
10651,15,38925575387,scored
10652,2,38928504969,scored
10653,4,38933081711,scored
10654,14,38933387157,scored
10655,3,38935390012,scored
10656,13,38941435970,scored
10657,8,38941600943,scored
10658,0,38944524095,scored
10659,9,38944610764,scored
10660,1,38948329766,scored
10661,11,38952572213,scored
10662,7,38955583803,scored
10663,12,38956784484,scored
10664,6,38962541772,scored
10665,15,38973302103,scored
10666,2,38974160619,scored
10667,3,38976464657,scored
10668,5,38980870972,scored
10669,0,38987884662,scored
10670,14,38991120382,scored
10671,12,39001719970,scored
10672,13,39001934355,scored
10673,9,39004855879,scored
10674,7,39006394456,scored
10675,11,39006851633,scored
10676,10,39009009544,scored
10677,8,39011976953,scored
10678,6,39017689548,scored
10679,4,39018612888,scored
10680,2,39018716917,scored
10681,3,39019574513,scored
10682,5,39024562806,scored
10683,15,39025731741,scored
10684,0,39032258228,scored
10685,1,39036890510,scored
10686,14,39040316651,scored
10687,13,39042269886,scored
10688,12,39047798410,scored
10689,11,39048086994,scored
10690,7,39048595649,scored
10691,10,39052254138,scored
10692,9,39063523721,scored
10693,2,39064361173,scored
10694,6,39067132789,scored
10695,15,39069212478,scored
10696,4,39070586809,scored
10697,8,39071247783,scored
10698,5,39072022919,scored
10699,0,39073342497,scored
10700,3,39075643379,scored
10701,1,39086881506,scored
10702,13,39087583988,scored
10703,12,39088379612,scored
10704,10,39093732350,scored
10705,7,39094136309,scored
10706,11,39095338052,scored
10707,9,39108258348,scored
10708,15,39118158378,scored
10709,14,39125384232,scored
10710,6,39129459928,scored
10711,8,39129542391,scored
10712,4,39129755924,scored
10713,13,39129870839,scored
10714,0,39131448156,scored
10715,12,39132189666,scored
10716,1,39133437592,scored
10717,5,39134383434,scored
10718,7,39136559760,scored
10719,11,39139693911,scored
10720,2,39141174677,scored
10721,3,39143094911,scored
10722,10,39143605382,scored
10723,9,39149369845,scored
10724,15,39159300702,scored
10725,14,39166052422,scored
10726,0,39172794549,scored
10727,1,39175090188,scored
10728,5,39176201152,scored
10729,4,39177016913,scored
10730,6,39178991214,scored
10731,8,39184258579,scored
10732,12,39187337435,scored
10733,13,39188551126,scored
10734,2,39193067134,scored
10735,9,39196441422,scored
10736,15,39199407386,scored
10737,7,39199801482,scored
10738,3,39202022701,scored
10739,11,39203758055,scored
10740,14,39206608951,scored
10741,10,39208608879,scored
10742,5,39218216527,scored
10743,4,39218379890,scored
10744,1,39218497171,scored
10745,6,39220801367,scored
10746,0,39221305981,scored
10747,8,39226084991,scored
10748,12,39228592433,scored
10749,13,39232254245,scored
10750,2,39235549130,scored
10751,9,39236734529,scored
10752,15,39242574743,scored
10753,11,39248004611,scored
10754,3,39248988916,scored
10755,14,39253086147,scored
10756,10,39255726563,scored
10757,7,39257578656,scored
10758,4,39259176917,scored
10759,5,39259197685,scored
10760,6,39261897635,scored
10761,1,39265537429,scored
10762,0,39265666072,scored
10763,12,39272306695,scored
10764,13,39272582176,scored
10765,8,39275866488,scored
10766,9,39276772793,scored
10767,2,39276908555,scored
10768,15,39284616044,scored
10769,11,39290218706,scored
10770,3,39291002146,scored
10771,14,39293901849,scored
10772,10,39297968838,scored
10773,4,39300341875,scored
10774,7,39301362625,scored
10775,1,39305776081,scored
10776,0,39306857015,scored
10777,6,39311017533,scored
10778,12,39312730324,scored
10779,13,39314506608,scored
10780,5,39315035329,scored
10781,9,39326420196,scored
10782,8,39326891717,scored
10783,2,39327651944,scored
10784,14,39337925280,scored
10785,10,39346639981,scored
10786,3,39347254180,scored
10787,4,39348124366,scored
10788,0,39349251949,scored
10789,11,39351335451,scored
10790,15,39356233191,scored
10791,1,39359977744,scored
10792,6,39361544881,scored
10793,13,39366741934,scored
10794,9,39368690604,scored
10795,5,39369694200,scored
10796,7,39380149322,scored
10797,8,39380639182,scored
10798,14,39380676425,scored
10799,10,39387746550,scored
10800,4,39390660086,scored
10801,12,39390956166,scored
10802,0,39398486132,scored
10803,15,39399302613,scored
10804,11,39399544148,scored
10805,6,39409213555,scored
10806,13,39411691887,scored
10807,1,39411858392,scored
10808,2,39412185068,scored
10809,3,39413052912,scored
10810,9,39414208658,scored
10811,5,39415326336,scored
10812,8,39422697811,scored
10813,7,39424527727,scored
10814,14,39427108028,scored
10815,10,39427753448,scored
10816,12,39433661428,scored
10817,4,39436289812,scored
10818,0,39438964723,scored
10819,15,39439933086,scored
10820,11,39446282016,scored
10821,6,39453614948,scored
10822,13,39456238840,scored
10823,9,39456693566,scored
10824,1,39464117976,scored
10825,3,39466253920,scored
10826,8,39469139291,scored
10827,2,39469241877,scored
10828,10,39470950609,scored
10829,7,39471979532,scored
10830,15,39481020135,scored
10831,0,39481849206,scored
10832,14,39487533617,scored
10833,12,39488145742,scored
10834,6,39497411702,scored
10835,4,39498307021,scored
10836,13,39502732243,scored
10837,11,39504567042,scored
10838,3,39507826068,scored
10839,5,39510382887,scored
10840,1,39511651027,scored
10841,2,39520392589,scored
10842,15,39521874290,scored
10843,0,39522455530,scored
10844,9,39524732326,scored
10845,7,39527068591,scored
10846,8,39527273147,scored
10847,10,39527526412,scored
10848,14,39528333704,scored
10849,12,39529309941,scored
10850,6,39537998141,scored
10851,4,39539169068,scored
10852,13,39544357607,scored
10853,11,39547887129,scored
10854,3,39548120831,scored
10855,1,39552338577,scored
10856,5,39555530199,scored
10857,2,39560538921,scored
10858,15,39562705677,scored
10859,0,39563967363,scored
10860,9,39565987591,scored
10861,10,39569056892,scored
10862,14,39569129815,scored
10863,8,39569359787,scored
10864,12,39573403942,scored
10865,7,39573665630,scored
10866,6,39578604945,scored
10867,4,39579668238,scored
10868,1,39594422548,scored
10869,11,39595937182,scored
10870,5,39596550109,scored
10871,13,39597091319,scored
10872,3,39599160240,scored
10873,2,39600713797,scored
10874,9,39606118956,scored
10875,0,39606522664,scored
10876,15,39611349514,scored
10877,12,39615855764,scored
10878,10,39624323737,scored
10879,14,39625462181,scored
10880,7,39630015858,scored
10881,4,39631765470,scored
10882,11,39638882822,scored
10883,5,39641540247,scored
10884,1,39641648613,scored
10885,13,39643722735,scored
10886,8,39643825245,scored
10887,3,39644371443,scored
10888,2,39644904731,scored
10889,9,39660176543,scored
10890,15,39661862437,scored
10891,12,39661881155,scored
10892,6,39663412022,scored
10893,0,39663585163,scored
10894,10,39666356907,scored
10895,14,39668232767,scored
10896,7,39670460977,scored
10897,4,39675939624,scored
10898,11,39679185837,scored
10899,5,39682802631,scored
10900,1,39689410187,scored
10901,13,39691036168,scored
10902,2,39691891273,scored
10903,8,39695579798,scored
10904,3,39695672606,scored
10905,12,39703904045,scored
10906,0,39704478814,scored
10907,15,39707126728,scored
10908,6,39707158716,scored
10909,9,39707900183,scored
10910,10,39708037532,scored
10911,14,39708747436,scored
10912,7,39712180075,scored
10913,4,39716490127,scored
10914,5,39726651181,scored
10915,11,39728814486,scored
10916,2,39745954619,scored
10917,15,39761844385,scored
10918,4,39762281058,scored
10919,10,39762961901,scored
10920,6,39764076554,scored
10921,3,39764463004,scored
10922,12,39764979356,scored
10923,9,39766516380,scored
10924,7,39768104531,scored
10925,0,39768724819,scored
10926,11,39770020190,scored
10927,13,39774226245,scored
10928,8,39776709151,scored
10929,5,39777036656,scored
10930,2,39786143412,scored
10931,1,39798552389,scored
10932,6,39804253360,scored
10933,4,39804586742,scored
10934,3,39805030768,scored
10935,10,39807015682,scored
10936,0,39810900117,scored
10937,15,39811628386,scored
10938,7,39814819058,scored
10939,8,39818247554,scored
10940,9,39819504382,scored
10941,14,39826667609,scored
10942,13,39828857321,scored
10943,2,39829279304,scored
10944,11,39831047687,scored
10945,12,39832880403,scored
10946,5,39835348784,scored
10947,1,39843552757,scored
10948,4,39846938790,scored
10949,3,39848695857,scored
10950,15,39852735163,scored
10951,10,39857605100,scored
10952,7,39859589621,scored
10953,8,39860105958,scored
10954,6,39862279143,scored
10955,0,39863295724,scored
10956,9,39870359202,scored
10957,14,39871166111,scored
10958,13,39877661886,scored
10959,12,39877854414,scored
10960,11,39888068218,scored
10961,5,39888417533,scored
10962,2,39890240586,scored
10963,4,39893400538,scored
10964,1,39894125052,scored
10965,15,39895976683,scored
10966,3,39898462718,scored
10967,10,39899968015,scored
10968,7,39901289097,scored
10969,0,39903613436,scored
10970,6,39908092610,scored
10971,8,39909866195,scored
10972,9,39911268079,scored
10973,14,39913816555,scored
10974,13,39917875839,scored
10975,12,39918361711,scored
10976,5,39930338491,scored
10977,11,39933371566,scored
10978,4,39934138518,scored
10979,15,39936242521,scored
10980,3,39941375327,scored
10981,7,39945477628,scored
10982,14,39957656986,scored
10983,10,39958540166,scored
10984,6,39959738039,scored
10985,13,39962826299,scored
10986,2,39966071505,scored
10987,12,39970338022,scored
10988,9,39971288558,scored
10989,1,39972105081,scored
10990,0,39972292621,scored
10991,8,39972755205,scored
10992,4,39981047470,scored
10993,5,39985264198,scored
10994,15,39988766759,scored
10995,11,39992580136,scored
10996,7,39996561291,scored
10997,14,40000561052,scored
10998,10,40002778724,scored
10999,6,40003619936,scored
11000,3,40004054283,scored
11001,13,40006232062,scored
11002,2,40006275796,scored
11003,12,40010942030,scored
11004,9,40014719456,scored
11005,1,40020043384,scored
11006,0,40023161359,scored
11007,8,40024627651,scored
11008,5,40032140905,scored
11009,11,40037229818,scored
11010,4,40039910413,scored
11011,7,40039995102,scored
11012,15,40040200062,scored
11013,6,40048846788,scored
11014,3,40050122381,scored
11015,2,40051579575,scored
11016,10,40062381323,scored
11017,14,40064374441,scored
11018,12,40065303851,scored
11019,1,40065738586,scored
11020,8,40067141856,scored
11021,9,40073559530,scored
11022,13,40074194388,scored
11023,0,40076481154,scored
11024,15,40085988607,scored
11025,4,40094471659,scored
11026,7,40108489192,scored
11027,2,40110714289,scored
11028,14,40113773578,scored
11029,13,40115996283,scored
11030,11,40123217515,scored
11031,9,40129815847,scored
11032,3,40131778254,scored
11033,10,40132575293,scored
11034,1,40132670938,scored
11035,0,40132817889,scored
11036,15,40133648951,scored
11037,6,40133827628,scored
11038,12,40135716122,scored
11039,5,40138055072,scored
11040,8,40140346485,scored
11041,4,40141833817,scored
11042,7,40149834305,scored
11043,2,40151312169,scored
11044,13,40156531947,scored
11045,14,40159806269,scored
11046,11,40164282033,scored
11047,9,40170177244,scored
11048,3,40172221293,scored
11049,12,40177041766,scored
11050,15,40179356358,scored
11051,1,40180197774,scored
11052,10,40183072256,scored
11053,8,40183232131,scored
11054,5,40183346664,scored
11055,4,40185650558,scored
11056,0,40187854849,scored
11057,6,40188941882,scored
11058,7,40190893966,scored
11059,2,40194648201,scored
11060,14,40199883959,scored
11061,11,40205114470,scored
11062,13,40205164128,scored
11063,9,40213377422,scored
11064,3,40216703535,scored
11065,12,40217281095,scored
11066,1,40228574254,scored
11067,6,40230020914,scored
11068,15,40231712923,scored
11069,2,40234918222,scored
11070,8,40241405285,scored
11071,4,40242947370,scored
11072,7,40253479914,scored
11073,11,40255688565,scored
11074,9,40256959029,scored
11075,0,40257779925,scored
11076,5,40265382075,scored
11077,10,40267531691,scored
11078,14,40268456544,scored
11079,3,40269291289,scored
11080,15,40273722051,scored
11081,6,40274195104,scored
11082,13,40280354188,scored
11083,8,40282587894,scored
11084,4,40283578880,scored
11085,2,40284095297,scored
11086,12,40288380930,scored
11087,1,40288480647,scored
11088,7,40295160516,scored
11089,9,40297533597,scored
11090,0,40298250099,scored
11091,11,40302492372,scored
11092,5,40310735050,scored
11093,3,40311423744,scored
11094,10,40311891598,scored
11095,14,40312155788,scored
11096,15,40314094627,scored
11097,6,40317751231,scored
11098,13,40320583351,scored
11099,8,40324145197,scored
11100,4,40325602179,scored
11101,2,40326905549,scored
11102,1,40330041369,scored
11103,12,40334035397,scored
11104,9,40337548426,scored
11105,11,40344884289,scored
11106,0,40345957428,scored
11107,7,40347549931,scored
11108,5,40351439784,scored
11109,10,40353557812,scored
11110,15,40354594760,scored
11111,6,40361793287,scored
11112,3,40364166635,scored
11113,14,40364825222,scored
11114,13,40366333175,scored
11115,8,40367091532,scored
11116,2,40367625230,scored
11117,1,40376049708,scored
11118,12,40378845739,scored
11119,4,40380497228,scored
11120,11,40387232594,scored
11121,9,40392505039,scored
11122,10,40394013200,scored
11123,7,40400419601,scored
11124,0,40402921919,scored
11125,6,40403522305,scored
11126,15,40406110665,scored
11127,5,40407386002,scored
11128,8,40409892774,scored
11129,14,40410143659,scored
11130,2,40411429897,scored
11131,3,40414209876,scored
11132,13,40416860093,scored
11133,1,40418666332,scored
11134,12,40419693281,scored
11135,4,40425153578,scored
11136,10,40437329138,scored
11137,9,40445764070,scored
11138,11,40447530977,scored
11139,0,40449631423,scored
11140,6,40450141881,scored
11141,14,40451079136,scored
11142,7,40455813154,scored
11143,8,40457069246,scored
11144,15,40457243153,scored
11145,2,40458552669,scored
11146,13,40460920867,scored
11147,4,40469127429,scored
11148,12,40469543930,scored
11149,1,40473128952,scored
11150,3,40474785816,scored
11151,5,40476356386,scored
11152,10,40477331919,scored
11153,11,40493834840,scored
11154,14,40497550993,scored
11155,8,40497621660,scored
11156,7,40498115928,scored
11157,2,40498646244,scored
11158,13,40502982217,scored
11159,6,40503718551,scored
11160,15,40503819819,scored
11161,9,40504672978,scored
11162,0,40506083072,scored
11163,4,40509928924,scored
11164,12,40510430188,scored
11165,1,40514276788,scored
11166,3,40515502733,scored
11167,5,40521232373,scored
11168,10,40529520114,scored
11169,8,40539644786,scored
11170,14,40545546917,scored
11171,15,40545929281,scored
11172,2,40547486138,scored
11173,9,40548669431,scored
11174,13,40551215807,scored
11175,7,40555041784,scored
11176,12,40555468117,scored
11177,6,40557600705,scored
11178,4,40559061267,scored
11179,3,40563580606,scored
11180,10,40571037160,scored
11181,11,40571423508,scored
11182,0,40575167820,scored
11183,5,40576158476,scored
11184,1,40576260319,scored
11185,8,40582323292,scored
11186,14,40588353654,scored
11187,2,40589028568,scored
11188,9,40590167809,scored
11189,13,40598802678,scored
11190,12,40599717888,scored
11191,4,40601405708,scored
11192,7,40603377971,scored
11193,3,40604168968,scored
11194,6,40605561714,scored
11195,15,40610062188,scored
11196,10,40613919835,scored
11197,11,40614822144,scored
11198,5,40618162096,scored
11199,1,40621808292,scored
11200,8,40623710548,scored
11201,0,40624098402,scored
11202,2,40630041736,scored
11203,9,40635187477,scored
11204,14,40636938415,scored
11205,12,40647308388,scored
11206,4,40647569526,scored
11207,7,40651519670,scored
11208,15,40655300396,scored
11209,11,40659985538,scored
11210,6,40660109476,scored
11211,13,40667580767,scored
11212,10,40668405571,scored
11213,2,40670153426,scored
11214,1,40670698684,scored
11215,5,40670896049,scored
11216,8,40678594375,scored
11217,0,40681233018,scored
11218,3,40683295793,scored
11219,14,40684187945,scored
11220,9,40684940067,scored
11221,12,40687793689,scored
11222,4,40689733471,scored
11223,7,40694957665,scored
11224,15,40695550575,scored
11225,6,40700757051,scored
11226,11,40705353342,scored
11227,13,40708745821,scored
11228,10,40709671239,scored
11229,5,40715137959,scored
11230,1,40715235922,scored
11231,2,40715503988,scored
11232,0,40723100996,scored
11233,8,40724330573,scored
11234,9,40725256014,scored
11235,14,40729850275,scored
11236,4,40731976376,scored
11237,3,40734015359,scored
11238,12,40739922972,scored
11239,15,40741993953,scored
11240,7,40742216441,scored
11241,6,40742976669,scored
11242,11,40745472057,scored
11243,13,40752784914,scored
11244,10,40753607348,scored
11245,2,40756684382,scored
11246,1,40757417503,scored
11247,5,40758796917,scored
11248,8,40771547614,scored
11249,9,40771747525,scored
11250,0,40773034036,scored
11251,14,40774341180,scored
11252,15,40786107736,scored
11253,4,40787707339,scored
11254,11,40789333600,scored
11255,12,40789392892,scored
11256,13,40798794160,scored
11257,6,40799476708,scored
11258,2,40800096786,scored
11259,7,40804246163,scored
11260,3,40804378336,scored
11261,1,40804506037,scored
11262,5,40805501669,scored
11263,10,40806772343,scored
11264,14,40814505569,scored
11265,9,40819231109,scored
11266,0,40823791302,scored
11267,4,40828817239,scored
11268,15,40829579295,scored
11269,12,40831392841,scored
11270,11,40833412982,scored
11271,8,40833901159,scored
11272,6,40840876445,scored
11273,2,40841968878,scored
11274,13,40842939909,scored
11275,3,40849834055,scored
11276,5,40850083540,scored
11277,1,40850152963,scored
11278,7,40851376944,scored
11279,10,40852727223,scored
11280,14,40857486515,scored
11281,9,40860915333,scored
11282,0,40866969318,scored
11283,4,40868900207,scored
11284,11,40873434949,scored
11285,12,40876519170,scored
11286,6,40881413867,scored
11287,15,40881762994,scored
11288,8,40881947915,scored
11289,13,40883348481,scored
11290,2,40885503082,scored
11291,5,40893205564,scored
11292,10,40894056885,scored
11293,1,40895423281,scored
11294,3,40898717493,scored
11295,7,40899590226,scored
11296,14,40899634410,scored
11297,9,40906429205,scored
11298,4,40909587620,scored
11299,0,40912891129,scored
11300,11,40914323791,scored
11301,12,40917121254,scored
11302,6,40923965485,scored
11303,8,40924845485,scored
11304,13,40925397342,scored
11305,15,40925467304,scored
11306,2,40927670603,scored
11307,10,40934551781,scored
11308,5,40934947276,scored
11309,1,40937781408,scored
11310,14,40940210280,scored
11311,7,40940844053,scored
11312,9,40946755248,scored
11313,3,40947772626,scored
11314,4,40950380212,scored
11315,0,40953482046,scored
11316,11,40954654638,scored
11317,12,40960991586,scored
11318,13,40966899127,scored
11319,6,40967013400,scored
11320,15,40972240248,scored
11321,2,40973856561,scored
11322,8,40976075095,scored
11323,10,40979849906,scored
11324,1,40980826786,scored
11325,7,40986743374,scored
11326,5,40988705639,scored
11327,3,40993844190,scored
11328,0,40998826402,scored
11329,14,40999616489,scored
11330,12,41005715757,scored
11331,6,41007945447,scored
11332,9,41008629232,scored
11333,11,41010086211,scored
11334,13,41013649041,scored
11335,8,41016864925,scored
11336,15,41017907782,scored
11337,4,41018910787,scored
11338,10,41021055853,scored
11339,1,41027343217,scored
11340,5,41031682221,scored
11341,2,41034899199,scored
11342,3,41037892562,scored
11343,7,41038549980,scored
11344,0,41040904215,scored
11345,14,41042948497,scored
11346,6,41049828832,scored
11347,11,41050760982,scored
11348,9,41051962667,scored
11349,13,41053717972,scored
11350,12,41055481371,scored
11351,8,41059625834,scored
11352,4,41062188902,scored
11353,10,41066034753,scored
11354,1,41067684019,scored
11355,15,41072977377,scored
11356,5,41077983823,scored
11357,3,41081974719,scored
11358,7,41082200509,scored
11359,0,41085930186,scored
11360,6,41093475943,scored
11361,14,41098052588,scored
11362,4,41103193339,scored
11363,8,41107618037,scored
11364,2,41112634793,scored
11365,13,41115185297,scored
11366,12,41120804536,scored
11367,11,41120809630,scored
11368,5,41121062351,scored
11369,9,41122457474,scored
11370,15,41123285653,scored
11371,10,41124112168,scored
11372,1,41125724512,scored
11373,0,41126215096,scored
11374,3,41129297512,scored
11375,7,41129677114,scored
11376,6,41138268465,scored
11377,14,41140738568,scored
11378,4,41145009736,scored
11379,8,41148382328,scored
11380,13,41155187183,scored
11381,2,41155503503,scored
11382,11,41161045871,scored
11383,15,41163450361,scored
11384,0,41173286329,scored
11385,7,41173664441,scored
11386,3,41176303414,scored
11387,1,41176488191,scored
11388,12,41177468676,scored
11389,5,41178808426,scored
11390,9,41181000468,scored
11391,4,41186005563,scored
11392,8,41189066820,scored
11393,14,41189363377,scored
11394,10,41190701419,scored
11395,6,41191644212,scored
11396,13,41200798441,scored
11397,2,41204167947,scored
11398,11,41211341824,scored
11399,0,41214590988,scored
11400,15,41215568753,scored
11401,1,41217821123,scored
11402,12,41217973118,scored
11403,5,41224252226,scored
11404,7,41225895062,scored
11405,4,41227034166,scored
11406,10,41232334336,scored
11407,6,41234893219,scored
11408,3,41235847068,scored
11409,8,41236298614,scored
11410,9,41240849628,scored
11411,14,41242572348,scored
11412,2,41244897905,scored
11413,13,41246568315,scored
11414,11,41253222428,scored
11415,0,41254850462,scored
11416,15,41256539965,scored
11417,12,41261270689,scored
11418,1,41262954803,scored
11419,5,41264879220,scored
11420,7,41266048368,scored
11421,4,41268464904,scored
11422,10,41273127205,scored
11423,6,41275220375,scored
11424,3,41279920204,scored
11425,9,41283830633,scored
11426,2,41290608183,scored
11427,15,41296646542,scored
11428,8,41297610741,scored
11429,6,41316628244,scored
11430,12,41318206812,scored
11431,0,41318882865,scored
11432,7,41322581905,scored
11433,10,41322772183,scored
11434,14,41331700527,scored
11435,4,41336795748,scored
11436,13,41355933726,scored
11437,9,41356697468,scored
11438,0,41361572411,scored
11439,5,41364492235,scored
11440,12,41371427379,scored
11441,3,41371670048,scored
11442,11,41375444862,scored
11443,7,41376142572,scored
11444,10,41379534140,scored
11445,8,41381031548,scored
11446,1,41382084532,scored
11447,15,41387404865,scored
11448,4,41390482625,scored
11449,6,41391645118,scored
11450,14,41394454962,scored
11451,2,41399921466,scored
11452,13,41402406499,scored
11453,9,41403066223,scored
11454,5,41405159636,scored
11455,0,41406742807,scored
11456,3,41415204855,scored
11457,11,41416427092,scored
11458,7,41418226132,scored
11459,12,41420001041,scored
11460,1,41425930394,scored
11461,15,41436632314,scored
11462,4,41437165072,scored
11463,6,41439410915,scored
11464,2,41441724339,scored
11465,14,41442211927,scored
11466,10,41447918559,scored
11467,0,41450441058,scored
11468,13,41454675774,scored
11469,8,41456100022,scored
11470,3,41456357367,scored
11471,9,41457393155,scored
11472,11,41460455720,scored
11473,1,41468040516,scored
11474,7,41468240205,scored
11475,5,41473132785,scored
11476,12,41473910433,scored
11477,15,41477009155,scored
11478,6,41481162586,scored
11479,4,41481435813,scored
11480,2,41484813863,scored
11481,14,41489612927,scored
11482,10,41491226946,scored
11483,0,41492232893,scored
11484,3,41496751152,scored
11485,13,41498337668,scored
11486,8,41506701133,scored
11487,9,41506771628,scored
11488,11,41507480059,scored
11489,1,41508710875,scored
11490,7,41511196742,scored
11491,5,41530704770,scored
11492,12,41531461248,scored
11493,4,41532778466,scored
11494,14,41533075614,scored
11495,2,41534843800,scored
11496,13,41539234784,scored
11497,3,41539719622,scored
11498,15,41540277507,scored
11499,6,41543331212,scored
11500,9,41547705138,scored
11501,1,41550091379,scored
11502,7,41551574361,scored
11503,11,41553034795,scored
11504,8,41557228396,scored
11505,10,41562198977,scored
11506,0,41568073385,scored
11507,5,41572676676,scored
11508,12,41572823849,scored
11509,14,41574450677,scored
11510,2,41575826606,scored
11511,4,41576599814,scored
11512,15,41583294070,scored
11513,3,41583727681,scored
11514,6,41585730293,scored
11515,13,41586061304,scored
11516,7,41595416655,scored
11517,1,41595486280,scored
11518,11,41595494498,scored
11519,9,41595916518,scored
11520,8,41597946424,scored
11521,10,41604794064,scored
11522,0,41615444114,scored
11523,12,41617167666,scored
11524,4,41618167240,scored
11525,5,41620911285,scored
11526,3,41625864504,scored
11527,15,41630308253,scored
11528,14,41633109926,scored
11529,13,41636175804,scored
11530,9,41640041021,scored
11531,8,41641043416,scored
11532,11,41641172944,scored
11533,2,41644593203,scored
11534,6,41646507787,scored
11535,1,41648124143,scored
11536,7,41650691587,scored
11537,10,41653593372,scored
11538,0,41655862670,scored
11539,12,41660100198,scored
11540,4,41665987182,scored
11541,3,41667087892,scored
11542,5,41672455712,scored
11543,9,41680578230,scored
11544,11,41683189008,scored
11545,2,41685126653,scored
11546,14,41685281148,scored
11547,15,41686342789,scored
11548,8,41688089420,scored
11549,6,41688310435,scored
11550,13,41689266050,scored
11551,1,41691439917,scored
11552,7,41693613632,scored
11553,0,41696713613,scored
11554,10,41697026093,scored
11555,3,41710215964,scored
11556,4,41713516557,scored
11557,5,41715052104,scored
11558,12,41715170981,scored
11559,9,41721174793,scored
11560,7,41736537632,scored
11561,15,41738073365,scored
11562,10,41739315465,scored
11563,6,41740354567,scored
11564,13,41740951388,scored
11565,14,41744023755,scored
11566,0,41744173165,scored
11567,11,41745848183,scored
11568,1,41747951450,scored
11569,8,41750671794,scored
11570,2,41750975404,scored
11571,3,41751296750,scored
11572,12,41764016985,scored
11573,9,41766149456,scored
11574,4,41767136780,scored
11575,5,41771761509,scored
11576,7,41777081834,scored
11577,15,41780235346,scored
11578,6,41780774270,scored
11579,13,41782383992,scored
11580,10,41783157635,scored
11581,11,41786099561,scored
11582,0,41796776763,scored
11583,3,41797608262,scored
11584,1,41798638459,scored
11585,8,41802725195,scored
11586,14,41803836582,scored
11587,12,41804252786,scored
11588,2,41804642373,scored
11589,9,41807578387,scored
11590,4,41810705319,scored
11591,5,41816439950,scored
11592,7,41818246800,scored
11593,15,41821856257,scored
11594,10,41831584645,scored
11595,6,41831907707,scored
11596,13,41831984762,scored
11597,11,41833975808,scored
11598,0,41837543239,scored
11599,1,41840098213,scored
11600,8,41843075473,scored
11601,3,41843483608,scored
11602,2,41845304529,scored
11603,14,41845432811,scored
11604,12,41846969363,scored
11605,9,41848483198,scored
11606,4,41850951561,scored
11607,5,41856898968,scored
11608,7,41860213401,scored
11609,15,41867418764,scored
11610,13,41872592848,scored
11611,10,41873071933,scored
11612,6,41873087292,scored
11613,11,41874370133,scored
11614,8,41886123054,scored
11615,14,41889752259,scored
11616,2,41889944212,scored
11617,3,41897044136,scored
11618,1,41899890246,scored
11619,7,41904529375,scored
11620,12,41905847199,scored
11621,5,41906270454,scored
11622,9,41907819258,scored
11623,15,41907990282,scored
11624,4,41912603482,scored
11625,6,41914176233,scored
11626,0,41914600655,scored
11627,8,41926287679,scored
11628,11,41927569730,scored
11629,13,41927904617,scored
11630,10,41928492821,scored
11631,14,41931423855,scored
11632,2,41933304962,scored
11633,3,41938035427,scored
11634,1,41939911032,scored
11635,12,41946836593,scored
11636,7,41947380323,scored
11637,5,41947456751,scored
11638,9,41950021985,scored
11639,4,41952907861,scored
11640,6,41955352716,scored
11641,15,41959522773,scored
11642,0,41960950388,scored
11643,8,41966963805,scored
11644,13,41969308343,scored
11645,10,41969789601,scored
11646,11,41971124550,scored
11647,14,41972403310,scored
11648,2,41974981693,scored
11649,3,41979783795,scored
11650,1,41986534737,scored
11651,5,41987949988,scored
11652,12,41987956498,scored
11653,9,41990801677,scored
11654,7,41990971966,scored
11655,0,42004873811,scored
11656,8,42009504108,scored
11657,11,42013981205,scored
11658,13,42019802080,scored
11659,15,42022974382,scored
11660,6,42027007445,scored
11661,4,42027246597,scored
11662,10,42032065595,scored
11663,5,42032609296,scored
11664,9,42037416977,scored
11665,7,42040749278,scored
11666,12,42043677878,scored
11667,0,42048150863,scored
11668,14,42049371541,scored
11669,11,42057406911,scored
11670,1,42058380785,scored
11671,8,42060915805,scored
11672,13,42061129210,scored
11673,15,42064824365,scored
11674,4,42069555521,scored
11675,6,42073772644,scored
11676,3,42073957374,scored
11677,10,42078544390,scored
11678,9,42078853610,scored
11679,5,42079326147,scored
11680,2,42080555286,scored
11681,7,42086578155,scored
11682,12,42087199026,scored
11683,0,42090157690,scored
11684,14,42094966120,scored
11685,11,42098260413,scored
11686,1,42098448538,scored
11687,8,42103602979,scored
11688,13,42111566109,scored
11689,4,42112778613,scored
11690,15,42113173416,scored
11691,6,42118138922,scored
11692,9,42121213277,scored
11693,3,42123693310,scored
11694,10,42124710128,scored
11695,5,42128767728,scored
11696,7,42139453431,scored
11697,8,42143945656,scored
11698,0,42147556229,scored
11699,1,42147772117,scored
11700,2,42148133806,scored
11701,14,42148252839,scored
11702,12,42149937009,scored
11703,13,42153031258,scored
11704,11,42153094460,scored
11705,15,42154967049,scored
11706,4,42155908073,scored
11707,6,42158296865,scored
11708,9,42170189539,scored
11709,5,42171207548,scored
11710,10,42175860944,scored
11711,3,42176443774,scored
11712,7,42180089358,scored
11713,0,42189240050,scored
11714,8,42191133557,scored
11715,14,42195467303,scored
11716,15,42196277551,scored
11717,13,42196555678,scored
11718,11,42201984600,scored
11719,12,42206072979,scored
11720,6,42207668607,scored
11721,7,42228496370,scored
11722,2,42229360886,scored
11723,3,42232183024,scored
11724,4,42234885021,scored
11725,10,42241739696,scored
11726,0,42242758777,scored
11727,5,42246628001,scored
11728,12,42251495434,scored
11729,15,42254681080,scored
11730,6,42258290808,scored
11731,9,42260760886,scored
11732,13,42260763001,scored
11733,8,42261733331,scored
11734,11,42266046198,scored
11735,14,42266906474,scored
11736,1,42271960690,scored
11737,4,42274957712,scored
11738,7,42278425576,scored
11739,3,42280766538,scored
11740,2,42281177628,scored
11741,0,42294372995,scored
11742,5,42294496781,scored
11743,12,42295528972,scored
11744,15,42296490360,scored
11745,10,42296717330,scored
11746,6,42299660078,scored
11747,8,42302374176,scored
11748,9,42304943959,scored
11749,13,42305712399,scored
11750,11,42313385849,scored
11751,14,42314130288,scored
11752,4,42315228901,scored
11753,1,42317105035,scored
11754,7,42320269168,scored
11755,2,42322139774,scored
11756,3,42324092102,scored
11757,12,42337210767,scored
11758,10,42338203423,scored
11759,0,42339874960,scored
11760,5,42340009999,scored
11761,15,42341320451,scored
11762,8,42344355246,scored
11763,13,42347366972,scored
11764,9,42348543598,scored
11765,6,42349056402,scored
11766,4,42357744598,scored
11767,11,42359579782,scored
11768,1,42360438174,scored
11769,14,42360690101,scored
11770,7,42360970012,scored
11771,2,42362649607,scored
11772,3,42367653684,scored
11773,15,42381514488,scored
11774,0,42384054554,scored
11775,9,42389644962,scored
11776,5,42390207812,scored
11777,13,42392542275,scored
11778,10,42393196383,scored
11779,6,42395798051,scored
11780,8,42404866627,scored
11781,1,42406306017,scored
11782,2,42408229229,scored
11783,14,42408237993,scored
11784,11,42410721763,scored
11785,3,42411430152,scored
11786,4,42415404553,scored
11787,7,42415935972,scored
11788,12,42416501996,scored
11789,15,42421786385,scored
11790,0,42425646680,scored
11791,13,42434015749,scored
11792,9,42434327937,scored
11793,10,42434531629,scored
11794,6,42438605647,scored
11795,5,42443227741,scored
11796,8,42444997738,scored
11797,1,42447812644,scored
11798,2,42448506507,scored
11799,11,42450908552,scored
11800,3,42452361952,scored
11801,14,42454085782,scored
11802,7,42456068526,scored
11803,4,42457448450,scored
11804,12,42465495402,scored
11805,0,42473192611,scored
11806,15,42473805906,scored
11807,13,42474168429,scored
11808,10,42477160925,scored
11809,9,42477986061,scored
11810,5,42484690013,scored
11811,1,42490253221,scored
11812,6,42490621531,scored
11813,8,42491260989,scored
11814,3,42492951770,scored
11815,7,42496472700,scored
11816,4,42502967153,scored
11817,14,42503906190,scored
11818,11,42506591932,scored
11819,2,42506794625,scored
11820,12,42508081821,scored
11821,0,42513521922,scored
11822,15,42513890814,scored
11823,13,42514242769,scored
11824,9,42521188474,scored
11825,10,42522388680,scored
11826,6,42536858964,scored
11827,1,42540730540,scored
11828,14,42544160873,scored
11829,5,42545181677,scored
11830,12,42549583955,scored
11831,11,42552849607,scored
11832,7,42556629680,scored
11833,3,42559544060,scored
11834,2,42560357056,scored
11835,15,42562210150,scored
11836,0,42570355714,scored
11837,9,42575192696,scored
11838,8,42576387659,scored
11839,13,42581219186,scored
11840,1,42582878076,scored
11841,14,42585755942,scored
11842,4,42587757883,scored
11843,10,42592731179,scored
11844,12,42593681364,scored
11845,11,42593940919,scored
11846,5,42597026134,scored
11847,6,42597894029,scored
11848,3,42599745439,scored
11849,7,42608036648,scored
11850,15,42608760124,scored
11851,0,42613537895,scored
11852,2,42618134440,scored
11853,8,42621200441,scored
11854,9,42622703564,scored
11855,1,42625761865,scored
11856,4,42628530766,scored
11857,13,42629824420,scored
11858,14,42633762608,scored
11859,11,42637303260,scored
11860,10,42639513776,scored
11861,6,42641863043,scored
11862,3,42644641821,scored
11863,5,42648069745,scored
11864,7,42653931074,scored
11865,0,42657265570,scored
11866,15,42661130919,scored
11867,2,42664281946,scored
11868,8,42664530935,scored
11869,1,42665770068,scored
11870,12,42668024815,scored
11871,9,42668529753,scored
11872,4,42668591997,scored
11873,14,42674163736,scored
11874,13,42675713168,scored
11875,11,42677597999,scored
11876,10,42681725585,scored
11877,6,42683513529,scored
11878,3,42685547640,scored
11879,5,42689390175,scored
11880,0,42698144932,scored
11881,7,42699767547,scored
11882,15,42701362621,scored
11883,2,42704772861,scored
11884,1,42708046877,scored
11885,8,42711218298,scored
11886,9,42711504126,scored
11887,12,42715101764,scored
11888,14,42715298114,scored
11889,13,42716041467,scored
11890,4,42717060715,scored
11891,11,42720024117,scored
11892,6,42726244371,scored
11893,10,42726895674,scored
11894,3,42736955221,scored
11895,5,42737354514,scored
11896,0,42740342641,scored
11897,7,42741179397,scored
11898,15,42741747486,scored
11899,2,42750229180,scored
11900,1,42750920339,scored
11901,9,42752758914,scored
11902,4,42757829078,scored
11903,12,42759143430,scored
11904,13,42764731564,scored
11905,11,42771031843,scored
11906,14,42771310393,scored
11907,8,42771984408,scored
11908,6,42779751142,scored
11909,0,42787987392,scored
11910,3,42793461606,scored
11911,9,42796710731,scored
11912,5,42797898264,scored
11913,2,42799226561,scored
11914,7,42799325194,scored
11915,15,42800915243,scored
11916,12,42801017066,scored
11917,1,42804298893,scored
11918,13,42808572391,scored
11919,10,42809005452,scored
11920,4,42809271271,scored
11921,8,42816812773,scored
11922,11,42816917598,scored
11923,6,42823337698,scored
11924,14,42826959451,scored
11925,0,42828228241,scored
11926,3,42835861725,scored
11927,5,42838175012,scored
11928,9,42839083492,scored
11929,7,42840014859,scored
11930,15,42841482492,scored
11931,2,42842130423,scored
11932,12,42842957933,scored
11933,1,42844785178,scored
11934,13,42848840798,scored
11935,10,42849502162,scored
11936,4,42850338769,scored
11937,8,42862221324,scored
11938,6,42865410756,scored
11939,11,42865861511,scored
11940,14,42867755998,scored
11941,0,42868367735,scored
11942,7,42880725573,scored
11943,3,42881438602,scored
11944,9,42881877447,scored
11945,5,42883293485,scored
11946,15,42883932788,scored
11947,12,42884498366,scored
11948,2,42886444681,scored
11949,1,42887483848,scored
11950,10,42891410921,scored
11951,4,42892968092,scored
11952,13,42895180803,scored
11953,8,42903280862,scored
11954,0,42910116508,scored
11955,6,42911658872,scored
11956,11,42911682069,scored
11957,14,42915681082,scored
11958,3,42921996652,scored
11959,9,42922304426,scored
11960,5,42926638501,scored
11961,15,42930200239,scored
11962,1,42930428151,scored
11963,2,42931566272,scored
11964,4,42933307640,scored
11965,7,42936837994,scored
11966,13,42938113265,scored
11967,10,42943227975,scored
11968,12,42947218619,scored
11969,8,42948399336,scored
11970,0,42950290148,scored
11971,6,42956513331,scored
11972,14,42957539398,scored
11973,11,42957655326,scored
11974,3,42962718884,scored
11975,9,42964141156,scored
11976,5,42967832559,scored
11977,1,42977886692,scored
11978,13,42983620146,scored
11979,7,42988375857,scored
11980,15,42990322574,scored
11981,10,42995294886,scored
11982,4,42997694666,scored
11983,8,42999798059,scored
11984,14,43001114217,scored
11985,6,43001695182,scored
11986,2,43002328482,scored
11987,9,43012563713,scored
11988,5,43013133739,scored
11989,12,43017275038,scored
11990,0,43017392404,scored
11991,3,43019657519,scored
11992,11,43023568511,scored
11993,13,43024724644,scored
11994,1,43027699061,scored
11995,7,43029571809,scored
11996,15,43033086576,scored
11997,6,43042401040,scored
11998,2,43042720122,scored
11999,4,43044154029,scored
12000,14,43045245777,scored
12001,8,43046934701,scored
12002,5,43054536442,scored
12003,9,43055694692,scored
12004,10,43057054913,scored
12005,12,43057313682,scored
12006,0,43058173996,scored
12007,3,43060285291,scored
12008,11,43064528085,scored
12009,13,43066710220,scored
12010,1,43069765012,scored
12011,7,43070773823,scored
12012,15,43076269045,scored
12013,6,43082468420,scored
12014,2,43082764065,scored
12015,4,43087853868,scored
12016,8,43091036734,scored
12017,14,43095502702,scored
12018,5,43095832683,scored
12019,9,43096723836,scored
12020,10,43097654218,scored
12021,12,43099033560,scored
12022,0,43099494398,scored
12023,3,43100997027,scored
12024,11,43105265128,scored
12025,13,43109041028,scored
12026,7,43110909434,scored
12027,1,43111318876,scored
12028,15,43116596036,scored
12029,6,43124055812,scored
12030,2,43127036017,scored
12031,4,43128660874,scored
12032,8,43132894235,scored
12033,9,43137096018,scored
12034,12,43139096735,scored
12035,5,43139746376,scored
12036,0,43140366509,scored
12037,10,43140763807,scored
12038,3,43142057401,scored
12039,14,43142110036,scored
12040,11,43146677774,scored
12041,13,43150661407,scored
12042,7,43154069332,scored
12043,1,43154156191,scored
12044,15,43160005113,scored
12045,6,43165014749,scored
12046,2,43167371125,scored
12047,10,43181584924,scored
12048,0,43184507884,scored
12049,4,43185393138,scored
12050,9,43190479031,scored
12051,12,43196581311,scored
12052,11,43198028810,scored
12053,15,43200266245,scored
12054,1,43205988560,scored
12055,5,43207109660,scored
12056,6,43210345124,scored
12057,14,43211246134,scored
12058,3,43212541880,scored
12059,8,43212694751,scored
12060,13,43214262075,scored
12061,4,43230787233,scored
12062,10,43230921498,scored
12063,7,43231837192,scored
12064,9,43237994136,scored
12065,0,43238183366,scored
12066,12,43238491580,scored
12067,15,43244195096,scored
12068,11,43254355260,scored
12069,8,43255733278,scored
12070,2,43257787495,scored
12071,14,43258783300,scored
12072,6,43260638990,scored
12073,5,43261958871,scored
12074,1,43267285100,scored
12075,3,43269706493,scored
12076,7,43272713284,scored
12077,10,43273543814,scored
12078,4,43274978041,scored
12079,13,43276809281,scored
12080,0,43278394925,scored
12081,12,43281447742,scored
12082,9,43281996618,scored
12083,15,43285574169,scored
12084,11,43295131942,scored
12085,6,43303535013,scored
12086,14,43304278898,scored
12087,3,43310715726,scored
12088,1,43313192835,scored
12089,10,43314044671,scored
12090,7,43314477247,scored
12091,5,43315109131,scored
12092,2,43315188694,scored
12093,8,43315416220,scored
12094,13,43318370600,scored
12095,4,43320114767,scored
12096,0,43323475027,scored
12097,12,43323915872,scored
12098,11,43335293851,scored
12099,15,43336267041,scored
12100,9,43336344860,scored
12101,6,43343748566,scored
12102,14,43346484822,scored
12103,3,43350760230,scored
12104,8,43355550484,scored
12105,7,43355879363,scored
12106,10,43356679980,scored
12107,2,43357310814,scored
12108,13,43358579673,scored
12109,5,43363196428,scored
12110,0,43364208252,scored
12111,12,43368780635,scored
12112,1,43369563683,scored
12113,4,43370035949,scored
12114,15,43376960432,scored
12115,9,43377696307,scored
12116,11,43377998762,scored
12117,6,43386684990,scored
12118,14,43390096382,scored
12119,3,43391563404,scored
12120,8,43396957874,scored
12121,10,43397134150,scored
12122,2,43398763888,scored
12123,7,43399285121,scored
12124,13,43401993135,scored
12125,0,43404411989,scored
12126,5,43404760426,scored
12127,4,43411891867,scored
12128,12,43414352018,scored
12129,11,43422611716,scored
12130,3,43431954426,scored
12131,9,43433637848,scored
12132,6,43433782336,scored
12133,15,43435649104,scored
12134,10,43444993986,scored
12135,7,43446061584,scored
12136,2,43447148594,scored
12137,8,43451978475,scored
12138,5,43452280224,scored
12139,12,43457902280,scored
12140,4,43458516203,scored
12141,0,43460222920,scored
12142,1,43461149629,scored
12143,14,43461167759,scored
12144,13,43461960353,scored
12145,11,43466118933,scored
12146,9,43476889587,scored
12147,15,43481618006,scored
12148,3,43481954099,scored
12149,6,43482514831,scored
12150,10,43493404640,scored
12151,7,43497089153,scored
12152,8,43506308175,scored
12153,0,43506498149,scored
12154,4,43515954689,scored
12155,2,43519566129,scored
12156,12,43521224734,scored
12157,9,43522317011,scored
12158,6,43522663548,scored
12159,15,43527107919,scored
12160,11,43534249385,scored
12161,1,43534502133,scored
12162,14,43534814344,scored
12163,3,43538127228,scored
12164,7,43538870541,scored
12165,10,43542607197,scored
12166,13,43542944251,scored
12167,5,43546151672,scored
12168,4,43556721081,scored
12169,2,43561118677,scored
12170,6,43572834202,scored
12171,0,43574773954,scored
12172,15,43578840621,scored
12173,9,43579450172,scored
12174,7,43579600180,scored
12175,14,43582398506,scored
12176,11,43582489415,scored
12177,3,43590942498,scored
12178,10,43594304128,scored
12179,13,43595845231,scored
12180,5,43597432522,scored
12181,12,43600804042,scored
12182,1,43609861900,scored
12183,8,43611738031,scored
12184,2,43619743943,scored
12185,14,43622516622,scored
12186,9,43626157862,scored
12187,15,43629750068,scored
12188,6,43630940861,scored
12189,11,43631750923,scored
12190,0,43634280254,scored
12191,7,43634387759,scored
12192,3,43636217844,scored
12193,4,43636889347,scored
12194,5,43639563549,scored
12195,13,43642666837,scored
12196,12,43645548188,scored
12197,10,43647791844,scored
12198,1,43651480195,scored
12199,8,43661599669,scored
12200,2,43662147319,scored
12201,14,43665886939,scored
12202,9,43666203442,scored
12203,4,43678973858,scored
12204,7,43682674130,scored
12205,5,43686679239,scored
12206,15,43686933706,scored
12207,3,43691670272,scored
12208,13,43691809589,scored
12209,0,43692687628,scored
12210,12,43693420836,scored
12211,6,43696363521,scored
12212,11,43696377657,scored
12213,1,43699312666,scored
12214,10,43700178165,scored
12215,8,43702795710,scored
12216,2,43703249029,scored
12217,9,43707953059,scored
12218,14,43715937225,scored
12219,4,43719306129,scored
12220,7,43724129404,scored
12221,3,43736153110,scored
12222,15,43736278151,scored
12223,6,43736454019,scored
12224,13,43739121148,scored
12225,0,43742231852,scored
12226,10,43742708905,scored
12227,11,43742795233,scored
12228,5,43743528442,scored
12229,2,43744441586,scored
12230,1,43746560661,scored
12231,8,43747303703,scored
12232,12,43752516736,scored
12233,9,43756735172,scored
12234,14,43758184294,scored
12235,4,43760183440,scored
12236,7,43764851828,scored
12237,3,43776253634,scored
12238,6,43779421074,scored
12239,15,43782995981,scored
12240,13,43784264560,scored
12241,2,43785500284,scored
12242,0,43788132408,scored
12243,1,43789127136,scored
12244,11,43789762251,scored
12245,10,43792222256,scored
12246,12,43794700020,scored
12247,8,43796344778,scored
12248,5,43799239461,scored
12249,4,43800442769,scored
12250,7,43812285784,scored
12251,14,43817216926,scored
12252,9,43817646315,scored
12253,3,43818731246,scored
12254,6,43822814488,scored
12255,15,43825082849,scored
12256,0,43829725022,scored
12257,13,43835463422,scored
12258,8,43836734349,scored
12259,12,43838478311,scored
12260,11,43840107341,scored
12261,5,43842806841,scored
12262,1,43844560146,scored
12263,4,43847358902,scored
12264,10,43860868777,scored
12265,9,43864039205,scored
12266,3,43864430740,scored
12267,2,43866231027,scored
12268,0,43869872972,scored
12269,6,43870806942,scored
12270,15,43873827914,scored
12271,7,43877430448,scored
12272,14,43878905213,scored
12273,8,43882642351,scored
12274,12,43882740659,scored
12275,13,43883042780,scored
12276,11,43884293481,scored
12277,1,43884892955,scored
12278,5,43887051979,scored
12279,4,43887536444,scored
12280,10,43902289979,scored
12281,9,43904047715,scored
12282,3,43907561535,scored
12283,2,43908830510,scored
12284,6,43912161871,scored
12285,0,43913965326,scored
12286,15,43916968325,scored
12287,7,43918208779,scored
12288,14,43920265369,scored
12289,11,43924555588,scored
12290,8,43926651901,scored
12291,1,43930505304,scored
12292,13,43931114338,scored
12293,12,43933995202,scored
12294,4,43934190639,scored
12295,5,43934895911,scored
12296,10,43945892642,scored
12297,9,43946385044,scored
12298,3,43948466701,scored
12299,2,43951394973,scored
12300,6,43953120225,scored
12301,0,43956462385,scored
12302,15,43957500655,scored
12303,7,43958500755,scored
12304,14,43962623963,scored
12305,11,43965883388,scored
12306,8,43967487377,scored
12307,1,43972894342,scored
12308,12,43974327615,scored
12309,5,43975585658,scored
12310,13,43980974219,scored
12311,4,43980974706,scored
12312,10,43987204576,scored
12313,9,43988006709,scored
12314,3,43990458796,scored
12315,2,43992299976,scored
12316,6,43995020918,scored
12317,7,44001486589,scored
12318,0,44001757358,scored
12319,15,44006430398,scored
12320,14,44008387983,scored
12321,1,44017162665,scored
12322,11,44017602906,scored
12323,12,44020753973,scored
12324,8,44021161569,scored
12325,4,44022200341,scored
12326,5,44022481708,scored
12327,13,44025065099,scored
12328,10,44027479185,scored
12329,9,44028818619,scored
12330,3,44031484879,scored
12331,2,44037236893,scored
12332,6,44040257737,scored
12333,7,44043792928,scored
12334,0,44044571071,scored
12335,15,44050091226,scored
12336,14,44057142530,scored
12337,11,44059734325,scored
12338,1,44063645509,scored
12339,12,44066219003,scored
12340,13,44068419545,scored
12341,10,44069339254,scored
12342,5,44070499979,scored
12343,9,44075928928,scored
12344,4,44078987778,scored
12345,8,44081305363,scored
12346,2,44081607966,scored
12347,7,44083982085,scored
12348,6,44085289161,scored
12349,0,44086266192,scored
12350,15,44094478775,scored
12351,3,44099380385,scored
12352,14,44102442331,scored
12353,11,44102710216,scored
12354,1,44104292375,scored
12355,13,44110356670,scored
12356,10,44121184205,scored
12357,4,44126205064,scored
12358,12,44133296577,scored
12359,15,44134634775,scored
12360,6,44141329325,scored
12361,9,44142911062,scored
12362,5,44145735464,scored
12363,0,44146151395,scored
12364,1,44153522581,scored
12365,13,44163097409,scored
12366,8,44163764426,scored
12367,3,44164870340,scored
12368,7,44166626947,scored
12369,4,44170160011,scored
12370,10,44176052374,scored
12371,12,44178028463,scored
12372,11,44181042707,scored
12373,9,44187814958,scored
12374,2,44189946599,scored
12375,6,44198728086,scored
12376,0,44203205276,scored
12377,5,44203729445,scored
12378,13,44209867105,scored
12379,4,44211520265,scored
12380,14,44212551204,scored
12381,7,44214481082,scored
12382,10,44217736342,scored
12383,3,44219286500,scored
12384,12,44220841609,scored
12385,8,44231718283,scored
12386,1,44232678088,scored
12387,2,44233564769,scored
12388,15,44234875549,scored
12389,11,44236773918,scored
12390,6,44239044674,scored
12391,9,44239974117,scored
12392,0,44245651968,scored
12393,5,44249525219,scored
12394,13,44253034785,scored
12395,4,44253969685,scored
12396,14,44255380882,scored
12397,7,44258925849,scored
12398,10,44259190190,scored
12399,3,44260454643,scored
12400,12,44262096454,scored
12401,15,44277265948,scored
12402,1,44278164695,scored
12403,8,44278257133,scored
12404,6,44284339575,scored
12405,9,44286072268,scored
12406,0,44287414872,scored
12407,11,44292299906,scored
12408,13,44296164830,scored
12409,5,44300636129,scored
12410,14,44309587280,scored
12411,10,44310015192,scored
12412,2,44310200903,scored
12413,4,44311028413,scored
12414,12,44312122150,scored
12415,7,44316360531,scored
12416,15,44317689848,scored
12417,3,44317945550,scored
12418,1,44320568245,scored
12419,9,44329215919,scored
12420,8,44329789847,scored
12421,6,44331234996,scored
12422,0,44332863006,scored
12423,11,44333363448,scored
12424,13,44337148190,scored
12425,5,44341167181,scored
12426,10,44351170971,scored
12427,4,44351738006,scored
12428,14,44352548398,scored
12429,7,44357398325,scored
12430,3,44358277551,scored
12431,2,44359099913,scored
12432,15,44359664317,scored
12433,12,44363393631,scored
12434,1,44364151801,scored
12435,9,44372753059,scored
12436,8,44372992017,scored
12437,0,44373591901,scored
12438,6,44376008321,scored
12439,11,44379441012,scored
12440,13,44380026446,scored
12441,5,44382116584,scored
12442,14,44393269179,scored
12443,10,44393563628,scored
12444,4,44395784708,scored
12445,7,44398210473,scored
12446,3,44398557781,scored
12447,2,44400043127,scored
12448,15,44403732799,scored
12449,1,44404243538,scored
12450,12,44405799461,scored
12451,8,44414215318,scored
12452,6,44419001802,scored
12453,9,44421310971,scored
12454,13,44425806868,scored
12455,0,44426644326,scored
12456,11,44431072578,scored
12457,5,44431088379,scored
12458,10,44434875050,scored
12459,4,44436910491,scored
12460,14,44437003011,scored
12461,3,44442641196,scored
12462,12,44446895578,scored
12463,15,44448052960,scored
12464,1,44449925675,scored
12465,2,44456412652,scored
12466,7,44456910373,scored
12467,6,44463204364,scored
12468,8,44465931119,scored
12469,0,44467123052,scored
12470,9,44469328357,scored
12471,11,44471075624,scored
12472,5,44479452422,scored
12473,4,44482132658,scored
12474,14,44482966376,scored
12475,3,44484535563,scored
12476,10,44486807290,scored
12477,13,44487471803,scored
12478,1,44492957688,scored
12479,15,44493807308,scored
12480,12,44493962397,scored
12481,7,44499516430,scored
12482,2,44500880080,scored
12483,6,44503963310,scored
12484,9,44509366287,scored
12485,5,44520665700,scored
12486,0,44521417369,scored
12487,11,44521733452,scored
12488,8,44521921561,scored
12489,4,44522638016,scored
12490,3,44528352996,scored
12491,14,44532446960,scored
12492,10,44533900246,scored
12493,15,44535999008,scored
12494,13,44537528149,scored
12495,1,44537834023,scored
12496,12,44538821005,scored
12497,2,44542099453,scored
12498,7,44544866969,scored
12499,6,44546838922,scored
12500,9,44549545069,scored
12501,0,44561611685,scored
12502,11,44562782907,scored
12503,5,44564590106,scored
12504,8,44566412998,scored
12505,3,44569932614,scored
12506,4,44570894467,scored
12507,14,44573787334,scored
12508,10,44575382359,scored
12509,15,44576822356,scored
12510,1,44578844777,scored
12511,2,44583582379,scored
12512,7,44585769824,scored
12513,12,44590628797,scored
12514,9,44592057451,scored
12515,13,44597554133,scored
12516,5,44606988508,scored
12517,8,44607079220,scored
12518,15,44617762557,scored
12519,14,44618930328,scored
12520,3,44623305348,scored
12521,0,44628939693,scored
12522,2,44633086813,scored
12523,12,44635864144,scored
12524,4,44636270464,scored
12525,6,44637229139,scored
12526,11,44637571101,scored
12527,1,44638557454,scored
12528,10,44641215781,scored
12529,9,44646074814,scored
12530,13,44653704329,scored
12531,5,44656403567,scored
12532,7,44657188845,scored
12533,15,44658815051,scored
12534,3,44666533421,scored
12535,14,44668636772,scored
12536,8,44670416879,scored
12537,2,44676300967,scored
12538,12,44678824760,scored
12539,9,44686397221,scored
12540,10,44688233299,scored
12541,1,44695542413,scored
12542,7,44702303382,scored
12543,15,44703169560,scored
12544,11,44703494432,scored
12545,6,44703821892,scored
12546,13,44705732492,scored
12547,5,44706475371,scored
12548,14,44709034619,scored
12549,0,44710821743,scored
12550,4,44712073069,scored
12551,3,44712375235,scored
12552,8,44714107684,scored
12553,2,44716345548,scored
12554,12,44720682130,scored
12555,10,44729268203,scored
12556,9,44731724747,scored
12557,1,44736659336,scored
12558,7,44749254511,scored
12559,13,44751469206,scored
12560,4,44753103028,scored
12561,8,44756363330,scored
12562,0,44757551836,scored
12563,15,44758095351,scored
12564,3,44758651827,scored
12565,14,44760285110,scored
12566,11,44760996630,scored
12567,2,44761020533,scored
12568,12,44761670990,scored
12569,6,44763353439,scored
12570,5,44766226104,scored
12571,10,44769862786,scored
12572,9,44773645296,scored
12573,1,44778333986,scored
12574,7,44794456651,scored
12575,3,44798840333,scored
12576,13,44799434348,scored
12577,4,44800619525,scored
12578,15,44800672223,scored
12579,2,44802427363,scored
12580,14,44809533322,scored
12581,6,44809825840,scored
12582,12,44811127946,scored
12583,11,44814257268,scored
12584,8,44815186573,scored
12585,9,44816289173,scored
12586,0,44817878145,scored
12587,5,44818839244,scored
12588,1,44819362887,scored
12589,10,44820314577,scored
12590,7,44838089994,scored
12591,15,44845134579,scored
12592,3,44849397775,scored
12593,6,44851028882,scored
12594,4,44856474390,scored
12595,0,44858889097,scored
12596,11,44862753373,scored
12597,2,44865533844,scored
12598,12,44865583579,scored
12599,14,44871760520,scored
12600,5,44872751884,scored
12601,1,44881050503,scored
12602,10,44881290113,scored
12603,13,44883758856,scored
12604,8,44889511596,scored
12605,9,44892720389,scored
12606,3,44893343159,scored
12607,6,44894273561,scored
12608,7,44901503082,scored
12609,15,44903120310,scored
12610,0,44904739420,scored
12611,12,44906519228,scored
12612,4,44906954397,scored
12613,2,44907508466,scored
12614,14,44911882730,scored
12615,5,44914659039,scored
12616,11,44916006787,scored
12617,1,44921269560,scored
12618,10,44923878130,scored
12619,13,44925326744,scored
12620,8,44934057780,scored
12621,9,44937337860,scored
12622,6,44941055853,scored
12623,3,44941760056,scored
12624,7,44943001719,scored
12625,15,44943974149,scored
12626,0,44945747060,scored
12627,4,44947418431,scored
12628,12,44948610206,scored
12629,2,44952471088,scored
12630,14,44961964550,scored
12631,1,44962706314,scored
12632,5,44964072608,scored
12633,11,44965878967,scored
12634,10,44966096046,scored
12635,13,44967623690,scored
12636,8,44976592471,scored
12637,9,44980026228,scored
12638,3,44983668488,scored
12639,6,44984366439,scored
12640,12,44993942981,scored
12641,15,44994221140,scored
12642,0,45000623240,scored
12643,7,45001013729,scored
12644,4,45007855674,scored
12645,11,45009246327,scored
12646,1,45011989974,scored
12647,10,45013970827,scored
12648,14,45015011985,scored
12649,8,45017109313,scored
12650,13,45020636697,scored
12651,5,45021941507,scored
12652,3,45023714932,scored
12653,9,45024384751,scored
12654,2,45027341006,scored
12655,6,45032843781,scored
12656,12,45034017447,scored
12657,15,45036908057,scored
12658,7,45041964196,scored
12659,0,45043714738,scored
12660,10,45054477282,scored
12661,11,45055462896,scored
12662,1,45056175987,scored
12663,14,45056498856,scored
12664,4,45057095230,scored
12665,8,45057520242,scored
12666,3,45067571582,scored
12667,9,45068219912,scored
12668,2,45069544767,scored
12669,13,45071022547,scored
12670,5,45071081202,scored
12671,6,45073988940,scored
12672,12,45074790301,scored
12673,15,45083772128,scored
12674,7,45084511504,scored
12675,0,45084764465,scored
12676,10,45095683381,scored
12677,1,45099329112,scored
12678,8,45100465546,scored
12679,11,45103170201,scored
12680,14,45104164740,scored
12681,3,45108958511,scored
12682,5,45112712216,scored
12683,4,45113211588,scored
12684,6,45114650439,scored
12685,9,45116804456,scored
12686,2,45117426465,scored
12687,12,45118677297,scored
12688,13,45119854962,scored
12689,15,45127722574,scored
12690,0,45128492142,scored
12691,7,45128857097,scored
12692,10,45137988833,scored
12693,8,45142851712,scored
12694,11,45145573149,scored
12695,14,45146257110,scored
12696,1,45146562416,scored
12697,3,45150921250,scored
12698,4,45153652217,scored
12699,9,45157434934,scored
12700,6,45160348485,scored
12701,12,45161369436,scored
12702,2,45161952454,scored
12703,13,45164986238,scored
12704,5,45165296052,scored
12705,0,45169324074,scored
12706,7,45170245627,scored
12707,15,45171611616,scored
12708,10,45182281531,scored
12709,8,45184153456,scored
12710,1,45186705019,scored
12711,14,45188071025,scored
12712,11,45190532221,scored
12713,3,45194606388,scored
12714,4,45195062421,scored
12715,9,45198993768,scored
12716,6,45201364686,scored
12717,2,45204823296,scored
12718,5,45205409415,scored
12719,7,45210774065,scored
12720,12,45210846870,scored
12721,0,45210964501,scored
12722,15,45220836234,scored
12723,13,45221395659,scored
12724,8,45226032978,scored
12725,1,45228533090,scored
12726,14,45228688514,scored
12727,10,45230546119,scored
12728,11,45233461550,scored
12729,3,45234777687,scored
12730,4,45235560773,scored
12731,9,45239512551,scored
12732,0,45252922181,scored
12733,6,45258914105,scored
12734,2,45259838248,scored
12735,5,45261145219,scored
12736,12,45265983373,scored
12737,15,45268667556,scored
12738,13,45271141557,scored
12739,1,45272244706,scored
12740,8,45272537117,scored
12741,11,45274000157,scored
12742,7,45274497471,scored
12743,3,45275064514,scored
12744,14,45277734824,scored
12745,10,45280598874,scored
12746,9,45281773697,scored
12747,4,45285214795,scored
12748,0,45299649270,scored
12749,6,45301833114,scored
12750,2,45304071164,scored
12751,5,45304295575,scored
12752,12,45306237847,scored
12753,15,45309524872,scored
12754,8,45312644314,scored
12755,1,45313580567,scored
12756,3,45316266541,scored
12757,13,45316657077,scored
12758,14,45319079628,scored
12759,11,45322795258,scored
12760,7,45331147534,scored
12761,9,45331348660,scored
12762,4,45333966479,scored
12763,10,45338391987,scored
12764,6,45343881147,scored
12765,0,45344640735,scored
12766,5,45345207139,scored
12767,15,45350898231,scored
12768,12,45353737730,scored
12769,8,45353853045,scored
12770,1,45356719924,scored
12771,13,45356966641,scored
12772,2,45357152515,scored
12773,3,45358629885,scored
12774,14,45359814341,scored
12775,11,45367277602,scored
12776,7,45372135420,scored
12777,9,45373003119,scored
12778,4,45376256739,scored
12779,6,45384247590,scored
12780,0,45384913876,scored
12781,10,45386611550,scored
12782,5,45388961963,scored
12783,15,45392507145,scored
12784,12,45399285259,scored
12785,1,45399538314,scored
12786,14,45400984161,scored
12787,3,45404100219,scored
12788,11,45415955148,scored
12789,2,45425538948,scored
12790,4,45425967078,scored
12791,8,45426481802,scored
12792,7,45427534222,scored
12793,13,45429070311,scored
12794,10,45430522698,scored
12795,15,45439921198,scored
12796,12,45440835799,scored
12797,5,45444144012,scored
12798,14,45446171419,scored
12799,3,45458829552,scored
12800,0,45461821563,scored
12801,9,45461894991,scored
12802,11,45463254558,scored
12803,1,45464896905,scored
12804,6,45466209155,scored
12805,2,45469487780,scored
12806,4,45471654723,scored
12807,8,45480072393,scored
12808,10,45480200731,scored
12809,13,45480667693,scored
12810,12,45481094445,scored
12811,5,45485203688,scored
12812,14,45487504340,scored
12813,15,45489549261,scored
12814,7,45491994853,scored
12815,3,45499572349,scored
12816,9,45504152421,scored
12817,1,45510510769,scored
12818,6,45513597334,scored
12819,0,45514021668,scored
12820,11,45516051027,scored
12821,4,45519660309,scored
12822,2,45520033405,scored
12823,10,45521879682,scored
12824,8,45523830106,scored
12825,12,45535228775,scored
12826,15,45536149517,scored
12827,13,45538353906,scored
12828,3,45541415854,scored
12829,7,45541830252,scored
12830,5,45543256965,scored
12831,14,45543605144,scored
12832,9,45546041701,scored
12833,1,45551190866,scored
12834,0,45557768844,scored
12835,11,45558705522,scored
12836,6,45559556995,scored
12837,4,45561021093,scored
12838,8,45566878203,scored
12839,10,45568390547,scored
12840,12,45576042419,scored
12841,13,45579784447,scored
12842,2,45582422469,scored
12843,7,45582705518,scored
12844,5,45587256293,scored
12845,14,45587396618,scored
12846,3,45587651913,scored
12847,9,45588036357,scored
12848,15,45590270571,scored
12849,0,45597975304,scored
12850,1,45598373725,scored
12851,11,45598875662,scored
12852,6,45602151348,scored
12853,4,45603944841,scored
12854,10,45609169984,scored
12855,8,45612513508,scored
12856,12,45617506286,scored
12857,13,45620802811,scored
12858,7,45622880038,scored
12859,15,45633557463,scored
12860,9,45642098703,scored
12861,11,45642230034,scored
12862,3,45643778767,scored
12863,14,45647457597,scored
12864,6,45649572568,scored
12865,4,45653759828,scored
12866,5,45659204662,scored
12867,1,45661421286,scored
12868,13,45663893128,scored
12869,0,45666277288,scored
12870,2,45670551644,scored
12871,15,45673673201,scored
12872,8,45675135886,scored
12873,10,45676051190,scored
12874,9,45683509229,scored
12875,11,45685453455,scored
12876,7,45685718335,scored
12877,12,45686344749,scored
12878,3,45687502170,scored
12879,6,45693448793,scored
12880,14,45694955828,scored
12881,4,45696905575,scored
12882,13,45705928690,scored
12883,1,45709712014,scored
12884,5,45710761504,scored
12885,2,45711299686,scored
12886,0,45712551145,scored
12887,8,45715813054,scored
12888,15,45719737076,scored
12889,10,45722463187,scored
12890,9,45728094657,scored
12891,3,45728531631,scored
12892,7,45729457649,scored
12893,11,45729679185,scored
12894,12,45732574256,scored
12895,4,45737025609,scored
12896,6,45737949410,scored
12897,14,45739634797,scored
12898,13,45748065977,scored
12899,1,45750880196,scored
12900,8,45756105336,scored
12901,15,45761000528,scored
12902,5,45761188219,scored
12903,2,45762951215,scored
12904,0,45764124484,scored
12905,10,45765646266,scored
12906,7,45771385449,scored
12907,12,45774069158,scored
12908,4,45778336033,scored
12909,9,45782043414,scored
12910,6,45786990604,scored
12911,11,45787540154,scored
12912,3,45788578692,scored
12913,14,45790529811,scored
12914,13,45793739947,scored
12915,1,45794318769,scored
12916,8,45798932916,scored
12917,5,45802512104,scored
12918,15,45802669758,scored
12919,2,45803182517,scored
12920,0,45805637435,scored
12921,10,45805974946,scored
12922,12,45818033130,scored
12923,4,45820419879,scored
12924,7,45821828227,scored
12925,9,45824608325,scored
12926,6,45828431276,scored
12927,3,45829668955,scored
12928,11,45833796378,scored
12929,1,45837386343,scored
12930,13,45838056525,scored
12931,5,45843360733,scored
12932,14,45844224925,scored
12933,15,45848448068,scored
12934,2,45851743797,scored
12935,10,45851974258,scored
12936,0,45852996575,scored
12937,8,45853186884,scored
12938,12,45859051591,scored
12939,4,45862822432,scored
12940,7,45864208393,scored
12941,9,45864769879,scored
12942,6,45870406582,scored
12943,3,45871421733,scored
12944,1,45877931616,scored
12945,11,45879859128,scored
12946,13,45883019974,scored
12947,5,45883601378,scored
12948,10,45894346190,scored
12949,14,45894385481,scored
12950,0,45903276978,scored
12951,15,45910625162,scored
12952,7,45916481621,scored
12953,8,45919367415,scored
12954,2,45919980480,scored
12955,1,45923565385,scored
12956,3,45925840954,scored
12957,9,45932923591,scored
12958,5,45934973939,scored
12959,10,45937428808,scored
12960,13,45938555461,scored
12961,4,45940557414,scored
12962,14,45940648904,scored
12963,6,45942707331,scored
12964,11,45944550477,scored
12965,0,45947902365,scored
12966,12,45948503832,scored
12967,15,45952132904,scored
12968,7,45958576739,scored
12969,8,45970583764,scored
12970,1,45970600383,scored
12971,9,45975392760,scored
12972,5,45976616780,scored
12973,2,45978281512,scored
12974,14,45982563960,scored
12975,13,45982756020,scored
12976,11,45984754158,scored
12977,4,45985734050,scored
12978,10,45987796487,scored
12979,6,45989729179,scored
12980,15,45995098776,scored
12981,0,45997708409,scored
12982,12,46003417677,scored
12983,7,46005097718,scored
12984,3,46005730088,scored
12985,8,46011185771,scored
12986,1,46011585374,scored
12987,5,46019707871,scored
12988,9,46020747221,scored
12989,10,46032134426,scored
12990,2,46032571003,scored
12991,14,46033516375,scored
12992,4,46033881219,scored
12993,11,46043242014,scored
12994,15,46044578016,scored
12995,6,46045979421,scored
12996,0,46047450728,scored
12997,12,46050953681,scored
12998,1,46051843591,scored
12999,7,46053040192,scored
13000,13,46058181411,scored
13001,8,46059477593,scored
13002,9,46061151286,scored
13003,5,46063183149,scored
13004,3,46069622190,scored
13005,14,46077655199,scored
13006,4,46078543803,scored
13007,10,46089103086,scored
13008,11,46090984120,scored
13009,6,46091569684,scored
13010,15,46091632711,scored
13011,0,46091989752,scored
13012,2,46095885953,scored
13013,1,46096669190,scored
13014,7,46096802484,scored
13015,12,46097614145,scored
13016,8,46102233718,scored
13017,13,46102697220,scored
13018,9,46106566340,scored
13019,5,46106735441,scored
13020,3,46112837304,scored
13021,4,46121175086,scored
13022,14,46125282092,scored
13023,10,46129602174,scored
13024,15,46132565493,scored
13025,0,46133464296,scored
13026,6,46134925163,scored
13027,2,46135992558,scored
13028,1,46137324972,scored
13029,7,46137848280,scored
13030,11,46140095886,scored
13031,12,46141850021,scored
13032,13,46143610722,scored
13033,8,46144365598,scored
13034,5,46164688436,scored
13035,9,46165523114,scored
13036,14,46165727634,scored
13037,3,46166380771,scored
13038,10,46169853539,scored
13039,15,46174540183,scored
13040,4,46174840687,scored
13041,6,46175643241,scored
13042,0,46182883885,scored
13043,7,46184027215,scored
13044,13,46189211309,scored
13045,2,46193488093,scored
13046,11,46194491070,scored
13047,8,46196635819,scored
13048,1,46203376002,scored
13049,12,46204607743,scored
13050,9,46206851165,scored
13051,5,46213825030,scored
13052,4,46215384928,scored
13053,15,46217988045,scored
13054,3,46219115782,scored
13055,14,46220755005,scored
13056,7,46231785543,scored
13057,2,46235763233,scored
13058,10,46236243767,scored
13059,0,46236924870,scored
13060,8,46237942731,scored
13061,11,46247439788,scored
13062,13,46247658557,scored
13063,1,46248499262,scored
13064,6,46252978191,scored
13065,12,46254109939,scored
13066,5,46255309783,scored
13067,9,46255703011,scored
13068,15,46259587228,scored
13069,14,46260999698,scored
13070,3,46262512177,scored
13071,4,46266173938,scored
13072,7,46272263581,scored
13073,0,46277054218,scored
13074,10,46278247096,scored
13075,2,46278454215,scored
13076,8,46288905368,scored
13077,11,46289104286,scored
13078,13,46290890908,scored
13079,1,46293533889,scored
13080,12,46294248004,scored
13081,5,46295584544,scored
13082,6,46298458486,scored
13083,15,46303967250,scored
13084,14,46305295515,scored
13085,3,46307364788,scored
13086,9,46309912413,scored
13087,4,46311085885,scored
13088,7,46317193388,scored
13089,10,46319899630,scored
13090,2,46319913980,scored
13091,0,46320558347,scored
13092,8,46332047035,scored
13093,1,46338422311,scored
13094,6,46339643604,scored
13095,12,46345953708,scored
13096,5,46349821113,scored
13097,11,46352346192,scored
13098,9,46352757363,scored
13099,15,46353440436,scored
13100,14,46356657724,scored
13101,3,46357200857,scored
13102,7,46357539391,scored
13103,4,46357754619,scored
13104,10,46364778563,scored
13105,13,46365805989,scored
13106,0,46366949860,scored
13107,2,46370934914,scored
13108,8,46374082816,scored
13109,1,46379937822,scored
13110,6,46380636143,scored
13111,12,46387808939,scored
13112,5,46391775180,scored
13113,14,46397165096,scored
13114,11,46397625817,scored
13115,15,46401592352,scored
13116,3,46403080059,scored
13117,9,46405263171,scored
13118,10,46408055978,scored
13119,4,46408232130,scored
13120,7,46418289160,scored
13121,2,46419738481,scored
13122,0,46420672069,scored
13123,1,46420863516,scored
13124,8,46421727957,scored
13125,6,46429123196,scored
13126,13,46431065080,scored
13127,5,46436050585,scored
13128,12,46438167208,scored
13129,9,46445993277,scored
13130,11,46452025772,scored
13131,3,46452519297,scored
13132,4,46456092885,scored
13133,1,46468822870,scored
13134,14,46470641396,scored
13135,15,46472195652,scored
13136,6,46472799952,scored
13137,10,46474228668,scored
13138,5,46477449400,scored
13139,0,46481809555,scored
13140,8,46487289899,scored
13141,12,46488192744,scored
13142,7,46493846849,scored
13143,2,46502390103,scored
13144,9,46502954565,scored
13145,11,46508410918,scored
13146,15,46519558462,scored
13147,14,46519694256,scored
13148,10,46521770752,scored
13149,0,46522583140,scored
13150,6,46523000276,scored
13151,4,46523761390,scored
13152,13,46524232914,scored
13153,1,46525845372,scored
13154,12,46529639654,scored
13155,5,46530849150,scored
13156,3,46533853822,scored
13157,7,46536034592,scored
13158,9,46543347647,scored
13159,8,46546946163,scored
13160,2,46554215673,scored
13161,11,46554289043,scored
13162,15,46560077028,scored
13163,6,46573065327,scored
13164,12,46579960840,scored
13165,1,46580342634,scored
13166,14,46581114773,scored
13167,3,46581271936,scored
13168,10,46581421286,scored
13169,8,46589320628,scored
13170,11,46596264343,scored
13171,13,46599300098,scored
13172,9,46599732613,scored
13173,0,46600474472,scored
13174,5,46605262715,scored
13175,7,46606417466,scored
13176,15,46611670114,scored
13177,2,46615188771,scored
13178,4,46615508023,scored
13179,6,46619149622,scored
13180,3,46625584648,scored
13181,1,46629054866,scored
13182,14,46629379570,scored
13183,8,46630333437,scored
13184,12,46630785184,scored
13185,10,46631893466,scored
13186,0,46642044064,scored
13187,11,46642463949,scored
13188,9,46642582985,scored
13189,13,46643504826,scored
13190,7,46647792003,scored
13191,5,46650694181,scored
13192,15,46652454441,scored
13193,6,46661151912,scored
13194,4,46667443958,scored
13195,2,46667647604,scored
13196,3,46668426283,scored
13197,1,46669436593,scored
13198,14,46671752879,scored
13199,8,46673196971,scored
13200,10,46673420993,scored
13201,12,46674351839,scored
13202,0,46682749513,scored
13203,13,46683801796,scored
13204,9,46685009497,scored
13205,11,46686039744,scored
13206,7,46690914741,scored
13207,5,46694482960,scored
13208,15,46695586395,scored
13209,1,46713170301,scored
13210,8,46715419214,scored
13211,12,46715606979,scored
13212,2,46722752618,scored
13213,0,46729582151,scored
13214,9,46736131645,scored
13215,4,46736265754,scored
13216,6,46737109950,scored
13217,11,46739257708,scored
13218,10,46742871170,scored
13219,5,46743039262,scored
13220,3,46747831537,scored
13221,15,46748943258,scored
13222,7,46756979169,scored
13223,13,46760272598,scored
13224,8,46761344672,scored
13225,2,46765130509,scored
13226,12,46765783709,scored
13227,0,46772692751,scored
13228,14,46773066945,scored
13229,1,46774873256,scored
13230,9,46776627428,scored
13231,11,46779331756,scored
13232,6,46780793114,scored
13233,10,46783088945,scored
13234,4,46785580216,scored
13235,5,46786341543,scored
13236,15,46791331202,scored
13237,3,46795935697,scored
13238,7,46797614291,scored
13239,8,46803275455,scored
13240,13,46806293608,scored
13241,12,46808446540,scored
13242,2,46809651024,scored
13243,14,46828797058,scored
13244,6,46829782035,scored
13245,10,46830379884,scored
13246,11,46834813828,scored
13247,0,46835803425,scored
13248,9,46843129305,scored
13249,8,46844477718,scored
13250,1,46846507251,scored
13251,15,46847157537,scored
13252,13,46849419027,scored
13253,5,46850584761,scored
13254,7,46852976483,scored
13255,2,46853474251,scored
13256,3,46854555295,scored
13257,12,46856482789,scored
13258,4,46859352729,scored
13259,14,46869587096,scored
13260,6,46871287271,scored
13261,10,46871654836,scored
13262,11,46875745332,scored
13263,0,46876150770,scored
13264,8,46884548425,scored
13265,9,46884553826,scored
13266,15,46888851308,scored
13267,7,46893745990,scored
13268,13,46893925010,scored
13269,1,46895470258,scored
13270,12,46897151071,scored
13271,5,46905764295,scored
13272,3,46912395212,scored
13273,6,46916274938,scored
13274,4,46923835900,scored
13275,14,46927511326,scored
13276,10,46935482048,scored
13277,13,46943889743,scored
13278,9,46945657206,scored
13279,12,46946470933,scored
13280,1,46949002298,scored
13281,15,46950477486,scored
13282,2,46953544464,scored
13283,3,46956469777,scored
13284,8,46957361743,scored
13285,7,46957958084,scored
13286,6,46958058648,scored
13287,0,46963703886,scored
13288,5,46965062887,scored
13289,4,46965962613,scored
13290,11,46969098083,scored
13291,14,46970014684,scored
13292,10,46976437937,scored
13293,12,46988655667,scored
13294,1,46993089175,scored
13295,13,46993191760,scored
13296,9,46993844827,scored
13297,15,46996496132,scored
13298,2,46998744097,scored
13299,8,47000312405,scored
13300,6,47002720526,scored
13301,0,47005263522,scored
13302,7,47007276998,scored
13303,4,47009495264,scored
13304,14,47012172774,scored
13305,11,47014076896,scored
13306,3,47017555619,scored
13307,10,47028273067,scored
13308,5,47028430228,scored
13309,12,47031113157,scored
13310,9,47039350303,scored
13311,15,47042299066,scored
13312,1,47042434549,scored
13313,2,47043328105,scored
13314,8,47044298111,scored
13315,6,47044667365,scored
13316,7,47050463408,scored
13317,14,47053455349,scored
13318,13,47058528298,scored
13319,4,47061844202,scored
13320,11,47062599579,scored
13321,0,47063176927,scored
13322,3,47065428019,scored
13323,10,47075337101,scored
13324,12,47077246909,scored
13325,5,47078973041,scored
13326,9,47080055327,scored
13327,1,47082536365,scored
13328,2,47083340300,scored
13329,15,47084285289,scored
13330,8,47088969674,scored
13331,6,47089329546,scored
13332,7,47092086749,scored
13333,14,47096424155,scored
13334,13,47099426756,scored
13335,4,47102052571,scored
13336,11,47103813340,scored
13337,0,47106002297,scored
13338,3,47106477168,scored
13339,12,47118011577,scored
13340,10,47118558895,scored
13341,5,47119469410,scored
13342,9,47121069101,scored
13343,2,47123792215,scored
13344,13,47142602862,scored
13345,3,47149366730,scored
13346,0,47150138512,scored
13347,14,47152032952,scored
13348,6,47156476425,scored
13349,8,47157340884,scored
13350,4,47159597340,scored
13351,5,47160440317,scored
13352,11,47160541412,scored
13353,15,47161167144,scored
13354,10,47161309260,scored
13355,2,47168423490,scored
13356,1,47170244089,scored
13357,7,47172107308,scored
13358,9,47177151698,scored
13359,12,47177368391,scored
13360,13,47184035854,scored
13361,3,47190939672,scored
13362,6,47199328817,scored
13363,14,47200967905,scored
13364,4,47203520943,scored
13365,11,47206283518,scored
13366,10,47206594383,scored
13367,5,47206660653,scored
13368,9,47220090389,scored
13369,8,47220896963,scored
13370,7,47222268007,scored
13371,12,47224199152,scored
13372,2,47225341247,scored
13373,0,47232579002,scored
13374,3,47234310913,scored
13375,15,47234465666,scored
13376,1,47238582181,scored
13377,13,47240173258,scored
13378,6,47242116890,scored
13379,14,47246980456,scored
13380,4,47249671353,scored
13381,5,47250150918,scored
13382,11,47252065056,scored
13383,10,47254008882,scored
13384,9,47261553691,scored
13385,12,47264697069,scored
13386,8,47265286521,scored
13387,7,47270081504,scored
13388,2,47271730105,scored
13389,0,47273517767,scored
13390,3,47276738060,scored
13391,15,47277987410,scored
13392,1,47279888345,scored
13393,13,47280322665,scored
13394,6,47282308746,scored
13395,14,47287285922,scored
13396,4,47290936442,scored
13397,5,47291191314,scored
13398,10,47298851826,scored
13399,11,47301125858,scored
13400,9,47304512434,scored
13401,12,47306577790,scored
13402,2,47312246508,scored
13403,7,47312288487,scored
13404,8,47312354366,scored
13405,0,47319428291,scored
13406,3,47319801856,scored
13407,15,47319838044,scored
13408,1,47321155916,scored
13409,13,47322876356,scored
13410,14,47338968548,scored
13411,10,47339770337,scored
13412,6,47339945632,scored
13413,11,47344803693,scored
13414,4,47349328621,scored
13415,9,47358674191,scored
13416,8,47359913477,scored
13417,0,47362537581,scored
13418,12,47363884464,scored
13419,5,47375889296,scored
13420,7,47377652710,scored
13421,1,47380265290,scored
13422,6,47384230819,scored
13423,11,47389347225,scored
13424,4,47389482887,scored
13425,10,47390652691,scored
13426,14,47392765295,scored
13427,2,47394210130,scored
13428,13,47395288988,scored
13429,15,47402007083,scored
13430,3,47405219685,scored
13431,9,47410492233,scored
13432,12,47414247951,scored
13433,5,47416826418,scored
13434,0,47419203893,scored
13435,8,47421333147,scored
13436,1,47422719498,scored
13437,7,47423160939,scored
13438,6,47426465055,scored
13439,13,47438263341,scored
13440,14,47439214437,scored
13441,10,47453854881,scored
13442,11,47461235247,scored
13443,2,47470656456,scored
13444,3,47471154742,scored
13445,8,47471318140,scored
13446,12,47474561096,scored
13447,15,47476535523,scored
13448,4,47476606755,scored
13449,9,47480630920,scored
13450,13,47482110410,scored
13451,5,47485431381,scored
13452,0,47486310377,scored
13453,14,47489404105,scored
13454,6,47491912845,scored
13455,7,47493489482,scored
13456,10,47495728343,scored
13457,1,47498191166,scored
13458,11,47504538718,scored
13459,8,47512006145,scored
13460,2,47515334575,scored
13461,3,47518340732,scored
13462,4,47519232000,scored
13463,12,47521004319,scored
13464,15,47521940330,scored
13465,9,47523178187,scored
13466,13,47526237895,scored
13467,5,47526264957,scored
13468,0,47528605467,scored
13469,14,47529408948,scored
13470,6,47541550565,scored
13471,1,47542012645,scored
13472,10,47547670027,scored
13473,11,47550840109,scored
13474,7,47551795705,scored
13475,2,47556689305,scored
13476,12,47561591162,scored
13477,15,47562321590,scored
13478,4,47562498829,scored
13479,3,47562726395,scored
13480,9,47563832556,scored
13481,8,47565562182,scored
13482,5,47570462491,scored
13483,13,47571944799,scored
13484,14,47572169736,scored
13485,0,47573249779,scored
13486,6,47581624895,scored
13487,1,47588669530,scored
13488,10,47589452659,scored
13489,11,47593423778,scored
13490,7,47593534227,scored
13491,2,47597321551,scored
13492,12,47605181114,scored
13493,3,47606440717,scored
13494,9,47607294361,scored
13495,4,47607362061,scored
13496,8,47609111427,scored
13497,5,47610778145,scored
13498,15,47615768782,scored
13499,14,47618822754,scored
13500,13,47624950164,scored
13501,0,47627459767,scored
13502,6,47629707431,scored
13503,10,47633532753,scored
13504,11,47634092020,scored
13505,1,47634251940,scored
13506,2,47637380120,scored
13507,7,47640733426,scored
13508,3,47646702919,scored
13509,4,47649419753,scored
13510,9,47658645728,scored
13511,14,47659145763,scored
13512,5,47662498756,scored
13513,12,47664784670,scored
13514,8,47665256543,scored
13515,13,47666743145,scored
13516,0,47668329875,scored
13517,15,47672835152,scored
13518,1,47677563269,scored
13519,6,47677746529,scored
13520,2,47681914635,scored
13521,7,47686603691,scored
13522,11,47688728459,scored
13523,3,47691668732,scored
13524,4,47691734135,scored
13525,10,47692739611,scored
13526,14,47703055800,scored
13527,9,47704056239,scored
13528,8,47706349477,scored
13529,0,47709131878,scored
13530,13,47710650460,scored
13531,5,47712015553,scored
13532,15,47714100276,scored
13533,12,47714561857,scored
13534,1,47717612018,scored
13535,2,47726400368,scored
13536,7,47729837911,scored
13537,4,47731802778,scored
13538,6,47735626730,scored
13539,10,47740955987,scored
13540,14,47745744366,scored
13541,15,47755823566,scored
13542,0,47756257110,scored
13543,3,47758833967,scored
13544,1,47763464435,scored
13545,8,47765075985,scored
13546,9,47766587768,scored
13547,12,47766596308,scored
13548,13,47767137062,scored
13549,5,47767763452,scored
13550,7,47773114164,scored
13551,4,47775288052,scored
13552,2,47778938737,scored
13553,6,47779640141,scored
13554,11,47780427246,scored
13555,10,47781445646,scored
13556,15,47799670960,scored
13557,3,47804558236,scored
13558,8,47807804605,scored
13559,5,47809462351,scored
13560,13,47810075756,scored
13561,1,47816643831,scored
13562,12,47816695046,scored
13563,4,47821056298,scored
13564,6,47821700642,scored
13565,14,47821757760,scored
13566,9,47823470354,scored
13567,2,47829808615,scored
13568,0,47833387669,scored
13569,10,47833855398,scored
13570,11,47836350401,scored
13571,7,47839302007,scored
13572,15,47844279548,scored
13573,3,47845953262,scored
13574,12,47857945848,scored
13575,1,47864968245,scored
13576,5,47866274958,scored
13577,13,47867938086,scored
13578,8,47870523650,scored
13579,0,47874639938,scored
13580,10,47876238821,scored
13581,14,47879292411,scored
13582,2,47879401585,scored
13583,7,47882592734,scored
13584,6,47883567120,scored
13585,3,47886014370,scored
13586,4,47888188468,scored
13587,11,47888651914,scored
13588,9,47890093053,scored
13589,15,47895729020,scored
13590,1,47906250930,scored
13591,5,47907626455,scored
13592,13,47908090772,scored
13593,12,47909573040,scored
13594,8,47913986307,scored
13595,0,47919285791,scored
13596,10,47919576494,scored
13597,2,47921707113,scored
13598,14,47926220052,scored
13599,6,47926813304,scored
13600,7,47927684025,scored
13601,4,47932070010,scored
13602,11,47934421801,scored
13603,3,47939787731,scored
13604,9,47941881845,scored
13605,5,47948202898,scored
13606,12,47951454455,scored
13607,1,47954573707,scored
13608,13,47955315524,scored
13609,15,47955361962,scored
13610,8,47956061698,scored
13611,10,47959953897,scored
13612,2,47961825793,scored
13613,0,47963168336,scored
13614,6,47970293048,scored
13615,4,47978891494,scored
13616,7,47979395105,scored
13617,9,47983361762,scored
13618,14,47983532407,scored
13619,11,47986367751,scored
13620,3,47989817441,scored
13621,12,47992124694,scored
13622,5,47993035610,scored
13623,15,47995879463,scored
13624,13,47997540884,scored
13625,1,47998032413,scored
13626,2,48002080850,scored
13627,0,48006003290,scored
13628,10,48006047033,scored
13629,8,48006566584,scored
13630,6,48012595819,scored
13631,7,48020772725,scored
13632,4,48025361916,scored
13633,3,48038484952,scored
13634,9,48042146559,scored
13635,11,48042967351,scored
13636,12,48047805491,scored
13637,15,48054755561,scored
13638,2,48055092595,scored
13639,10,48055094188,scored
13640,6,48058021199,scored
13641,8,48058525890,scored
13642,13,48059711376,scored
13643,14,48060435096,scored
13644,7,48062989005,scored
13645,4,48066908443,scored
13646,5,48067975918,scored
13647,0,48072625560,scored
13648,1,48074071098,scored
13649,9,48083400138,scored
13650,11,48086906069,scored
13651,3,48087448741,scored
13652,12,48094213333,scored
13653,10,48098932235,scored
13654,6,48101761858,scored
13655,13,48101965784,scored
13656,14,48106358876,scored
13657,2,48106397120,scored
13658,7,48108041829,scored
13659,5,48108474765,scored
13660,15,48108761718,scored
13661,4,48119682969,scored
13662,0,48119918167,scored
13663,8,48122646888,scored
13664,1,48124563254,scored
13665,9,48126710896,scored
13666,11,48133053747,scored
13667,3,48134097004,scored
13668,12,48134731305,scored
13669,10,48139019916,scored
13670,13,48145129460,scored
13671,6,48145761019,scored
13672,14,48148037615,scored
13673,5,48152341856,scored
13674,7,48155557835,scored
13675,15,48159856978,scored
13676,0,48161536005,scored
13677,9,48171613112,scored
13678,10,48182250775,scored
13679,12,48184229677,scored
13680,13,48186906001,scored
13681,2,48196153294,scored
13682,14,48196852320,scored
13683,11,48200686680,scored
13684,6,48203031207,scored
13685,5,48204837419,scored
13686,7,48205586367,scored
13687,0,48207995888,scored
13688,3,48208878850,scored
13689,1,48209879703,scored
13690,15,48213578102,scored
13691,4,48213877228,scored
13692,8,48215563328,scored
13693,9,48216390164,scored
13694,10,48222764336,scored
13695,12,48225930186,scored
13696,13,48229970243,scored
13697,2,48239544324,scored
13698,11,48241186053,scored
13699,14,48242533249,scored
13700,6,48243360543,scored
13701,5,48245577862,scored
13702,7,48247693334,scored
13703,3,48249320748,scored
13704,0,48250339201,scored
13705,15,48265103831,scored
13706,4,48265348429,scored
13707,1,48266017227,scored
13708,12,48266401247,scored
13709,9,48266953137,scored
13710,8,48270575425,scored
13711,10,48270756837,scored
13712,13,48271664827,scored
13713,11,48283185048,scored
13714,2,48283404742,scored
13715,5,48287311462,scored
13716,6,48287339012,scored
13717,14,48289354094,scored
13718,3,48290014804,scored
13719,7,48290219458,scored
13720,0,48291689828,scored
13721,12,48307860583,scored
13722,15,48320243807,scored
13723,11,48327651245,scored
13724,13,48328777000,scored
13725,1,48330737672,scored
13726,14,48332242331,scored
13727,9,48336307548,scored
13728,5,48336990561,scored
13729,10,48342423456,scored
13730,12,48350759457,scored
13731,7,48351132673,scored
13732,0,48354949399,scored
13733,2,48357232601,scored
13734,3,48360357453,scored
13735,8,48362371020,scored
13736,6,48364677322,scored
13737,4,48367113804,scored
13738,15,48371330626,scored
13739,14,48372939228,scored
13740,9,48376586677,scored
13741,13,48378733012,scored
13742,11,48379692749,scored
13743,5,48381468703,scored
13744,1,48382523791,scored
13745,10,48384963426,scored
13746,7,48391269054,scored
13747,12,48392897338,scored
13748,4,48407134967,scored
13749,8,48411058623,scored
13750,0,48411710111,scored
13751,2,48413717825,scored
13752,3,48414971775,scored
13753,6,48416368157,scored
13754,5,48421648652,scored
13755,9,48424031114,scored
13756,10,48426911906,scored
13757,15,48427121882,scored
13758,1,48427280435,scored
13759,12,48434740880,scored
13760,13,48437204691,scored
13761,11,48438169528,scored
13762,14,48438294026,scored
13763,7,48440532955,scored
13764,0,48454637934,scored
13765,3,48455378692,scored
13766,8,48457971483,scored
13767,6,48461034092,scored
13768,4,48462975648,scored
13769,9,48469525652,scored
13770,1,48469921594,scored
13771,5,48471533279,scored
13772,2,48471648579,scored
13773,15,48472811553,scored
13774,10,48473667415,scored
13775,12,48475864310,scored
13776,13,48479836353,scored
13777,14,48480211920,scored
13778,11,48480394652,scored
13779,7,48481036672,scored
13780,0,48496313815,scored
13781,3,48496465241,scored
13782,8,48500092268,scored
13783,4,48503677128,scored
13784,6,48509001576,scored
13785,15,48513997521,scored
13786,2,48516818327,scored
13787,1,48518832138,scored
13788,13,48522462679,scored
13789,12,48529013941,scored
13790,11,48532039565,scored
13791,14,48534794692,scored
13792,5,48535721682,scored
13793,9,48536259032,scored
13794,8,48541434150,scored
13795,10,48544863558,scored
13796,7,48545699236,scored
13797,6,48553066672,scored
13798,3,48553870074,scored
13799,15,48554245695,scored
13800,4,48554874541,scored
13801,1,48559073384,scored
13802,0,48567828623,scored
13803,13,48574781226,scored
13804,5,48579028990,scored
13805,9,48579446286,scored
13806,12,48580337441,scored
13807,11,48582728669,scored
13808,7,48588336737,scored
13809,10,48589771596,scored
13810,2,48591562837,scored
13811,1,48600822425,scored
13812,4,48600867010,scored
13813,3,48603566369,scored
13814,8,48607445388,scored
13815,15,48610987460,scored
13816,6,48612721838,scored
13817,14,48614022264,scored
13818,13,48620064970,scored
13819,0,48622661127,scored
13820,11,48623225222,scored
13821,5,48623459967,scored
13822,12,48623687140,scored
13823,9,48628318977,scored
13824,7,48632380350,scored
13825,10,48632388365,scored
13826,2,48633017895,scored
13827,4,48641382008,scored
13828,1,48643492755,scored
13829,3,48644864771,scored
13830,8,48649176904,scored
13831,14,48654540512,scored
13832,6,48659300894,scored
13833,15,48660939392,scored
13834,13,48662517155,scored
13835,0,48663653822,scored
13836,12,48664277486,scored
13837,5,48664353242,scored
13838,11,48667861077,scored
13839,9,48672610883,scored
13840,2,48675746262,scored
13841,10,48677101201,scored
13842,7,48679627528,scored
13843,4,48682749068,scored
13844,1,48683524981,scored
13845,3,48687428035,scored
13846,14,48695372966,scored
13847,6,48706484617,scored
13848,15,48706541798,scored
13849,8,48708797623,scored
13850,13,48709845411,scored
13851,12,48712196868,scored
13852,0,48713982673,scored
13853,11,48714563618,scored
13854,9,48716170701,scored
13855,2,48717836523,scored
13856,10,48718028723,scored
13857,5,48722751298,scored
13858,4,48724170543,scored
13859,7,48727548168,scored
13860,3,48728972945,scored
13861,1,48729916349,scored
13862,14,48735447047,scored
13863,15,48747311457,scored
13864,6,48748651590,scored
13865,8,48748897207,scored
13866,13,48751262869,scored
13867,11,48756108056,scored
13868,10,48759758818,scored
13869,0,48760110252,scored
13870,9,48761546311,scored
13871,12,48761992941,scored
13872,2,48762426150,scored
13873,5,48763220379,scored
13874,4,48766490890,scored
13875,1,48774401381,scored
13876,7,48786366289,scored
13877,3,48787773682,scored
13878,15,48789209600,scored
13879,14,48793134475,scored
13880,8,48798532836,scored
13881,6,48799252193,scored
13882,11,48799713955,scored
13883,13,48800632261,scored
13884,0,48800795897,scored
13885,10,48802688609,scored
13886,4,48807658223,scored
13887,12,48811177709,scored
13888,5,48811427889,scored
13889,2,48813255601,scored
13890,1,48816720656,scored
13891,9,48817745839,scored
13892,3,48833932348,scored
13893,14,48837372345,scored
13894,8,48838951868,scored
13895,13,48841177342,scored
13896,6,48841269444,scored
13897,15,48843609938,scored
13898,0,48845098864,scored
13899,7,48846809862,scored
13900,4,48850132497,scored
13901,5,48853877802,scored
13902,1,48858020433,scored
13903,2,48858084712,scored
13904,9,48858727435,scored
13905,11,48860222706,scored
13906,10,48862173360,scored
13907,12,48863055236,scored
13908,3,48875725833,scored
13909,14,48881083435,scored
13910,6,48881931676,scored
13911,13,48883292767,scored
13912,8,48883959050,scored
13913,15,48885599203,scored
13914,7,48888372346,scored
13915,0,48888829202,scored
13916,4,48891288805,scored
13917,5,48894655818,scored
13918,2,48902400645,scored
13919,11,48903201154,scored
13920,1,48904332266,scored
13921,12,48906404569,scored
13922,9,48910190064,scored
13923,10,48910908689,scored
13924,3,48916086554,scored
13925,14,48921784465,scored
13926,13,48924063613,scored
13927,6,48925158774,scored
13928,15,48926487807,scored
13929,8,48927965011,scored
13930,0,48929959716,scored
13931,7,48932318702,scored
13932,4,48932364848,scored
13933,5,48936202604,scored
13934,1,48944909296,scored
13935,11,48946716798,scored
13936,12,48949513502,scored
13937,2,48950012339,scored
13938,9,48950854063,scored
13939,10,48955631814,scored
13940,3,48958985310,scored
13941,14,48961791810,scored
13942,13,48966120007,scored
13943,6,48967103110,scored
13944,15,48970994277,scored
13945,0,48974114799,scored
13946,8,48976595985,scored
13947,7,48977825457,scored
13948,5,48978396340,scored
13949,4,48979517526,scored
13950,1,48985380164,scored
13951,11,48989885869,scored
13952,9,48992228459,scored
13953,2,48993926487,scored
13954,12,48994028340,scored
13955,10,48996357504,scored
13956,3,48999464821,scored
13957,14,49012974853,scored
13958,6,49017353282,scored
13959,5,49018978420,scored
13960,4,49020623433,scored
13961,8,49026376576,scored
13962,1,49026636798,scored
13963,0,49027173913,scored
13964,7,49029489518,scored
13965,15,49034124646,scored
13966,13,49035243624,scored
13967,12,49036430992,scored
13968,9,49037339899,scored
13969,10,49041892763,scored
13970,2,49042729120,scored
13971,3,49047590556,scored
13972,11,49048712389,scored
13973,14,49056718586,scored
13974,6,49060050606,scored
13975,5,49062109389,scored
13976,4,49066356342,scored
13977,1,49069795585,scored
13978,15,49074762556,scored
13979,7,49075002580,scored
13980,12,49076878692,scored
13981,13,49082451679,scored
13982,0,49083397744,scored
13983,2,49088779220,scored
13984,8,49093168550,scored
13985,10,49095420224,scored
13986,3,49095473448,scored
13987,9,49095762819,scored
13988,11,49099576546,scored
13989,6,49100100684,scored
13990,4,49106904753,scored
13991,14,49108819481,scored
13992,5,49112844989,scored
13993,1,49118582727,scored
13994,12,49119014310,scored
13995,2,49130891617,scored
13996,10,49135951635,scored
13997,15,49136808129,scored
13998,7,49138247046,scored
13999,3,49139403163,scored
14000,8,49141516404,scored
14001,11,49142812439,scored
14002,9,49147996526,scored
14003,6,49156369952,scored
14004,0,49157012957,scored
14005,13,49164650053,scored
14006,4,49168280168,scored
14007,5,49172147653,scored
14008,12,49177294105,scored
14009,3,49181073244,scored
14010,15,49182185787,scored
14011,2,49191627100,scored
14012,1,49191667609,scored
14013,9,49192475910,scored
14014,10,49197161948,scored
14015,11,49199176987,scored
14016,14,49200522118,scored
14017,8,49201382572,scored
14018,0,49204766226,scored
14019,4,49209877432,scored
14020,6,49209989278,scored
14021,13,49216661005,scored
14022,5,49220537262,scored
14023,3,49223060027,scored
14024,7,49226131859,scored
14025,15,49228621207,scored
14026,12,49230500575,scored
14027,2,49231675295,scored
14028,1,49232618302,scored
14029,9,49234770831,scored
14030,10,49238919332,scored
14031,11,49240238901,scored
14032,14,49241122365,scored
14033,8,49242012051,scored
14034,4,49256366686,scored
14035,6,49256725433,scored
14036,13,49257025955,scored
14037,0,49257470628,scored
14038,5,49266666775,scored
14039,3,49268658991,scored
14040,15,49271162552,scored
14041,7,49272727664,scored
14042,2,49276699306,scored
14043,12,49279416859,scored
14044,8,49288737786,scored
14045,1,49294708322,scored
14046,15,49314071572,scored
14047,0,49319803534,scored
14048,2,49324235227,scored
14049,7,49329889409,scored
14050,8,49331589437,scored
14051,14,49333583901,scored
14052,9,49334436461,scored
14053,10,49334719115,scored
14054,1,49335515806,scored
14055,12,49335915832,scored
14056,13,49345234950,scored
14057,4,49353039383,scored
14058,3,49353348377,scored
14059,6,49353928833,scored
14060,11,49354262451,scored
14061,5,49355699070,scored
14062,15,49360091904,scored
14063,0,49360754732,scored
14064,2,49365416814,scored
14065,7,49372686591,scored
14066,8,49373282629,scored
14067,1,49375588166,scored
14068,10,49378381953,scored
14069,12,49384556623,scored
14070,14,49384688907,scored
14071,9,49385288107,scored
14072,13,49386445608,scored
14073,11,49395245698,scored
14074,6,49403904860,scored
14075,15,49405761941,scored
14076,3,49413198253,scored
14077,5,49416032176,scored
14078,8,49417470757,scored
14079,1,49419399658,scored
14080,0,49425024917,scored
14081,2,49425845330,scored
14082,9,49426548924,scored
14083,13,49427233908,scored
14084,7,49428176227,scored
14085,14,49430912938,scored
14086,10,49432912678,scored
14087,12,49436316549,scored
14088,11,49436374875,scored
14089,4,49436669721,scored
14090,6,49447318411,scored
14091,15,49450697078,scored
14092,3,49455848655,scored
14093,5,49456995084,scored
14094,8,49457772362,scored
14095,1,49459642466,scored
14096,0,49466871868,scored
14097,9,49467722947,scored
14098,13,49474516627,scored
14099,14,49474525344,scored
14100,7,49475024528,scored
14101,4,49479425436,scored
14102,10,49479440295,scored
14103,11,49479890140,scored
14104,12,49480716427,scored
14105,2,49482196886,scored
14106,6,49490349668,scored
14107,8,49499254488,scored
14108,3,49500268417,scored
14109,5,49501093629,scored
14110,15,49504714833,scored
14111,1,49505254415,scored
14112,9,49508957558,scored
14113,0,49515772398,scored
14114,13,49517306582,scored
14115,12,49525396154,scored
14116,14,49525483191,scored
14117,10,49526508179,scored
14118,7,49531591738,scored
14119,4,49535206719,scored
14120,2,49541397950,scored
14121,11,49544733075,scored
14122,1,49548642123,scored
14123,5,49550207845,scored
14124,15,49553834612,scored
14125,3,49556980360,scored
14126,9,49557590828,scored
14127,8,49558286738,scored
14128,6,49566684585,scored
14129,14,49570970246,scored
14130,7,49575930091,scored
14131,10,49579655811,scored
14132,2,49584166003,scored
14133,12,49584666857,scored
14134,13,49586157911,scored
14135,11,49586186226,scored
14136,0,49587593188,scored
14137,4,49588551140,scored
14138,1,49588906102,scored
14139,5,49592254600,scored
14140,15,49595504518,scored
14141,3,49597544498,scored
14142,8,49600737100,scored
14143,6,49606854355,scored
14144,14,49612149183,scored
14145,9,49612568448,scored
14146,7,49616002476,scored
14147,12,49628458007,scored
14148,0,49628513238,scored
14149,11,49629983967,scored
14150,2,49630849045,scored
14151,1,49634487909,scored
14152,13,49634490445,scored
14153,10,49634624898,scored
14154,15,49636551865,scored
14155,5,49636554457,scored
14156,3,49642487000,scored
14157,14,49652235425,scored
14158,4,49653083015,scored
14159,6,49653603128,scored
14160,8,49653877175,scored
14161,9,49654942844,scored
14162,7,49664570011,scored
14163,12,49668937326,scored
14164,2,49673083978,scored
14165,0,49673635625,scored
14166,1,49675622072,scored
14167,11,49676251189,scored
14168,15,49678441680,scored
14169,13,49679798238,scored
14170,5,49681572794,scored
14171,10,49687970340,scored
14172,3,49688087479,scored
14173,8,49695156023,scored
14174,6,49697663417,scored
14175,9,49699092718,scored
14176,4,49703260635,scored
14177,14,49703629727,scored
14178,7,49706900389,scored
14179,12,49710779407,scored
14180,1,49716513439,scored
14181,15,49721353233,scored
14182,0,49727581775,scored
14183,11,49728058143,scored
14184,13,49731601170,scored
14185,5,49736595694,scored
14186,9,49740218460,scored
14187,2,49741536108,scored
14188,4,49744879911,scored
14189,8,49747056318,scored
14190,3,49747916602,scored
14191,10,49750125235,scored
14192,12,49750913489,scored
14193,14,49759940013,scored
14194,7,49761764438,scored
14195,6,49763822321,scored
14196,0,49770393062,scored
14197,15,49772552519,scored
14198,11,49775550235,scored
14199,1,49777697678,scored
14200,13,49778413052,scored
14201,9,49785580210,scored
14202,4,49790291807,scored
14203,10,49790564654,scored
14204,8,49795492290,scored
14205,12,49798719170,scored
14206,14,49805319593,scored
14207,2,49805692497,scored
14208,3,49809311022,scored
14209,7,49814565792,scored
14210,0,49816099263,scored
14211,5,49820545035,scored
14212,6,49821607956,scored
14213,11,49821935150,scored
14214,13,49821995490,scored
14215,1,49827828492,scored
14216,15,49828659065,scored
14217,9,49829750654,scored
14218,10,49830756501,scored
14219,4,49830840680,scored
14220,8,49842310003,scored
14221,12,49842318041,scored
14222,2,49846430043,scored
14223,14,49849043066,scored
14224,3,49850045301,scored
14225,7,49855229962,scored
14226,0,49860392654,scored
14227,11,49865079489,scored
14228,6,49865997623,scored
14229,5,49867553054,scored
14230,15,49869650342,scored
14231,9,49870277642,scored
14232,4,49871557636,scored
14233,1,49871643158,scored
14234,13,49874151808,scored
14235,10,49876429805,scored
14236,8,49882708596,scored
14237,12,49886789476,scored
14238,14,49889676706,scored
14239,2,49889884381,scored
14240,3,49891719817,scored
14241,7,49900553151,scored
14242,6,49907351048,scored
14243,0,49908890847,scored
14244,1,49918623292,scored
14245,15,49921281596,scored
14246,13,49923619266,scored
14247,5,49927518294,scored
14248,4,49927875275,scored
14249,11,49928853783,scored
14250,12,49928883298,scored
14251,2,49930366534,scored
14252,9,49931255283,scored
14253,8,49934305658,scored
14254,7,49941489761,scored
14255,14,49943803933,scored
14256,3,49945182704,scored
14257,10,49945565927,scored
14258,0,49949483555,scored
14259,6,49954312755,scored
14260,1,49960551692,scored
14261,15,49962332433,scored
14262,13,49966869529,scored
14263,5,49968390821,scored
14264,8,49974540150,scored
14265,2,49981270447,scored
14266,7,49984931092,scored
14267,3,49992005723,scored
14268,11,49995883053,scored
14269,6,50002376495,scored
14270,0,50007157317,scored
14271,14,50010422836,scored
14272,12,50013311294,scored
14273,13,50014610068,scored
14274,15,50023572409,scored
14275,10,50024473601,scored
14276,9,50025393230,scored
14277,4,50028519196,scored
14278,8,50036904347,scored
14279,1,50038212798,scored
14280,11,50040650317,scored
14281,3,50040807426,scored
14282,7,50042522788,scored
14283,5,50045274196,scored
14284,0,50051822471,scored
14285,6,50055701641,scored
14286,12,50055999957,scored
14287,14,50057805849,scored
14288,13,50059773342,scored
14289,2,50066074026,scored
14290,4,50071360158,scored
14291,9,50071378421,scored
14292,15,50074460306,scored
14293,8,50079828979,scored
14294,10,50081404511,scored
14295,3,50083520093,scored
14296,7,50083635580,scored
14297,1,50086957335,scored
14298,0,50094475976,scored
14299,11,50095386434,scored
14300,5,50095881183,scored
14301,6,50097163092,scored
14302,14,50098257393,scored
14303,12,50099024060,scored
14304,13,50100012544,scored
14305,2,50110059556,scored
14306,4,50111373031,scored
14307,9,50115849897,scored
14308,15,50117579915,scored
14309,8,50119889262,scored
14310,10,50122607393,scored
14311,3,50126874927,scored
14312,7,50134325490,scored
14313,12,50146984370,scored
14314,13,50150300081,scored
14315,14,50150407826,scored
14316,4,50158267277,scored
14317,6,50162575953,scored
14318,1,50164765718,scored
14319,5,50165302823,scored
14320,0,50173816080,scored
14321,3,50175654119,scored
14322,10,50182817321,scored
14323,15,50184215977,scored
14324,11,50184533792,scored
14325,7,50187695779,scored
14326,2,50188959131,scored
14327,14,50194094244,scored
14328,13,50201265699,scored
14329,6,50203826018,scored
14330,9,50204264420,scored
14331,12,50204379069,scored
14332,8,50206519230,scored
14333,5,50207252307,scored
14334,1,50209756341,scored
14335,4,50221981816,scored
14336,11,50229915385,scored
14337,2,50236309161,scored
14338,10,50237027376,scored
14339,14,50239798428,scored
14340,15,50239975930,scored
14341,0,50241109866,scored
14342,3,50241223970,scored
14343,9,50244648743,scored
14344,7,50247400947,scored
14345,8,50250852929,scored
14346,13,50251359089,scored
14347,5,50252837866,scored
14348,6,50254654589,scored
14349,1,50255300699,scored
14350,12,50255614778,scored
14351,4,50263807657,scored
14352,11,50271288797,scored
14353,2,50280835803,scored
14354,3,50283477791,scored
14355,0,50283575866,scored
14356,10,50283946810,scored
14357,14,50285020362,scored
14358,15,50286181732,scored
14359,9,50290487267,scored
14360,7,50291403563,scored
14361,13,50294005918,scored
14362,6,50295157076,scored
14363,1,50295785588,scored
14364,5,50299853703,scored
14365,8,50299927033,scored
14366,12,50303334895,scored
14367,4,50306739059,scored
14368,11,50312927627,scored
14369,2,50321507284,scored
14370,0,50325463829,scored
14371,10,50328297963,scored
14372,3,50333900623,scored
14373,1,50340865745,scored
14374,13,50344119023,scored
14375,12,50346550059,scored
14376,14,50347577462,scored
14377,9,50347783837,scored
14378,15,50348780393,scored
14379,4,50352909850,scored
14380,5,50353882427,scored
14381,7,50354014016,scored
14382,6,50355320313,scored
14383,8,50357706482,scored
14384,11,50358621382,scored
14385,0,50366845198,scored
14386,2,50371654686,scored
14387,10,50373831828,scored
14388,3,50376774087,scored
14389,1,50381061559,scored
14390,9,50389380484,scored
14391,14,50392433317,scored
14392,4,50397018217,scored
14393,8,50397779568,scored
14394,15,50404402697,scored
14395,13,50405787547,scored
14396,12,50408433922,scored
14397,0,50412591534,scored
14398,6,50415074670,scored
14399,11,50415670219,scored
14400,3,50419975696,scored
14401,7,50423680144,scored
14402,2,50423909587,scored
14403,1,50428179239,scored
14404,10,50428839650,scored
14405,5,50429015863,scored
14406,9,50431833475,scored
14407,14,50436939260,scored
14408,8,50440226863,scored
14409,4,50440573514,scored
14410,15,50446189958,scored
14411,13,50446671906,scored
14412,12,50451439569,scored
14413,0,50452858558,scored
14414,11,50457371678,scored
14415,6,50457626119,scored
14416,3,50460882646,scored
14417,2,50467148620,scored
14418,7,50467808292,scored
14419,1,50471593741,scored
14420,5,50475713203,scored
14421,9,50475958460,scored
14422,14,50478496040,scored
14423,10,50480035674,scored
14424,8,50482418968,scored
14425,4,50483517081,scored
14426,15,50491405090,scored
14427,0,50493341607,scored
14428,12,50493985422,scored
14429,13,50499579185,scored
14430,6,50502729201,scored
14431,3,50505030639,scored
14432,11,50510122119,scored
14433,2,50510680257,scored
14434,1,50512674096,scored
14435,5,50528945542,scored
14436,9,50529068541,scored
14437,4,50532179085,scored
14438,10,50533299144,scored
14439,8,50536621843,scored
14440,0,50536837712,scored
14441,7,50539562567,scored
14442,13,50539852849,scored
14443,14,50541153045,scored
14444,15,50542849642,scored
14445,12,50543530919,scored
14446,6,50546096769,scored
14447,3,50546576349,scored
14448,1,50559344143,scored
14449,11,50560222490,scored
14450,2,50562207769,scored
14451,5,50571501477,scored
14452,9,50577019338,scored
14453,4,50579488688,scored
14454,0,50579550618,scored
14455,8,50584085192,scored
14456,7,50584947884,scored
14457,14,50593159034,scored
14458,12,50593990853,scored
14459,3,50595331648,scored
14460,6,50596891670,scored
14461,13,50597736271,scored
14462,15,50598093718,scored
14463,10,50601009052,scored
14464,2,50602457028,scored
14465,11,50602579929,scored
14466,1,50606363386,scored
14467,5,50616503635,scored
14468,0,50619911005,scored
14469,9,50621935090,scored
14470,4,50622643270,scored
14471,8,50625681722,scored
14472,7,50627129262,scored
14473,14,50633395787,scored
14474,12,50634102901,scored
14475,3,50636414680,scored
14476,6,50637455946,scored
14477,15,50642376092,scored
14478,11,50646006893,scored
14479,13,50646052365,scored
14480,10,50654018550,scored
14481,2,50656349146,scored
14482,5,50658538294,scored
14483,1,50659723595,scored
14484,0,50660693363,scored
14485,9,50667049956,scored
14486,7,50670007606,scored
14487,4,50676479906,scored
14488,8,50682668742,scored
14489,14,50682892221,scored
14490,15,50683988949,scored
14491,12,50684097383,scored
14492,3,50689735207,scored
14493,6,50691851775,scored
14494,11,50692268521,scored
14495,13,50693504140,scored
14496,10,50698302814,scored
14497,2,50698443731,scored
14498,5,50699353579,scored
14499,0,50701524611,scored
14500,1,50701776929,scored
14501,9,50707511055,scored
14502,7,50711823193,scored
14503,4,50717336878,scored
14504,14,50724784897,scored
14505,3,50730426971,scored
14506,8,50741289598,scored
14507,15,50741375055,scored
14508,2,50741670617,scored
14509,5,50742013576,scored
14510,6,50744350525,scored
14511,13,50751032050,scored
14512,11,50751423632,scored
14513,12,50751425629,scored
14514,7,50764337127,scored
14515,9,50764981764,scored
14516,10,50765869410,scored
14517,1,50769630240,scored
14518,0,50771280311,scored
14519,4,50773834962,scored
14520,3,50773998404,scored
14521,14,50775205955,scored
14522,8,50781415142,scored
14523,5,50783044127,scored
14524,6,50787130176,scored
14525,15,50787553129,scored
14526,2,50790780555,scored
14527,13,50792956911,scored
14528,11,50794615725,scored
14529,12,50799131814,scored
14530,9,50807650394,scored
14531,10,50807752532,scored
14532,7,50810088480,scored
14533,0,50813485014,scored
14534,1,50813525262,scored
14535,4,50814734244,scored
14536,8,50822452562,scored
14537,3,50832140417,scored
14538,14,50834041306,scored
14539,2,50842401047,scored
14540,15,50850193989,scored
14541,12,50850963925,scored
14542,10,50853078340,scored
14543,1,50857329930,scored
14544,0,50857408847,scored
14545,11,50857704599,scored
14546,13,50863645853,scored
14547,9,50866524936,scored
14548,6,50868519685,scored
14549,4,50868750009,scored
14550,7,50869739350,scored
14551,5,50870984282,scored
14552,3,50877550384,scored
14553,8,50879336675,scored
14554,2,50884244378,scored
14555,14,50884428380,scored
14556,15,50893042148,scored
14557,12,50893073994,scored
14558,10,50894085472,scored
14559,0,50903391620,scored
14560,11,50904743912,scored
14561,13,50905368091,scored
14562,1,50905642590,scored
14563,9,50906791634,scored
14564,4,50910080730,scored
14565,5,50918920001,scored
14566,3,50920204548,scored
14567,6,50921247889,scored
14568,8,50923218312,scored
14569,7,50925060807,scored
14570,2,50928717893,scored
14571,10,50935698769,scored
14572,14,50936792833,scored
14573,12,50939459460,scored
14574,15,50941087995,scored
14575,0,50944548489,scored
14576,1,50949065399,scored
14577,9,50950025548,scored
14578,4,50956498385,scored
14579,13,50957090554,scored
14580,11,50958883651,scored
14581,5,50960102249,scored
14582,8,50964937475,scored
14583,6,50965903737,scored
14584,7,50968637022,scored
14585,2,50970167529,scored
14586,3,50972267227,scored
14587,14,50984047736,scored
14588,9,50991551766,scored
14589,0,50993972219,scored
14590,1,50995683697,scored
14591,10,50995684798,scored
14592,13,51004733473,scored
14593,8,51005283252,scored
14594,4,51006894359,scored
14595,5,51007836187,scored
14596,6,51008578378,scored
14597,11,51010836212,scored
14598,15,51012239752,scored
14599,7,51013805406,scored
14600,2,51014085936,scored
14601,3,51014320676,scored
14602,12,51015056009,scored
14603,14,51028649662,scored
14604,9,51031825670,scored
14605,1,51038639762,scored
14606,0,51039029517,scored
14607,4,51049691189,scored
14608,10,51049912270,scored
14609,15,51053925428,scored
14610,11,51057468314,scored
14611,2,51059531953,scored
14612,5,51059956551,scored
14613,3,51061467651,scored
14614,7,51061907215,scored
14615,13,51062834935,scored
14616,6,51063893714,scored
14617,8,51065431807,scored
14618,12,51067738785,scored
14619,14,51069371009,scored
14620,9,51072974470,scored
14621,1,51078713889,scored
14622,0,51083154054,scored
14623,15,51095617938,scored
14624,10,51097938285,scored
14625,11,51097940828,scored
14626,4,51098030571,scored
14627,5,51100786966,scored
14628,3,51104521354,scored
14629,2,51105633626,scored
14630,7,51110175571,scored
14631,13,51110798335,scored
14632,12,51114192290,scored
14633,14,51116412384,scored
14634,1,51128740615,scored
14635,6,51129764727,scored
14636,9,51129810240,scored
14637,0,51129881585,scored
14638,8,51131318156,scored
14639,4,51140134588,scored
14640,11,51147052104,scored
14641,10,51148503112,scored
14642,3,51148857306,scored
14643,13,51154064563,scored
14644,2,51158234131,scored
14645,7,51163739662,scored
14646,14,51168926995,scored
14647,1,51171877405,scored
14648,9,51172065773,scored
14649,5,51174983348,scored
14650,15,51176929819,scored
14651,8,51179232888,scored
14652,0,51188145954,scored
14653,11,51194002455,scored
14654,6,51202008003,scored
14655,10,51202222401,scored
14656,3,51202971947,scored
14657,7,51204211275,scored
14658,12,51204739412,scored
14659,2,51205812815,scored
14660,13,51207494486,scored
14661,4,51207588904,scored
14662,1,51212606802,scored
14663,9,51214130330,scored
14664,14,51214869075,scored
14665,5,51215955510,scored
14666,15,51218939037,scored
14667,8,51221016308,scored
14668,0,51228474120,scored
14669,11,51234463296,scored
14670,12,51246923397,scored
14671,3,51248047840,scored
14672,13,51248190589,scored
14673,4,51249946597,scored
14674,2,51251286438,scored
14675,10,51251476674,scored
14676,6,51251658037,scored
14677,5,51262200219,scored
14678,9,51262795610,scored
14679,8,51266523857,scored
14680,15,51267774757,scored
14681,0,51277467046,scored
14682,14,51278357698,scored
14683,1,51279612427,scored
14684,7,51280602058,scored
14685,11,51280792897,scored
14686,3,51295185145,scored
14687,4,51295615363,scored
14688,12,51296153475,scored
14689,2,51299345892,scored
14690,6,51301052839,scored
14691,9,51310305170,scored
14692,10,51312235353,scored
14693,15,51314959643,scored
14694,13,51315275542,scored
14695,8,51318406944,scored
14696,14,51331086936,scored
14697,11,51331820347,scored
14698,0,51332195708,scored
14699,5,51333367334,scored
14700,7,51333983078,scored
14701,2,51346628048,scored
14702,4,51350722404,scored
14703,6,51353856277,scored
14704,3,51354207567,scored
14705,15,51357697686,scored
14706,8,51366057163,scored
14707,9,51367766561,scored
14708,10,51368786207,scored
14709,1,51368994314,scored
14710,12,51369470756,scored
14711,13,51370866849,scored
14712,14,51372106229,scored
14713,11,51377180149,scored
14714,0,51380399415,scored
14715,7,51380539314,scored
14716,5,51381978637,scored
14717,2,51390310679,scored
14718,4,51392554675,scored
14719,6,51394470792,scored
14720,3,51398097724,scored
14721,15,51405332737,scored
14722,8,51406588479,scored
14723,9,51411299330,scored
14724,13,51413813651,scored
14725,10,51416039717,scored
14726,1,51417579789,scored
14727,12,51419792879,scored
14728,0,51420451598,scored
14729,7,51420966019,scored
14730,11,51422614157,scored
14731,5,51426447572,scored
14732,14,51430599485,scored
14733,4,51435849570,scored
14734,2,51435925230,scored
14735,6,51437218056,scored
14736,3,51439268752,scored
14737,8,51449556324,scored
14738,15,51449694299,scored
14739,1,51462371835,scored
14740,11,51463129210,scored
14741,10,51464509996,scored
14742,5,51469388427,scored
14743,4,51477235380,scored
14744,13,51477882366,scored
14745,0,51480786245,scored
14746,2,51482377604,scored
14747,14,51483335897,scored
14748,9,51483787560,scored
14749,3,51485374548,scored
14750,7,51487734304,scored
14751,15,51496391295,scored
14752,8,51496478562,scored
14753,12,51498730797,scored
14754,6,51499665897,scored
14755,1,51502593609,scored
14756,11,51509320973,scored
14757,5,51512739224,scored
14758,10,51515120666,scored
14759,4,51520088229,scored
14760,13,51520472281,scored
14761,0,51522579521,scored
14762,14,51526536852,scored
14763,3,51528469672,scored
14764,7,51529976123,scored
14765,9,51533382778,scored
14766,2,51536229674,scored
14767,15,51539202932,scored
14768,6,51539874572,scored
14769,12,51540175246,scored
14770,8,51540375095,scored
14771,1,51546096881,scored
14772,11,51554195201,scored
14773,5,51554772997,scored
14774,10,51557643816,scored
14775,4,51561460188,scored
14776,13,51562758812,scored
14777,0,51563273298,scored
14778,14,51568171313,scored
14779,3,51574767789,scored
14780,9,51576154512,scored
14781,2,51576407764,scored
14782,6,51580027849,scored
14783,8,51581664275,scored
14784,12,51589902567,scored
14785,15,51590525412,scored
14786,7,51592969415,scored
14787,1,51593263100,scored
14788,5,51596522215,scored
14789,11,51596596865,scored
14790,13,51605278285,scored
14791,0,51607919292,scored
14792,14,51608913934,scored
14793,4,51616184933,scored
14794,2,51616573928,scored
14795,3,51619015134,scored
14796,6,51623692901,scored
14797,9,51624764565,scored
14798,10,51624812246,scored
14799,8,51625262997,scored
14800,15,51632415417,scored
14801,7,51633095845,scored
14802,12,51636226898,scored
14803,5,51638828691,scored
14804,1,51639419644,scored
14805,11,51645173432,scored
14806,13,51646921367,scored
14807,14,51649190294,scored
14808,0,51649472455,scored
14809,4,51658191187,scored
14810,3,51663250542,scored
14811,2,51665891179,scored
14812,9,51666246732,scored
14813,10,51666994652,scored
14814,8,51669914251,scored
14815,7,51676148551,scored
14816,5,51679167430,scored
14817,15,51680184051,scored
14818,1,51682782873,scored
14819,11,51686265723,scored
14820,13,51688817604,scored
14821,12,51690745802,scored
14822,0,51691251416,scored
14823,14,51694358494,scored
14824,6,51697053713,scored
14825,4,51700714788,scored
14826,2,51706159431,scored
14827,3,51706903909,scored
14828,10,51707915170,scored
14829,9,51708396190,scored
14830,8,51714096237,scored
14831,7,51717097513,scored
14832,5,51724969376,scored
14833,15,51727096815,scored
14834,12,51730821420,scored
14835,11,51731604914,scored
14836,13,51742758531,scored
14837,4,51751712335,scored
14838,8,51758044405,scored
14839,10,51774471709,scored
14840,15,51775367346,scored
14841,3,51775984288,scored
14842,0,51777547291,scored
14843,1,51782184790,scored
14844,13,51783267692,scored
14845,14,51784129964,scored
14846,5,51787047186,scored
14847,2,51787364369,scored
14848,11,51787422986,scored
14849,7,51787841111,scored
14850,12,51788021966,scored
14851,6,51788094674,scored
14852,9,51794355288,scored
14853,4,51798388317,scored
14854,8,51801645281,scored
14855,15,51815697039,scored
14856,10,51816231561,scored
14857,3,51816379421,scored
14858,0,51818260552,scored
14859,1,51822446089,scored
14860,13,51824570351,scored
14861,14,51826542699,scored
14862,5,51827311859,scored
14863,2,51830820336,scored
14864,6,51832375492,scored
14865,11,51832714449,scored
14866,7,51833056986,scored
14867,12,51833279032,scored
14868,9,51837373835,scored
14869,4,51840962938,scored
14870,8,51844294085,scored
14871,10,51864630165,scored
14872,1,51867075369,scored
14873,0,51869215367,scored
14874,11,51875465214,scored
14875,7,51877859010,scored
14876,3,51880887973,scored
14877,6,51881867706,scored
14878,12,51883169240,scored
14879,9,51883888521,scored
14880,2,51886448461,scored
14881,5,51886873496,scored
14882,4,51894716573,scored
14883,15,51895575776,scored
14884,8,51896564940,scored
14885,13,51900039757,scored
14886,14,51902021126,scored
14887,10,51906215882,scored
14888,1,51907254079,scored
14889,0,51913286453,scored
14890,11,51916565221,scored
14891,7,51919541285,scored
14892,2,51926454556,scored
14893,9,51928395303,scored
14894,3,51930008185,scored
14895,5,51932389953,scored
14896,12,51934389016,scored
14897,4,51934850336,scored
14898,8,51939225455,scored
14899,6,51939302405,scored
14900,13,51940926671,scored
14901,10,51949115741,scored
14902,14,51957715961,scored
14903,11,51958011504,scored
14904,15,51962044259,scored
14905,0,51962635975,scored
14906,1,51963010766,scored
14907,7,51966647265,scored
14908,2,51967499079,scored
14909,9,51977042118,scored
14910,3,51978428081,scored
14911,8,51980483658,scored
14912,5,51982601186,scored
14913,10,51990796765,scored
14914,6,51994169667,scored
14915,14,52000398303,scored
14916,15,52002128411,scored
14917,12,52005787052,scored
14918,11,52008492543,scored
14919,2,52010149383,scored
14920,7,52010661745,scored
14921,0,52011712702,scored
14922,1,52013861978,scored
14923,13,52016206003,scored
14924,4,52017369368,scored
14925,8,52029460285,scored
14926,3,52029472724,scored
14927,9,52030827599,scored
14928,5,52032767010,scored
14929,6,52037524771,scored
14930,10,52037919634,scored
14931,14,52043992511,scored
14932,15,52044876826,scored
14933,12,52047789633,scored
14934,7,52052466722,scored
14935,0,52053590652,scored
14936,2,52054451422,scored
14937,1,52056705019,scored
14938,11,52056959162,scored
14939,13,52057367962,scored
14940,4,52063867038,scored
14941,8,52069656773,scored
14942,5,52076483701,scored
14943,6,52080564095,scored
14944,3,52085578491,scored
14945,12,52089661924,scored
14946,10,52095298993,scored
14947,9,52096246594,scored
14948,0,52096404509,scored
14949,11,52113087326,scored
14950,4,52114011381,scored
14951,15,52114071793,scored
14952,2,52115850278,scored
14953,13,52117760365,scored
14954,8,52120501992,scored
14955,1,52120901924,scored
14956,5,52123381885,scored
14957,6,52125528395,scored
14958,7,52125824590,scored
14959,3,52126999540,scored
14960,14,52129132689,scored
14961,12,52130345308,scored
14962,10,52135870246,scored
14963,9,52138394185,scored
14964,0,52140335206,scored
14965,11,52157221969,scored
14966,15,52159162112,scored
14967,4,52165463657,scored
14968,1,52167148132,scored
14969,8,52167514194,scored
14970,5,52168168827,scored
14971,7,52171324262,scored
14972,12,52175698614,scored
14973,13,52178055643,scored
14974,2,52180567006,scored
14975,10,52184448499,scored
14976,6,52187012782,scored
14977,0,52189023159,scored
14978,14,52189172699,scored
14979,9,52194809701,scored
14980,3,52196049445,scored
14981,11,52198844988,scored
14982,15,52201690796,scored
14983,1,52207172601,scored
14984,8,52208095557,scored
14985,5,52210656200,scored
14986,7,52214971644,scored
14987,12,52216098205,scored
14988,13,52219715668,scored
14989,2,52223881200,scored
14990,10,52225241383,scored
14991,0,52229532572,scored
14992,4,52234288781,scored
14993,3,52237544181,scored
14994,6,52241340131,scored
14995,14,52247158177,scored
14996,15,52248720574,scored
14997,9,52249404138,scored
14998,11,52252245111,scored
14999,5,52252971914,scored
15000,1,52253473240,scored
15001,12,52257140813,scored
15002,7,52257469325,scored
15003,2,52266033113,scored
15004,10,52267387959,scored
15005,8,52267509074,scored
15006,13,52268611440,scored
15007,0,52270216810,scored
15008,4,52279869697,scored
15009,3,52280313799,scored
15010,6,52281645848,scored
15011,14,52287859987,scored
15012,5,52293808639,scored
15013,15,52295323378,scored
15014,12,52301222968,scored
15015,1,52301924743,scored
15016,9,52303753319,scored
15017,8,52307735291,scored
15018,7,52313621220,scored
15019,10,52316868364,scored
15020,13,52319745277,scored
15021,3,52320759821,scored
15022,11,52328649207,scored
15023,4,52329081137,scored
15024,0,52330867252,scored
15025,14,52333517159,scored
15026,5,52334795548,scored
15027,6,52335488170,scored
15028,15,52335997099,scored
15029,2,52340728226,scored
15030,1,52344265222,scored
15031,12,52345435514,scored
15032,9,52347598378,scored
15033,8,52349048402,scored
15034,7,52355976918,scored
15035,13,52359856100,scored
15036,10,52360480335,scored
15037,3,52363035028,scored
15038,11,52369244673,scored
15039,4,52369251686,scored
15040,0,52371409155,scored
15041,14,52373607649,scored
15042,5,52377389085,scored
15043,15,52377897116,scored
15044,6,52381147331,scored
15045,2,52381667301,scored
15046,1,52384298205,scored
15047,9,52389118838,scored
15048,12,52393651630,scored
15049,8,52393651845,scored
15050,7,52396745028,scored
15051,11,52410539951,scored
15052,4,52412054826,scored
15053,14,52414059556,scored
15054,0,52416532068,scored
15055,3,52416683879,scored
15056,13,52417047121,scored
15057,15,52419619529,scored
15058,10,52420119148,scored
15059,5,52421313564,scored
15060,6,52421800094,scored
15061,2,52423415593,scored
15062,9,52430456688,scored
15063,1,52438477934,scored
15064,8,52443283913,scored
15065,7,52446492061,scored
15066,12,52450375016,scored
15067,11,52450652680,scored
15068,4,52452180471,scored
15069,0,52457672070,scored
15070,15,52460228978,scored
15071,14,52461335468,scored
15072,3,52465897112,scored
15073,13,52470576652,scored
15074,1,52486950781,scored
15075,2,52494430848,scored
15076,7,52494782648,scored
15077,12,52496826594,scored
15078,6,52498084243,scored
15079,5,52502899501,scored
15080,3,52505913390,scored
15081,8,52506180657,scored
15082,0,52506469248,scored
15083,4,52507957644,scored
15084,14,52509610341,scored
15085,11,52511886997,scored
15086,9,52512174269,scored
15087,15,52514295462,scored
15088,10,52521031091,scored
15089,13,52522062697,scored
15090,1,52529778405,scored
15091,12,52537179014,scored
15092,7,52539523431,scored
15093,6,52548995084,scored
15094,2,52552711673,scored
15095,9,52556877547,scored
15096,0,52560024925,scored
15097,4,52562609701,scored
15098,13,52567766885,scored
15099,1,52572734356,scored
15100,8,52573759695,scored
15101,11,52576731739,scored
15102,3,52578583871,scored
15103,12,52578997657,scored
15104,5,52579133786,scored
15105,15,52579464634,scored
15106,7,52581321689,scored
15107,10,52581394427,scored
15108,14,52594564959,scored
15109,0,52606050138,scored
15110,2,52609668089,scored
15111,9,52612178935,scored
15112,15,52619705478,scored
15113,4,52620380273,scored
15114,3,52625724375,scored
15115,12,52628569794,scored
15116,11,52628910797,scored
15117,1,52629651059,scored
15118,8,52632614671,scored
15119,10,52632706081,scored
15120,7,52634869340,scored
15121,5,52641701941,scored
15122,6,52643382105,scored
15123,14,52643888065,scored
15124,0,52651684634,scored
15125,2,52651689455,scored
15126,9,52655627766,scored
15127,13,52656900605,scored
15128,15,52660542127,scored
15129,4,52661868768,scored
15130,3,52665803822,scored
15131,11,52670223002,scored
15132,12,52670801347,scored
15133,1,52673655488,scored
15134,7,52679335355,scored
15135,5,52681751366,scored
15136,8,52681804872,scored
15137,10,52682505146,scored
15138,14,52684769795,scored
15139,6,52685014705,scored
15140,2,52696111643,scored
15141,0,52696802542,scored
15142,9,52700025109,scored
15143,4,52701901756,scored
15144,11,52710299415,scored
15145,3,52710395654,scored
15146,15,52711146891,scored
15147,12,52711945426,scored
15148,13,52712042377,scored
15149,1,52719153220,scored
15150,7,52724063000,scored
15151,8,52724375095,scored
15152,14,52727055045,scored
15153,6,52730529722,scored
15154,5,52734833035,scored
15155,10,52735757928,scored
15156,2,52738404284,scored
15157,9,52743321219,scored
15158,11,52752813252,scored
15159,3,52752953118,scored
15160,0,52753863679,scored
15161,15,52756143004,scored
15162,12,52756253624,scored
15163,4,52757145801,scored
15164,13,52758332303,scored
15165,1,52764563705,scored
15166,7,52765004815,scored
15167,8,52767520221,scored
15168,14,52769856943,scored
15169,2,52780782146,scored
15170,5,52782266063,scored
15171,6,52786812807,scored
15172,12,52804149589,scored
15173,3,52805994005,scored
15174,11,52806442528,scored
15175,1,52817889081,scored
15176,0,52818629539,scored
15177,15,52820108670,scored
15178,8,52822991860,scored
15179,5,52823760832,scored
15180,7,52828302251,scored
15181,4,52831302364,scored
15182,9,52833047054,scored
15183,10,52834493769,scored
15184,14,52835055978,scored
15185,6,52841042311,scored
15186,13,52843357975,scored
15187,2,52845282042,scored
15188,3,52846172273,scored
15189,12,52847992055,scored
15190,11,52849478496,scored
15191,0,52859386759,scored
15192,15,52862354791,scored
15193,5,52863846770,scored
15194,8,52866333162,scored
15195,4,52871405593,scored
15196,1,52873591095,scored
15197,14,52876422177,scored
15198,9,52876446739,scored
15199,6,52881891976,scored
15200,7,52885277717,scored
15201,12,52890368066,scored
15202,3,52892619921,scored
15203,10,52897491317,scored
15204,13,52903509820,scored
15205,15,52903512482,scored
15206,8,52907125380,scored
15207,11,52908729185,scored
15208,2,52911293492,scored
15209,0,52913200186,scored
15210,4,52920664387,scored
15211,1,52923281184,scored
15212,9,52927680959,scored
15213,12,52930903995,scored
15214,3,52934308420,scored
15215,5,52934364045,scored
15216,14,52934572969,scored
15217,6,52934750369,scored
15218,7,52935116736,scored
15219,10,52939012710,scored
15220,13,52945281637,scored
15221,15,52948057571,scored
15222,11,52948938053,scored
15223,2,52957894177,scored
15224,0,52958749246,scored
15225,8,52958894654,scored
15226,4,52961662162,scored
15227,1,52966316804,scored
15228,9,52969142205,scored
15229,12,52971372291,scored
15230,7,52977615159,scored
15231,13,52985375294,scored
15232,3,52986483905,scored
15233,10,52986620640,scored
15234,5,52987027619,scored
15235,6,52987366054,scored
15236,11,52989144770,scored
15237,14,52989812407,scored
15238,15,52989924860,scored
15239,2,52998393193,scored
15240,8,53000781942,scored
15241,0,53001455486,scored
15242,4,53003120898,scored
15243,9,53020762010,scored
15244,7,53023323338,scored
15245,1,53023988752,scored
15246,12,53026593861,scored
15247,10,53026996256,scored
15248,3,53027269015,scored
15249,5,53031197066,scored
15250,11,53033349916,scored
15251,15,53034136878,scored
15252,14,53037139436,scored
15253,2,53038511323,scored
15254,6,53039705692,scored
15255,0,53042740257,scored
15256,8,53050880409,scored
15257,13,53053347067,scored
15258,4,53054293163,scored
15259,9,53060956037,scored
15260,12,53066619354,scored
15261,7,53068660863,scored
15262,10,53068776443,scored
15263,3,53073552330,scored
15264,5,53074158540,scored
15265,6,53079754329,scored
15266,2,53079810147,scored
15267,15,53083868166,scored
15268,0,53087793336,scored
15269,14,53090522486,scored
15270,1,53095243642,scored
15271,8,53098871029,scored
15272,13,53100176321,scored
15273,9,53101990623,scored
15274,11,53103053019,scored
15275,3,53114002791,scored
15276,7,53115050387,scored
15277,12,53115445251,scored
15278,10,53119820940,scored
15279,4,53122469014,scored
15280,5,53123046542,scored
15281,0,53130111627,scored
15282,2,53132607953,scored
15283,6,53135491029,scored
15284,15,53136962378,scored
15285,14,53137352812,scored
15286,8,53139017630,scored
15287,1,53139083469,scored
15288,13,53141451904,scored
15289,9,53142120275,scored
15290,11,53143067530,scored
15291,3,53154262588,scored
15292,7,53157957240,scored
15293,5,53164952173,scored
15294,12,53167390012,scored
15295,4,53167684103,scored
15296,10,53167734437,scored
15297,0,53172299459,scored
15298,2,53173536374,scored
15299,8,53181490995,scored
15300,9,53184700425,scored
15301,15,53189450522,scored
15302,3,53195197231,scored
15303,6,53201846184,scored
15304,7,53203492955,scored
15305,5,53207241879,scored
15306,4,53208085675,scored
15307,14,53208298271,scored
15308,10,53209550008,scored
15309,13,53214251358,scored
15310,12,53220069404,scored
15311,0,53221442623,scored
15312,8,53223049503,scored
15313,1,53224043338,scored
15314,11,53224393683,scored
15315,9,53225226438,scored
15316,2,53225465173,scored
15317,15,53233124066,scored
15318,3,53238018545,scored
15319,6,53242963973,scored
15320,7,53246578093,scored
15321,5,53247263312,scored
15322,10,53250294709,scored
15323,13,53257757842,scored
15324,14,53259884096,scored
15325,12,53260121281,scored
15326,4,53260592110,scored
15327,0,53261541334,scored
15328,8,53263255275,scored
15329,11,53264769883,scored
15330,1,53267947522,scored
15331,15,53273731133,scored
15332,9,53273839871,scored
15333,3,53278439783,scored
15334,2,53278477910,scored
15335,6,53283079458,scored
15336,7,53286743145,scored
15337,5,53292977232,scored
15338,13,53298547300,scored
15339,10,53299014030,scored
15340,12,53300490797,scored
15341,11,53306553528,scored
15342,4,53306927781,scored
15343,0,53308888821,scored
15344,8,53309140744,scored
15345,14,53309457301,scored
15346,1,53311713673,scored
15347,15,53317894860,scored
15348,3,53319703976,scored
15349,2,53320364971,scored
15350,9,53321473626,scored
15351,6,53323699324,scored
15352,7,53327405327,scored
15353,5,53333181720,scored
15354,13,53343666111,scored
15355,10,53346220480,scored
15356,12,53348974698,scored
15357,0,53351000899,scored
15358,1,53352395166,scored
15359,3,53362987957,scored
15360,2,53363844816,scored
15361,15,53365539592,scored
15362,14,53365720750,scored
15363,6,53367480614,scored
15364,11,53372638290,scored
15365,9,53372656288,scored
15366,4,53373432097,scored
15367,8,53373644884,scored
15368,7,53375992408,scored
15369,5,53381041667,scored
15370,13,53384649107,scored
15371,10,53386704076,scored
15372,12,53390622928,scored
15373,0,53391452883,scored
15374,1,53392542692,scored
15375,2,53406897131,scored
15376,15,53409462989,scored
15377,11,53413355978,scored
15378,8,53418716703,scored
15379,3,53419172834,scored
15380,9,53421061367,scored
15381,4,53424578007,scored
15382,13,53424705891,scored
15383,7,53425684406,scored
15384,5,53426114234,scored
15385,10,53427899469,scored
15386,1,53436782706,scored
15387,14,53439203872,scored
15388,12,53442234550,scored
15389,6,53447177687,scored
15390,2,53455086636,scored
15391,11,53457120245,scored
15392,15,53457707954,scored
15393,0,53458346483,scored
15394,8,53470550888,scored
15395,10,53475520953,scored
15396,3,53479269242,scored
15397,9,53479820732,scored
15398,4,53482195431,scored
15399,14,53482827299,scored
15400,13,53483544499,scored
15401,12,53484826813,scored
15402,5,53485697968,scored
15403,7,53487389013,scored
15404,6,53487750503,scored
15405,1,53489303620,scored
15406,15,53501375070,scored
15407,2,53502380646,scored
15408,0,53504334648,scored
15409,11,53505240668,scored
15410,8,53512266050,scored
15411,3,53522819256,scored
15412,14,53524298092,scored
15413,9,53528068136,scored
15414,6,53529283243,scored
15415,1,53533453197,scored
15416,7,53534642944,scored
15417,12,53535340222,scored
15418,5,53540344577,scored
15419,4,53540992522,scored
15420,15,53545135080,scored
15421,2,53546311934,scored
15422,11,53547549309,scored
15423,13,53551050032,scored
15424,10,53556919146,scored
15425,8,53565569456,scored
15426,3,53565766448,scored
15427,14,53566673640,scored
15428,0,53566827382,scored
15429,6,53573565975,scored
15430,12,53577116908,scored
15431,7,53579737603,scored
15432,1,53579764135,scored
15433,5,53580537987,scored
15434,2,53590575197,scored
15435,15,53590989114,scored
15436,9,53593469307,scored
15437,11,53595071348,scored
15438,4,53598107471,scored
15439,10,53601129769,scored
15440,3,53606944285,scored
15441,8,53612549005,scored
15442,13,53613075818,scored
15443,0,53613629945,scored
15444,6,53613831353,scored
15445,14,53615929486,scored
15446,7,53619835888,scored
15447,1,53621598774,scored
15448,12,53621842448,scored
15449,5,53622621499,scored
15450,2,53630760372,scored
15451,15,53631980787,scored
15452,4,53645584047,scored
15453,11,53647003846,scored
15454,3,53648138753,scored
15455,10,53649707079,scored
15456,9,53649839469,scored
15457,8,53654434937,scored
15458,6,53656338088,scored
15459,13,53661571428,scored
15460,14,53661967965,scored
15461,0,53670878366,scored
15462,2,53671943251,scored
15463,15,53672013232,scored
15464,7,53675008591,scored
15465,5,53677102090,scored
15466,12,53678964327,scored
15467,1,53679671720,scored
15468,4,53686186174,scored
15469,11,53687969990,scored
15470,3,53688498350,scored
15471,9,53694824416,scored
15472,10,53695378523,scored
15473,8,53695448797,scored
15474,6,53700159372,scored
15475,14,53705693484,scored
15476,13,53706386465,scored
15477,15,53712275376,scored
15478,12,53723076265,scored
15479,7,53723951046,scored
15480,1,53725649582,scored
15481,5,53726713180,scored
15482,2,53727377044,scored
15483,11,53728819223,scored
15484,3,53730831918,scored
15485,4,53731152324,scored
15486,10,53735747485,scored
15487,9,53738299134,scored
15488,8,53739848161,scored
15489,6,53740488005,scored
15490,0,53741116804,scored
15491,13,53749252140,scored
15492,14,53750824058,scored
15493,15,53754259996,scored
15494,11,53770919090,scored
15495,1,53773080532,scored
15496,4,53776711968,scored
15497,2,53777089358,scored
15498,7,53781018510,scored
15499,0,53781218649,scored
15500,3,53782584533,scored
15501,8,53783874857,scored
15502,12,53788745170,scored
15503,13,53790214431,scored
15504,10,53791120758,scored
15505,15,53794533944,scored
15506,9,53796410384,scored
15507,6,53797740646,scored
15508,5,53801779859,scored
15509,14,53805346767,scored
15510,11,53812398318,scored
15511,1,53815754078,scored
15512,4,53817754707,scored
15513,2,53820605243,scored
15514,8,53832220214,scored
15515,12,53833164273,scored
15516,13,53834689462,scored
15517,6,53839803585,scored
15518,15,53841930171,scored
15519,0,53842475331,scored
15520,5,53843205983,scored
15521,10,53843891538,scored
15522,3,53846468887,scored
15523,7,53850177781,scored
15524,9,53855297718,scored
15525,11,53856988100,scored
15526,4,53860835129,scored
15527,2,53861892840,scored
15528,1,53862727045,scored
15529,14,53864906699,scored
15530,8,53873253113,scored
15531,12,53874273348,scored
15532,13,53877587521,scored
15533,10,53883947850,scored
15534,6,53884410346,scored
15535,0,53886967221,scored
15536,3,53887477557,scored
15537,15,53888370310,scored
15538,5,53889513461,scored
15539,7,53893489631,scored
15540,9,53895889917,scored
15541,11,53897888167,scored
15542,4,53901908103,scored
15543,2,53902042038,scored
15544,1,53903905055,scored
15545,14,53905670282,scored
15546,8,53914181250,scored
15547,13,53919383258,scored
15548,12,53921725415,scored
15549,10,53924369151,scored
15550,0,53927757436,scored
15551,6,53928391603,scored
15552,5,53931816267,scored
15553,15,53932219762,scored
15554,3,53932733235,scored
15555,7,53933958295,scored
15556,9,53936904236,scored
15557,4,53942546391,scored
15558,14,53946241057,scored
15559,2,53946335593,scored
15560,1,53946419556,scored
15561,11,53948737765,scored
15562,8,53959741855,scored
15563,12,53964176753,scored
15564,10,53966247949,scored
15565,13,53966798703,scored
15566,0,53969218384,scored
15567,6,53972926435,scored
15568,7,53975844354,scored
15569,15,53976644173,scored
15570,9,53982305223,scored
15571,3,53982378747,scored
15572,5,53984349305,scored
15573,11,53989207648,scored
15574,2,53996170819,scored
15575,1,53999008270,scored
15576,14,54000249413,scored
15577,10,54010392153,scored
15578,4,54012400627,scored
15579,6,54014340454,scored
15580,8,54021301328,scored
15581,15,54035215100,scored
15582,0,54035736531,scored
15583,12,54037962726,scored
15584,13,54041140083,scored
15585,3,54041204398,scored
15586,9,54041814785,scored
15587,2,54042397828,scored
15588,14,54045311000,scored
15589,7,54045899895,scored
15590,11,54051878682,scored
15591,4,54054843082,scored
15592,5,54055566214,scored
15593,6,54058608527,scored
15594,1,54060899166,scored
15595,8,54062080406,scored
15596,10,54063056341,scored
15597,0,54077071008,scored
15598,15,54079965853,scored
15599,13,54083396543,scored
15600,9,54083752060,scored
15601,3,54084752365,scored
15602,12,54092901318,scored
15603,14,54094536341,scored
15604,7,54096077270,scored
15605,2,54097140891,scored
15606,8,54107117339,scored
15607,4,54116928962,scored
15608,0,54123672576,scored
15609,11,54125087227,scored
15610,9,54125696806,scored
15611,10,54131859869,scored
15612,13,54136554244,scored
15613,14,54146155420,scored
15614,3,54146645353,scored
15615,2,54149305142,scored
15616,5,54154348475,scored
15617,15,54154435082,scored
15618,1,54154878763,scored
15619,12,54156606553,scored
15620,9,54167914676,scored
15621,7,54169078845,scored
15622,0,54170211615,scored
15623,6,54170295493,scored
15624,4,54170455590,scored
15625,8,54171851633,scored
15626,10,54175092468,scored
15627,11,54175237369,scored
15628,13,54177112393,scored
15629,14,54189950489,scored
15630,1,54197953563,scored
15631,15,54198603769,scored
15632,3,54198722047,scored
15633,2,54199383992,scored
15634,5,54201738505,scored
15635,12,54202197552,scored
15636,7,54209211862,scored
15637,4,54211679460,scored
15638,6,54214168876,scored
15639,11,54215907346,scored
15640,8,54216670591,scored
15641,9,54216833787,scored
15642,0,54216966060,scored
15643,13,54217714365,scored
15644,10,54226588691,scored
15645,14,54232028598,scored
15646,1,54239067931,scored
15647,2,54241025894,scored
15648,12,54242506472,scored
15649,5,54245434633,scored
15650,15,54247147241,scored
15651,3,54247958255,scored
15652,7,54249951075,scored
15653,6,54254994147,scored
15654,0,54257514416,scored
15655,8,54260497278,scored
15656,9,54262569415,scored
15657,11,54267672955,scored
15658,13,54267767698,scored
15659,4,54268084860,scored
15660,10,54270729312,scored
15661,14,54275228981,scored
15662,1,54279539218,scored
15663,12,54284194236,scored
15664,2,54284957519,scored
15665,5,54287385865,scored
15666,3,54289099092,scored
15667,15,54291562602,scored
15668,7,54292885207,scored
15669,8,54303506233,scored
15670,0,54305316708,scored
15671,9,54307324282,scored
15672,13,54311826077,scored
15673,6,54316512399,scored
15674,10,54316810479,scored
15675,11,54321238189,scored
15676,14,54324809268,scored
15677,1,54328364802,scored
15678,2,54335570034,scored
15679,4,54335973828,scored
15680,3,54339728689,scored
15681,15,54340350779,scored
15682,5,54340564608,scored
15683,7,54340859148,scored
15684,12,54342898282,scored
15685,8,54344829247,scored
15686,9,54348808491,scored
15687,0,54354152816,scored
15688,13,54355414986,scored
15689,6,54359516517,scored
15690,10,54360608059,scored
15691,11,54361621105,scored
15692,14,54366684154,scored
15693,1,54368529187,scored
15694,4,54376683518,scored
15695,2,54376887513,scored
15696,5,54380680245,scored
15697,15,54383169418,scored
15698,8,54391869321,scored
15699,0,54398672246,scored
15700,3,54401253304,scored
15701,7,54401392845,scored
15702,11,54403089398,scored
15703,1,54411642395,scored
15704,10,54412043178,scored
15705,2,54417016139,scored
15706,9,54417897437,scored
15707,4,54418190344,scored
15708,13,54421955620,scored
15709,14,54423090189,scored
15710,6,54425346626,scored
15711,5,54425527642,scored
15712,12,54426642151,scored
15713,15,54432075339,scored
15714,8,54432227663,scored
15715,0,54438951168,scored
15716,3,54445995994,scored
15717,11,54448056270,scored
15718,7,54450303683,scored
15719,1,54455611789,scored
15720,10,54457363408,scored
15721,4,54461225247,scored
15722,2,54462468931,scored
15723,14,54463662903,scored
15724,13,54464174373,scored
15725,5,54467520168,scored
15726,9,54471067368,scored
15727,15,54476143354,scored
15728,8,54481959240,scored
15729,0,54484699253,scored
15730,12,54484802883,scored
15731,6,54485799746,scored
15732,11,54489333822,scored
15733,7,54493516557,scored
15734,3,54496340487,scored
15735,1,54497290706,scored
15736,10,54498663964,scored
15737,4,54501985285,scored
15738,13,54506482863,scored
15739,14,54508701998,scored
15740,2,54513430512,scored
15741,9,54516555937,scored
15742,5,54516617780,scored
15743,8,54524527589,scored
15744,15,54524553257,scored
15745,0,54525276335,scored
15746,12,54525894896,scored
15747,6,54526320798,scored
15748,11,54529494090,scored
15749,3,54538388398,scored
15750,10,54540554539,scored
15751,7,54541085455,scored
15752,1,54541319114,scored
15753,4,54542328773,scored
15754,13,54555398607,scored
15755,2,54555512994,scored
15756,14,54555666721,scored
15757,5,54560106100,scored
15758,9,54563067972,scored
15759,12,54566008870,scored
15760,0,54567544565,scored
15761,15,54570575633,scored
15762,11,54571738176,scored
15763,6,54571932220,scored
15764,8,54572427823,scored
15765,3,54578827502,scored
15766,10,54580712470,scored
15767,7,54581555790,scored
15768,1,54585410618,scored
15769,4,54589243245,scored
15770,14,54598020089,scored
15771,13,54598104055,scored
15772,2,54599239550,scored
15773,5,54600690468,scored
15774,9,54604735270,scored
15775,6,54612611265,scored
15776,8,54614151506,scored
15777,15,54614884633,scored
15778,0,54615323857,scored
15779,12,54616238147,scored
15780,11,54616433580,scored
15781,3,54621797018,scored
15782,10,54623320323,scored
15783,7,54623325079,scored
15784,1,54627056435,scored
15785,4,54632306100,scored
15786,13,54638656583,scored
15787,9,54650269792,scored
15788,2,54654589807,scored
15789,0,54657982882,scored
15790,3,54661883538,scored
15791,11,54662333140,scored
15792,12,54662579831,scored
15793,8,54664544587,scored
15794,15,54666434898,scored
15795,7,54669736128,scored
15796,1,54671302105,scored
15797,14,54673126907,scored
15798,5,54673694991,scored
15799,4,54675132291,scored
15800,6,54675893025,scored
15801,10,54676864546,scored
15802,13,54679223621,scored
15803,9,54692749476,scored
15804,2,54695978215,scored
15805,0,54701295683,scored
15806,3,54703626665,scored
15807,11,54705646872,scored
15808,12,54706520040,scored
15809,8,54708164699,scored
15810,14,54723236986,scored
15811,1,54724601337,scored
15812,4,54726812025,scored
15813,7,54728162942,scored
15814,15,54731341692,scored
15815,13,54735050569,scored
15816,6,54735097223,scored
15817,10,54735895508,scored
15818,5,54739656533,scored
15819,9,54745002800,scored
15820,2,54749329433,scored
15821,3,54749502512,scored
15822,11,54749732778,scored
15823,12,54750361196,scored
15824,0,54752842698,scored
15825,8,54752958757,scored
15826,14,54763321109,scored
15827,7,54768330431,scored
15828,1,54768848849,scored
15829,4,54773849298,scored
15830,15,54773940318,scored
15831,13,54775693504,scored
15832,10,54776605691,scored
15833,6,54782325648,scored
15834,5,54784536641,scored
15835,2,54792311138,scored
15836,8,54795898072,scored
15837,12,54800992816,scored
15838,9,54801514478,scored
15839,3,54812285024,scored
15840,1,54813946299,scored
15841,13,54822299623,scored
15842,10,54823238702,scored
15843,4,54824626322,scored
15844,7,54824800203,scored
15845,14,54825532883,scored
15846,15,54832356567,scored
15847,2,54834837292,scored
15848,11,54839918432,scored
15849,0,54844231116,scored
15850,6,54845028913,scored
15851,5,54846384412,scored
15852,9,54847256928,scored
15853,12,54848445208,scored
15854,8,54851468086,scored
15855,3,54853510181,scored
15856,1,54854686221,scored
15857,10,54864434203,scored
15858,14,54867006389,scored
15859,4,54867525047,scored
15860,7,54870193288,scored
15861,13,54871168326,scored
15862,15,54874816180,scored
15863,2,54875000150,scored
15864,11,54882477226,scored
15865,0,54886552849,scored
15866,6,54888268279,scored
15867,9,54890247384,scored
15868,5,54890546816,scored
15869,12,54890861231,scored
15870,8,54891475679,scored
15871,1,54898069720,scored
15872,3,54905823840,scored
15873,10,54906433079,scored
15874,4,54911780515,scored
15875,2,54917176732,scored
15876,13,54919412376,scored
15877,14,54920034814,scored
15878,15,54927773078,scored
15879,7,54930825560,scored
15880,0,54931026906,scored
15881,8,54933590305,scored
15882,12,54943458782,scored
15883,5,54944794264,scored
15884,3,54946163597,scored
15885,1,54951822218,scored
15886,10,54952026775,scored
15887,6,54956421083,scored
15888,4,54957091897,scored
15889,11,54963238767,scored
15890,2,54965123253,scored
15891,15,54969719966,scored
15892,9,54974857493,scored
15893,14,54976989063,scored
15894,0,54981057392,scored
15895,7,54988224080,scored
15896,13,54992416542,scored
15897,1,54995157364,scored
15898,10,54998727631,scored
15899,12,55003063348,scored
15900,8,55003818219,scored
15901,4,55006813783,scored
15902,3,55007222925,scored
15903,5,55014949638,scored
15904,9,55018139605,scored
15905,14,55018943608,scored
15906,2,55025560285,scored
15907,11,55026079789,scored
15908,15,55029519240,scored
15909,7,55030359192,scored
15910,0,55031138090,scored
15911,13,55033413179,scored
15912,1,55035258475,scored
15913,6,55037414008,scored
15914,10,55040197182,scored
15915,12,55046480168,scored
15916,8,55049225654,scored
15917,4,55057434266,scored
15918,3,55057849555,scored
15919,14,55060577191,scored
15920,9,55061208396,scored
15921,5,55070846221,scored
15922,2,55070862077,scored
15923,15,55077700785,scored
15924,6,55078851240,scored
15925,7,55080729080,scored
15926,10,55083831908,scored
15927,1,55092142493,scored
15928,11,55092422894,scored
15929,12,55092859044,scored
15930,8,55094802368,scored
15931,3,55098782883,scored
15932,4,55099291682,scored
15933,13,55100207260,scored
15934,0,55101252503,scored
15935,9,55108518430,scored
15936,14,55108532037,scored
15937,2,55111603073,scored
15938,5,55113694458,scored
15939,6,55121458398,scored
15940,15,55121805962,scored
15941,10,55125379030,scored
15942,7,55127772092,scored
15943,1,55133739693,scored
15944,12,55137920487,scored
15945,11,55138589521,scored
15946,3,55140917987,scored
15947,13,55142603701,scored
15948,8,55144007302,scored
15949,14,55153117293,scored
15950,2,55155134315,scored
15951,9,55156660483,scored
15952,5,55158835307,scored
15953,6,55165206806,scored
15954,4,55165608245,scored
15955,15,55175225313,scored
15956,7,55177308385,scored
15957,10,55177889167,scored
15958,12,55178905508,scored
15959,0,55180004186,scored
15960,3,55181817007,scored
15961,11,55181861501,scored
15962,8,55184799966,scored
15963,13,55187066146,scored
15964,1,55192931974,scored
15965,14,55193630457,scored
15966,2,55195535375,scored
15967,5,55201335518,scored
15968,9,55209663256,scored
15969,4,55210983808,scored
15970,6,55212715370,scored
15971,15,55215656228,scored
15972,12,55219273221,scored
15973,11,55224642138,scored
15974,3,55225109835,scored
15975,13,55228853818,scored
15976,8,55230973415,scored
15977,0,55232889523,scored
15978,7,55233297896,scored
15979,10,55235431374,scored
15980,1,55235775526,scored
15981,2,55240536643,scored
15982,5,55241349430,scored
15983,14,55244097684,scored
15984,9,55250482131,scored
15985,15,55257760845,scored
15986,6,55258306716,scored
15987,4,55264384758,scored
15988,11,55265044467,scored
15989,3,55265175666,scored
15990,12,55267299541,scored
15991,13,55271599479,scored
15992,0,55273136196,scored
15993,8,55279240743,scored
15994,7,55279996447,scored
15995,10,55280505194,scored
15996,1,55286487382,scored
15997,14,55286730913,scored
15998,5,55287549266,scored
15999,2,55287715609,scored
16000,9,55291532163,scored
16001,6,55301527713,scored
16002,15,55302100010,scored
16003,4,55304420380,scored
16004,11,55305965475,scored
16005,12,55308109503,scored
16006,13,55312892254,scored
16007,0,55315324083,scored
16008,3,55316229784,scored
16009,8,55325276445,scored
16010,5,55328805867,scored
16011,10,55332655700,scored
16012,7,55333425901,scored
16013,9,55338956747,scored
16014,1,55339426819,scored
16015,2,55340892981,scored
16016,15,55343607281,scored
16017,6,55344703994,scored
16018,4,55345017753,scored
16019,11,55350645789,scored
16020,14,55354506781,scored
16021,0,55364387585,scored
16022,12,55365847076,scored
16023,13,55369621935,scored
16024,3,55372686247,scored
16025,8,55373638163,scored
16026,10,55373645012,scored
16027,1,55379505571,scored
16028,9,55380904924,scored
16029,2,55384864119,scored
16030,4,55386934068,scored
16031,5,55389237345,scored
16032,6,55389917878,scored
16033,15,55389968135,scored
16034,7,55393075606,scored
16035,14,55396263526,scored
16036,11,55397661365,scored
16037,0,55412560524,scored
16038,12,55418570926,scored
16039,3,55421353125,scored
16040,8,55422346661,scored
16041,1,55423357423,scored
16042,9,55423699486,scored
16043,13,55423745365,scored
16044,10,55424745904,scored
16045,2,55428186294,scored
16046,4,55428445725,scored
16047,15,55431699380,scored
16048,5,55435109241,scored
16049,14,55436873130,scored
16050,11,55458626352,scored
16051,7,55461311193,scored
16052,0,55461339701,scored
16053,10,55465125689,scored
16054,3,55471886301,scored
16055,6,55474932689,scored
16056,5,55478358024,scored
16057,2,55482979199,scored
16058,14,55489509106,scored
16059,8,55491496121,scored
16060,13,55492854448,scored
16061,15,55496345485,scored
16062,11,55506649155,scored
16063,1,55507309031,scored
16064,9,55507757790,scored
16065,7,55510438157,scored
16066,0,55510667632,scored
16067,3,55518447114,scored
16068,5,55520700189,scored
16069,10,55521353697,scored
16070,4,55522254864,scored
16071,12,55526106621,scored
16072,6,55526356955,scored
16073,2,55527163726,scored
16074,14,55529664829,scored
16075,8,55532179879,scored
16076,13,55534186902,scored
16077,15,55537061589,scored
16078,11,55547307232,scored
16079,1,55547877483,scored
16080,9,55549438183,scored
16081,0,55551725361,scored
16082,7,55556300685,scored
16083,3,55559944639,scored
16084,10,55564725716,scored
16085,4,55565324863,scored
16086,6,55568617015,scored
16087,2,55570090717,scored
16088,5,55572783758,scored
16089,14,55573669421,scored
16090,12,55574031361,scored
16091,8,55575121009,scored
16092,15,55580607063,scored
16093,13,55581201784,scored
16094,1,55591329661,scored
16095,9,55591715747,scored
16096,11,55591888361,scored
16097,0,55592637700,scored
16098,7,55597713689,scored
16099,3,55601313015,scored
16100,10,55608434420,scored
16101,6,55611767933,scored
16102,2,55612573441,scored
16103,4,55612616741,scored
16104,14,55619163399,scored
16105,5,55622966295,scored
16106,12,55624056719,scored
16107,15,55625003798,scored
16108,13,55631050773,scored
16109,9,55631779525,scored
16110,0,55633202548,scored
16111,1,55633437158,scored
16112,11,55633622432,scored
16113,8,55638176286,scored
16114,7,55641181123,scored
16115,3,55647063010,scored
16116,10,55649420748,scored
16117,2,55652827809,scored
16118,4,55654653484,scored
16119,6,55655114492,scored
16120,14,55659304245,scored
16121,12,55664251606,scored
16122,5,55670966196,scored
16123,1,55675426200,scored
16124,9,55678253243,scored
16125,8,55680827546,scored
16126,11,55681009448,scored
16127,0,55681127482,scored
16128,7,55682802292,scored
16129,13,55686649091,scored
16130,3,55687404535,scored
16131,10,55693331139,scored
16132,15,55694996609,scored
16133,14,55701724732,scored
16134,6,55702299982,scored
16135,4,55705345592,scored
16136,2,55708319564,scored
16137,12,55709043572,scored
16138,5,55713549441,scored
16139,1,55715778108,scored
16140,0,55722086571,scored
16141,8,55724109118,scored
16142,7,55725397106,scored
16143,9,55726902510,scored
16144,11,55727739989,scored
16145,13,55728225306,scored
16146,3,55728658020,scored
16147,10,55733413462,scored
16148,15,55738179521,scored
16149,14,55745617047,scored
16150,6,55745799556,scored
16151,4,55745813010,scored
16152,2,55750558122,scored
16153,12,55751734903,scored
16154,5,55755509769,scored
16155,1,55762457700,scored
16156,0,55763226449,scored
16157,8,55764609399,scored
16158,7,55765803403,scored
16159,13,55768580615,scored
16160,3,55769415993,scored
16161,9,55770366776,scored
16162,11,55773210532,scored
16163,10,55778052289,scored
16164,15,55780015447,scored
16165,14,55787882095,scored
16166,4,55788450934,scored
16167,6,55789135450,scored
16168,12,55792247887,scored
16169,2,55794190086,scored
16170,5,55797107575,scored
16171,1,55802918637,scored
16172,0,55803643407,scored
16173,8,55805999357,scored
16174,7,55806053523,scored
16175,9,55812429202,scored
16176,15,55821290215,scored
16177,11,55823526543,scored
16178,3,55824349712,scored
16179,10,55825621601,scored
16180,13,55829151690,scored
16181,6,55830420340,scored
16182,4,55830835159,scored
16183,2,55834268618,scored
16184,12,55834399186,scored
16185,14,55835578994,scored
16186,5,55842684661,scored
16187,1,55844101992,scored
16188,0,55845338487,scored
16189,8,55850733344,scored
16190,7,55853642683,scored
16191,9,55854212601,scored
16192,15,55861367258,scored
16193,3,55867627755,scored
16194,10,55868448300,scored
16195,13,55869891461,scored
16196,6,55871666286,scored
16197,4,55875986161,scored
16198,2,55877315336,scored
16199,14,55883220652,scored
16200,8,55894029113,scored
16201,0,55895279063,scored
16202,7,55895806611,scored
16203,11,55895930786,scored
16204,12,55899978267,scored
16205,1,55901058196,scored
16206,9,55901255563,scored
16207,5,55904832854,scored
16208,3,55910602205,scored
16209,13,55912523440,scored
16210,6,55915390819,scored
16211,15,55916394538,scored
16212,4,55917264261,scored
16213,2,55917660692,scored
16214,10,55921460162,scored
16215,14,55926506224,scored
16216,7,55936408592,scored
16217,0,55938442410,scored
16218,12,55940701933,scored
16219,9,55942730931,scored
16220,8,55944390893,scored
16221,11,55945513028,scored
16222,5,55946042530,scored
16223,1,55947095336,scored
16224,3,55951220011,scored
16225,13,55952732098,scored
16226,15,55957887199,scored
16227,10,55962431284,scored
16228,6,55966005617,scored
16229,4,55966046134,scored
16230,2,55967164431,scored
16231,14,55972300475,scored
16232,7,55979136446,scored
16233,12,55981080551,scored
16234,0,55983176274,scored
16235,9,55984108126,scored
16236,1,55987183897,scored
16237,11,55987437549,scored
16238,5,55987677600,scored
16239,8,55994848903,scored
16240,3,55997902760,scored
16241,15,56004839794,scored
16242,13,56006471364,scored
16243,6,56009717018,scored
16244,2,56011556250,scored
16245,14,56012721693,scored
16246,10,56015750206,scored
16247,4,56017917691,scored
16248,7,56019502054,scored
16249,0,56024938948,scored
16250,9,56027968705,scored
16251,1,56030947431,scored
16252,11,56031194095,scored
16253,12,56042064324,scored
16254,8,56044865573,scored
16255,3,56052669022,scored
16256,5,56052793812,scored
16257,6,56053321453,scored
16258,15,56053998542,scored
16259,2,56054491460,scored
16260,14,56057226175,scored
16261,4,56063486315,scored
16262,10,56064690501,scored
16263,0,56065554822,scored
16264,9,56068633386,scored
16265,13,56069618040,scored
16266,7,56069625660,scored
16267,1,56073595842,scored
16268,11,56074281674,scored
16269,12,56083016680,scored
16270,6,56100525268,scored
16271,2,56101464979,scored
16272,15,56102993811,scored
16273,8,56104084911,scored
16274,5,56105928234,scored
16275,3,56106412977,scored
16276,4,56107520183,scored
16277,0,56107977063,scored
16278,14,56108086712,scored
16279,9,56110457861,scored
16280,7,56111434673,scored
16281,11,56114530427,scored
16282,1,56115891641,scored
16283,10,56120991092,scored
16284,13,56121040206,scored
16285,12,56126881804,scored
16286,2,56141613928,scored
16287,6,56141683226,scored
16288,5,56146589903,scored
16289,14,56152459718,scored
16290,7,56157449394,scored
16291,3,56160649047,scored
16292,0,56165431111,scored
16293,13,56166934456,scored
16294,1,56170136689,scored
16295,8,56173723499,scored
16296,9,56178850671,scored
16297,11,56181472006,scored
16298,12,56184753237,scored
16299,15,56186948351,scored
16300,4,56187091973,scored
16301,10,56190735418,scored
16302,6,56192322798,scored
16303,2,56196271427,scored
16304,5,56198747492,scored
16305,7,56201460856,scored
16306,3,56203222047,scored
16307,0,56207767710,scored
16308,1,56212123181,scored
16309,13,56219097830,scored
16310,9,56224984132,scored
16311,11,56226831475,scored
16312,14,56229908526,scored
16313,8,56230566196,scored
16314,10,56233738275,scored
16315,12,56234863175,scored
16316,6,56235297661,scored
16317,15,56236940559,scored
16318,5,56240139438,scored
16319,2,56242065748,scored
16320,7,56245809458,scored
16321,3,56248392985,scored
16322,4,56249539802,scored
16323,0,56251885844,scored
16324,1,56254299332,scored
16325,11,56266948331,scored
16326,13,56267038774,scored
16327,9,56273214163,scored
16328,10,56274312528,scored
16329,14,56274541002,scored
16330,12,56276494520,scored
16331,8,56280360851,scored
16332,5,56283479008,scored
16333,2,56285397909,scored
16334,7,56289651469,scored
16335,0,56294353743,scored
16336,1,56294498529,scored
16337,3,56297922064,scored
16338,4,56299164602,scored
16339,6,56299471361,scored
16340,15,56303989555,scored
16341,13,56309164231,scored
16342,11,56311453365,scored
16343,9,56315123117,scored
16344,14,56317360617,scored
16345,10,56319267883,scored
16346,12,56322539707,scored
16347,8,56323416873,scored
16348,5,56323601066,scored
16349,2,56328737957,scored
16350,0,56335222851,scored
16351,7,56336175885,scored
16352,1,56337383121,scored
16353,3,56343035205,scored
16354,15,56344295459,scored
16355,13,56350995058,scored
16356,4,56357922462,scored
16357,6,56357993257,scored
16358,9,56358930628,scored
16359,12,56370103360,scored
16360,5,56374554514,scored
16361,11,56375813577,scored
16362,7,56381311127,scored
16363,10,56381766647,scored
16364,15,56384318850,scored
16365,8,56385344846,scored
16366,2,56385395002,scored
16367,1,56387904869,scored
16368,3,56388956913,scored
16369,0,56389394322,scored
16370,14,56390190489,scored
16371,13,56391632375,scored
16372,9,56402182616,scored
16373,4,56404868563,scored
16374,6,56406215264,scored
16375,12,56411972425,scored
16376,11,56417381777,scored
16377,5,56420522309,scored
16378,7,56423072485,scored
16379,2,56428609009,scored
16380,15,56431058149,scored
16381,13,56434317694,scored
16382,3,56434814490,scored
16383,1,56436143178,scored
16384,4,56445933476,scored
16385,6,56452547509,scored
16386,10,56453276073,scored
16387,12,56459127710,scored
16388,7,56464860214,scored
16389,9,56465036984,scored
16390,14,56465062480,scored
16391,8,56467043865,scored
16392,0,56467728927,scored
16393,5,56471649142,scored
16394,11,56472479867,scored
16395,2,56472569894,scored
16396,15,56475376356,scored
16397,3,56475838071,scored
16398,13,56476602506,scored
16399,1,56482801045,scored
16400,4,56486459386,scored
16401,10,56493693346,scored
16402,6,56495444272,scored
16403,12,56499700796,scored
16404,9,56505815107,scored
16405,7,56507828174,scored
16406,8,56508143688,scored
16407,11,56518098488,scored
16408,3,56520309817,scored
16409,15,56520446999,scored
16410,5,56520696319,scored
16411,0,56522389001,scored
16412,14,56524397849,scored
16413,1,56530156980,scored
16414,4,56534447187,scored
16415,10,56536275506,scored
16416,6,56537166063,scored
16417,13,56537396145,scored
16418,2,56537980051,scored
16419,12,56540014105,scored
16420,8,56551266884,scored
16421,9,56551796373,scored
16422,7,56553130457,scored
16423,11,56559375583,scored
16424,3,56560749531,scored
16425,0,56562806033,scored
16426,5,56566468665,scored
16427,14,56566947121,scored
16428,15,56571193140,scored
16429,1,56572250517,scored
16430,10,56578258831,scored
16431,2,56580259774,scored
16432,12,56590969949,scored
16433,13,56591372451,scored
16434,8,56592098968,scored
16435,11,56605206961,scored
16436,4,56608720477,scored
16437,9,56612155717,scored
16438,0,56612631420,scored
16439,14,56614920345,scored
16440,1,56615550661,scored
16441,3,56617972193,scored
16442,6,56624863970,scored
16443,2,56626256647,scored
16444,15,56627006043,scored
16445,10,56628554358,scored
16446,5,56629482206,scored
16447,7,56630102003,scored
16448,12,56633374878,scored
16449,8,56634498824,scored
16450,13,56639277667,scored
16451,11,56646813029,scored
16452,9,56652869254,scored
16453,1,56658555499,scored
16454,3,56660015992,scored
16455,4,56660849580,scored
16456,14,56661989757,scored
16457,6,56665801209,scored
16458,0,56666223117,scored
16459,10,56670089087,scored
16460,5,56676727905,scored
16461,7,56678047641,scored
16462,15,56679730912,scored
16463,13,56680061686,scored
16464,12,56680218906,scored
16465,8,56681519771,scored
16466,2,56683646403,scored
16467,11,56691846290,scored
16468,9,56695621107,scored
16469,1,56699933829,scored
16470,4,56701733330,scored
16471,14,56702245806,scored
16472,3,56705828308,scored
16473,0,56706783191,scored
16474,6,56710157234,scored
16475,10,56711575464,scored
16476,13,56720357009,scored
16477,7,56723130079,scored
16478,2,56725859545,scored
16479,8,56730625232,scored
16480,5,56731179644,scored
16481,12,56731255661,scored
16482,15,56736288803,scored
16483,11,56737256121,scored
16484,9,56737978704,scored
16485,4,56742942910,scored
16486,14,56745951443,scored
16487,3,56747219514,scored
16488,1,56747578406,scored
16489,0,56748303259,scored
16490,6,56751562661,scored
16491,10,56754490499,scored
16492,7,56764579777,scored
16493,13,56766846866,scored
16494,2,56767175742,scored
16495,8,56770987610,scored
16496,12,56773110615,scored
16497,5,56775052744,scored
16498,11,56778494894,scored
16499,15,56778944498,scored
16500,9,56788248112,scored
16501,3,56788269848,scored
16502,1,56789264580,scored
16503,14,56791468916,scored
16504,10,56795239174,scored
16505,4,56795593208,scored
16506,6,56800660703,scored
16507,0,56803257745,scored
16508,7,56808376654,scored
16509,13,56811057784,scored
16510,2,56811574854,scored
16511,8,56812024618,scored
16512,12,56814669355,scored
16513,5,56815368401,scored
16514,15,56821450298,scored
16515,11,56821581862,scored
16516,1,56831805182,scored
16517,14,56834896068,scored
16518,4,56838582522,scored
16519,3,56840514608,scored
16520,9,56841373657,scored
16521,6,56843491038,scored
16522,10,56850147542,scored
16523,7,56851550743,scored
16524,13,56851743406,scored
16525,12,56855636087,scored
16526,8,56856149679,scored
16527,5,56857571477,scored
16528,0,56857891088,scored
16529,2,56858727833,scored
16530,11,56867161806,scored
16531,15,56870013638,scored
16532,1,56872105084,scored
16533,14,56876277301,scored
16534,4,56880595689,scored
16535,3,56883418072,scored
16536,9,56885056663,scored
16537,6,56887056558,scored
16538,10,56892258744,scored
16539,13,56893339989,scored
16540,8,56899410893,scored
16541,5,56903112074,scored
16542,0,56903611494,scored
16543,12,56905797063,scored
16544,7,56907089102,scored
16545,11,56909882618,scored
16546,2,56913835877,scored
16547,15,56915078431,scored
16548,14,56919520796,scored
16549,1,56920491229,scored
16550,4,56922722393,scored
16551,3,56924238147,scored
16552,9,56925156169,scored
16553,6,56927678739,scored
16554,10,56933250326,scored
16555,13,56935981339,scored
16556,8,56941504998,scored
16557,11,56953735001,scored
16558,5,56954447114,scored
16559,7,56962635671,scored
16560,0,56964829655,scored
16561,1,56966505241,scored
16562,9,56967141872,scored
16563,14,56970765313,scored
16564,2,56972090871,scored
16565,12,56972779277,scored
16566,10,56973317911,scored
16567,13,56976663240,scored
16568,4,56977657071,scored
16569,3,56978774417,scored
16570,8,56986405037,scored
16571,6,56987740539,scored
16572,15,56994072947,scored
16573,5,56998069923,scored
16574,11,57002024767,scored
16575,7,57005129864,scored
16576,14,57012102117,scored
16577,2,57012871144,scored
16578,12,57012962551,scored
16579,0,57022034015,scored
16580,1,57022147020,scored
16581,4,57029356431,scored
16582,9,57034088189,scored
16583,5,57042189395,scored
16584,11,57048821906,scored
16585,12,57058276016,scored
16586,15,57059506934,scored
16587,6,57073489923,scored
16588,14,57078188066,scored
16589,1,57078639537,scored
16590,3,57087587626,scored
16591,4,57090485396,scored
16592,0,57091296547,scored
16593,7,57092728562,scored
16594,10,57094546645,scored
16595,11,57094858738,scored
16596,8,57095846508,scored
16597,9,57097673503,scored
16598,12,57103076193,scored
16599,2,57103202310,scored
16600,5,57109016928,scored
16601,15,57109309286,scored
16602,6,57114639024,scored
16603,13,57115580016,scored
16604,14,57119949456,scored
16605,3,57130729713,scored
16606,7,57134796821,scored
16607,9,57138793008,scored
16608,10,57139802639,scored
16609,12,57144418467,scored
16610,11,57145064674,scored
16611,1,57147133039,scored
16612,4,57148099138,scored
16613,0,57150348749,scored
16614,5,57151138487,scored
16615,15,57152320144,scored
16616,8,57154949669,scored
16617,2,57156876744,scored
16618,13,57161288899,scored
16619,14,57163663522,scored
16620,3,57172288389,scored
16621,6,57178691170,scored
16622,7,57180110551,scored
16623,9,57180376897,scored
16624,10,57185357573,scored
16625,11,57185804011,scored
16626,12,57189376737,scored
16627,1,57190674310,scored
16628,0,57190711375,scored
16629,4,57190783407,scored
16630,5,57191255993,scored
16631,15,57194386799,scored
16632,8,57195133517,scored
16633,2,57199721960,scored
16634,13,57201532985,scored
16635,14,57205048295,scored
16636,3,57212770043,scored
16637,9,57223555496,scored
16638,7,57224854228,scored
16639,6,57225218026,scored
16640,10,57225988523,scored
16641,11,57226229214,scored
16642,12,57230784230,scored
16643,1,57234159060,scored
16644,15,57234894408,scored
16645,5,57237698819,scored
16646,8,57240209919,scored
16647,2,57240380724,scored
16648,4,57241269134,scored
16649,0,57241679057,scored
16650,13,57242165172,scored
16651,14,57245939802,scored
16652,3,57253019288,scored
16653,9,57263736846,scored
16654,6,57268080613,scored
16655,10,57270751014,scored
16656,11,57270970622,scored
16657,7,57275604701,scored
16658,12,57277687851,scored
16659,1,57279858270,scored
16660,8,57280963966,scored
16661,2,57282032621,scored
16662,0,57289039085,scored
16663,15,57293312735,scored
16664,3,57293701029,scored
16665,14,57296385458,scored
16666,5,57298950991,scored
16667,4,57301305401,scored
16668,13,57303262305,scored
16669,6,57308659154,scored
16670,9,57308915970,scored
16671,11,57314753539,scored
16672,12,57319793379,scored
16673,2,57324369962,scored
16674,10,57326340547,scored
16675,1,57326526099,scored
16676,8,57331245589,scored
16677,0,57333014954,scored
16678,15,57334280458,scored
16679,7,57335078060,scored
16680,3,57337390200,scored
16681,14,57341663060,scored
16682,5,57344805471,scored
16683,13,57345143874,scored
16684,4,57346045999,scored
16685,9,57349147313,scored
16686,6,57352364098,scored
16687,11,57356132681,scored
16688,12,57360063044,scored
16689,10,57367195303,scored
16690,2,57373971436,scored
16691,8,57373979023,scored
16692,0,57374215965,scored
16693,1,57377050690,scored
16694,7,57377054945,scored
16695,3,57377860909,scored
16696,15,57381129974,scored
16697,14,57384220910,scored
16698,13,57387576160,scored
16699,4,57387622422,scored
16700,9,57391085539,scored
16701,5,57394663117,scored
16702,6,57395141067,scored
16703,11,57397508239,scored
16704,12,57404075447,scored
16705,10,57407821163,scored
16706,8,57416991430,scored
16707,0,57418222121,scored
16708,2,57419153541,scored
16709,14,57424815531,scored
16710,13,57430725335,scored
16711,3,57431727263,scored
16712,7,57432813056,scored
16713,15,57433699924,scored
16714,9,57437659947,scored
16715,5,57438322636,scored
16716,1,57439873244,scored
16717,4,57443626038,scored
16718,10,57448034496,scored
16719,11,57454057443,scored
16720,2,57462185272,scored
16721,14,57467417595,scored
16722,8,57468413973,scored
16723,13,57472113566,scored
16724,6,57473867068,scored
16725,0,57478150950,scored
16726,7,57478162178,scored
16727,5,57487351610,scored
16728,3,57488387833,scored
16729,10,57488390714,scored
16730,12,57490264092,scored
16731,11,57495468292,scored
16732,1,57499673481,scored
16733,4,57501223463,scored
16734,9,57503489606,scored
16735,2,57505470360,scored
16736,15,57506387974,scored
16737,8,57519490844,scored
16738,0,57519514991,scored
16739,6,57521203321,scored
16740,7,57522608538,scored
16741,14,57525131926,scored
16742,5,57527957038,scored
16743,12,57533029788,scored
16744,13,57533097327,scored
16745,3,57533882290,scored
16746,10,57533930891,scored
16747,11,57541153934,scored
16748,4,57542598342,scored
16749,9,57544090966,scored
16750,1,57546099119,scored
16751,2,57546252897,scored
16752,15,57546764721,scored
16753,8,57561233904,scored
16754,14,57565245023,scored
16755,7,57567673203,scored
16756,5,57572807286,scored
16757,10,57577575586,scored
16758,13,57582733538,scored
16759,3,57584759281,scored
16760,9,57587218773,scored
16761,15,57587870847,scored
16762,4,57591508183,scored
16763,1,57591807042,scored
16764,0,57593692146,scored
16765,12,57594184222,scored
16766,6,57596030101,scored
16767,2,57597171235,scored
16768,11,57605162819,scored
16769,14,57605875082,scored
16770,8,57606954875,scored
16771,7,57608868897,scored
16772,5,57615948714,scored
16773,10,57620054625,scored
16774,13,57624027367,scored
16775,3,57624794396,scored
16776,15,57628642449,scored
16777,9,57629484232,scored
16778,4,57631758061,scored
16779,12,57635634265,scored
16780,0,57636778964,scored
16781,6,57637821801,scored
16782,14,57647130530,scored
16783,11,57652873386,scored
16784,7,57657645756,scored
16785,1,57660953393,scored
16786,10,57662280090,scored
16787,8,57666163816,scored
16788,13,57669023617,scored
16789,9,57669858919,scored
16790,4,57673605400,scored
16791,5,57675348125,scored
16792,12,57676229742,scored
16793,15,57677067622,scored
16794,0,57677774113,scored
16795,6,57684833863,scored
16796,2,57686530827,scored
16797,3,57687406677,scored
16798,11,57694560767,scored
16799,14,57697552713,scored
16800,7,57700954625,scored
16801,1,57705981426,scored
16802,10,57713850983,scored
16803,12,57717858326,scored
16804,0,57718707767,scored
16805,4,57719278044,scored
16806,8,57720643144,scored
16807,5,57721592178,scored
16808,13,57722718282,scored
16809,15,57724003785,scored
16810,9,57724559473,scored
16811,6,57734993525,scored
16812,11,57735453745,scored
16813,3,57736396995,scored
16814,14,57739449134,scored
16815,1,57747420837,scored
16816,7,57748562670,scored
16817,10,57757060184,scored
16818,4,57760334484,scored
16819,0,57763650270,scored
16820,9,57767085067,scored
16821,15,57767813006,scored
16822,2,57768413674,scored
16823,5,57771281876,scored
16824,12,57771936248,scored
16825,13,57773927725,scored
16826,8,57774661830,scored
16827,11,57777783794,scored
16828,6,57781821120,scored
16829,14,57782836735,scored
16830,3,57784468952,scored
16831,1,57792990536,scored
16832,7,57793728464,scored
16833,10,57800033098,scored
16834,4,57802231459,scored
16835,15,57808673335,scored
16836,9,57809082622,scored
16837,2,57809576999,scored
16838,0,57811167769,scored
16839,12,57814526653,scored
16840,13,57815788106,scored
16841,8,57816469330,scored
16842,5,57817004566,scored
16843,11,57818594426,scored
16844,6,57822563740,scored
16845,14,57823718459,scored
16846,3,57829400805,scored
16847,1,57835866253,scored
16848,7,57837598911,scored
16849,10,57841575098,scored
16850,4,57845620388,scored
16851,15,57855381523,scored
16852,0,57856001853,scored
16853,12,57860344623,scored
16854,2,57861433933,scored
16855,13,57862968169,scored
16856,14,57865212243,scored
16857,6,57865775069,scored
16858,9,57871718991,scored
16859,5,57873247832,scored
16860,3,57880511221,scored
16861,11,57880813856,scored
16862,1,57880942352,scored
16863,4,57886121398,scored
16864,10,57886281514,scored
16865,7,57886675227,scored
16866,8,57892600496,scored
16867,15,57895941139,scored
16868,0,57900149623,scored
16869,12,57900765283,scored
16870,2,57905169798,scored
16871,6,57907050927,scored
16872,14,57910734557,scored
16873,9,57912118321,scored
16874,5,57916698459,scored
16875,3,57922077996,scored
16876,1,57926116817,scored
16877,13,57927933435,scored
16878,7,57928518933,scored
16879,10,57930576548,scored
16880,8,57932976309,scored
16881,0,57944762019,scored
16882,4,57953195068,scored
16883,9,57953347511,scored
16884,15,57957808500,scored
16885,11,57959224689,scored
16886,5,57960466881,scored
16887,12,57961212695,scored
16888,6,57962125269,scored
16889,14,57962697384,scored
16890,3,57965613980,scored
16891,2,57965968589,scored
16892,13,57972282811,scored
16893,10,57973052111,scored
16894,7,57981435139,scored
16895,8,57981441427,scored
16896,0,57988530474,scored
16897,1,57992683165,scored
16898,4,57999712133,scored
16899,15,58001150755,scored
16900,11,58003448703,scored
16901,12,58011325086,scored
16902,14,58013402627,scored
16903,10,58013511620,scored
16904,6,58013624353,scored
16905,3,58018713011,scored
16906,13,58019068100,scored
16907,2,58032861356,scored
16908,1,58033925874,scored
16909,5,58035967640,scored
16910,8,58036999083,scored
16911,0,58040049358,scored
16912,4,58040598373,scored
16913,15,58045915134,scored
16914,11,58046180197,scored
16915,7,58051262545,scored
16916,9,58052444734,scored
16917,10,58053869016,scored
16918,14,58057238510,scored
16919,3,58060455965,scored
16920,13,58060594073,scored
16921,6,58062453822,scored
16922,12,58063564596,scored
16923,2,58073702359,scored
16924,1,58074048961,scored
16925,5,58076210733,scored
16926,0,58081041336,scored
16927,4,58091362670,scored
16928,7,58092695286,scored
16929,10,58093995285,scored
16930,8,58095779565,scored
16931,15,58096272864,scored
16932,12,58105941147,scored
16933,11,58106933563,scored
16934,3,58108351059,scored
16935,9,58108652766,scored
16936,13,58108727457,scored
16937,14,58112263050,scored
16938,2,58119107313,scored
16939,6,58123576748,scored
16940,0,58124570574,scored
16941,1,58126387205,scored
16942,5,58128856423,scored
16943,4,58131993557,scored
16944,10,58134269654,scored
16945,8,58136200566,scored
16946,15,58136399622,scored
16947,7,58141382053,scored
16948,12,58146526155,scored
16949,13,58149042091,scored
16950,14,58153676277,scored
16951,3,58158687405,scored
16952,6,58165224738,scored
16953,2,58173445758,scored
16954,0,58173847950,scored
16955,9,58173946051,scored
16956,11,58176249565,scored
16957,1,58184913445,scored
16958,5,58189876344,scored
16959,13,58192143234,scored
16960,10,58193417874,scored
16961,4,58194573845,scored
16962,12,58197344726,scored
16963,15,58199331527,scored
16964,14,58200997137,scored
16965,7,58202645081,scored
16966,8,58203877977,scored
16967,3,58204016734,scored
16968,6,58205291976,scored
16969,9,58224514070,scored
16970,2,58224825210,scored
16971,1,58226503555,scored
16972,0,58228948532,scored
16973,5,58231053423,scored
16974,13,58232794075,scored
16975,10,58235307363,scored
16976,15,58240170191,scored
16977,12,58242398822,scored
16978,8,58250747821,scored
16979,7,58253979809,scored
16980,14,58254366295,scored
16981,3,58255402312,scored
16982,11,58255720431,scored
16983,4,58256324176,scored
16984,6,58256821575,scored
16985,2,58267489174,scored
16986,5,58272673912,scored
16987,13,58277180257,scored
16988,1,58278170668,scored
16989,0,58279100010,scored
16990,12,58284596990,scored
16991,9,58285839867,scored
16992,10,58288470306,scored
16993,15,58289610865,scored
16994,8,58291655325,scored
16995,7,58295224392,scored
16996,3,58305641546,scored
16997,6,58307586047,scored
16998,2,58307737743,scored
16999,14,58314729696,scored
17000,4,58315732464,scored
17001,1,58321395454,scored
17002,0,58322631460,scored
17003,13,58324982261,scored
17004,9,58326924941,scored
17005,5,58334889199,scored
17006,10,58341974259,scored
17007,15,58343226253,scored
17008,8,58344884178,scored
17009,11,58345920413,scored
17010,7,58346520312,scored
17011,12,58348409723,scored
17012,6,58348637064,scored
17013,2,58352019835,scored
17014,3,58353444502,scored
17015,4,58357010722,scored
17016,14,58357381458,scored
17017,1,58362881306,scored
17018,13,58373187950,scored
17019,0,58373888978,scored
17020,5,58375397669,scored
17021,9,58381360430,scored
17022,8,58387142344,scored
17023,7,58388081127,scored
17024,6,58390138651,scored
17025,2,58396341223,scored
17026,3,58399435244,scored
17027,10,58400215750,scored
17028,14,58401279481,scored
17029,12,58401351914,scored
17030,15,58403923483,scored
17031,11,58405344980,scored
17032,4,58405784851,scored
17033,1,58408260462,scored
17034,13,58414071522,scored
17035,0,58414163136,scored
17036,5,58416594493,scored
17037,9,58422525385,scored
17038,7,58429873432,scored
17039,8,58431759979,scored
17040,6,58431885090,scored
17041,2,58436814766,scored
17042,3,58442443692,scored
17043,12,58442656518,scored
17044,4,58450011265,scored
17045,15,58451568855,scored
17046,1,58456939817,scored
17047,5,58459445895,scored
17048,10,58459762648,scored
17049,11,58461348295,scored
17050,13,58462140030,scored
17051,0,58464202326,scored
17052,9,58469343161,scored
17053,8,58472585610,scored
17054,6,58472913007,scored
17055,7,58474192809,scored
17056,14,58478634308,scored
17057,2,58484225383,scored
17058,3,58485982709,scored
17059,15,58492481782,scored
17060,4,58494741777,scored
17061,1,58497925976,scored
17062,11,58501812807,scored
17063,13,58504901490,scored
17064,0,58506442784,scored
17065,10,58509428476,scored
17066,12,58510495407,scored
17067,9,58512475881,scored
17068,14,58527018263,scored
17069,8,58531955417,scored
17070,5,58532459692,scored
17071,3,58533708428,scored
17072,2,58534677614,scored
17073,7,58534719398,scored
17074,6,58535593343,scored
17075,4,58538071834,scored
17076,11,58544170544,scored
17077,1,58545089411,scored
17078,13,58546151674,scored
17079,10,58550184097,scored
17080,12,58552768886,scored
17081,9,58556424036,scored
17082,0,58559111383,scored
17083,15,58562002178,scored
17084,5,58572696326,scored
17085,8,58573599799,scored
17086,6,58577083350,scored
17087,3,58577634185,scored
17088,2,58582687196,scored
17089,7,58583363749,scored
17090,13,58587344472,scored
17091,4,58588118098,scored
17092,1,58588126293,scored
17093,11,58591452007,scored
17094,10,58592535523,scored
17095,14,58594937738,scored
17096,12,58595818861,scored
17097,9,58597091318,scored
17098,0,58599145865,scored
17099,15,58602125250,scored
17100,5,58616237371,scored
17101,3,58618827623,scored
17102,8,58619363294,scored
17103,6,58620588256,scored
17104,2,58623090501,scored
17105,7,58626097490,scored
17106,13,58627622155,scored
17107,1,58628389666,scored
17108,10,58636848244,scored
17109,9,58640098834,scored
17110,11,58641634053,scored
17111,0,58643356494,scored
17112,4,58644523693,scored
17113,15,58645067937,scored
17114,14,58646614992,scored
17115,12,58648880003,scored
17116,5,58656835429,scored
17117,3,58660612943,scored
17118,8,58662237914,scored
17119,2,58663695114,scored
17120,6,58665209697,scored
17121,7,58666254809,scored
17122,13,58669045620,scored
17123,1,58669259678,scored
17124,10,58679091467,scored
17125,11,58682348711,scored
17126,0,58685662524,scored
17127,12,58695077837,scored
17128,9,58696330841,scored
17129,5,58699470492,scored
17130,15,58699986890,scored
17131,4,58699988574,scored
17132,3,58701467385,scored
17133,14,58702644748,scored
17134,7,58709749927,scored
17135,13,58711901614,scored
17136,1,58712119623,scored
17137,8,58714340012,scored
17138,2,58714913349,scored
17139,11,58722911162,scored
17140,6,58730643877,scored
17141,10,58732979346,scored
17142,0,58735017463,scored
17143,12,58736604061,scored
17144,9,58740403032,scored
17145,4,58742180760,scored
17146,3,58743529295,scored
17147,14,58743612625,scored
17148,5,58746136004,scored
17149,15,58747914269,scored
17150,1,58752485104,scored
17151,13,58753060424,scored
17152,7,58753182176,scored
17153,2,58756302428,scored
17154,8,58761501256,scored
17155,11,58769370409,scored
17156,12,58777881158,scored
17157,0,58778009570,scored
17158,10,58779243809,scored
17159,4,58784734513,scored
17160,9,58786641785,scored
17161,3,58787291791,scored
17162,5,58789716731,scored
17163,14,58791689758,scored
17164,6,58792731503,scored
17165,1,58794943079,scored
17166,7,58799045176,scored
17167,2,58802265676,scored
17168,15,58805040244,scored
17169,13,58805986324,scored
17170,8,58806697293,scored
17171,11,58811964716,scored
17172,0,58821649197,scored
17173,10,58823114830,scored
17174,12,58828889895,scored
17175,5,58830407948,scored
17176,4,58831100095,scored
17177,6,58832883985,scored
17178,14,58834767331,scored
17179,1,58837089535,scored
17180,9,58837107625,scored
17181,3,58840231885,scored
17182,2,58843099531,scored
17183,8,58847785290,scored
17184,15,58851670767,scored
17185,7,58857019818,scored
17186,11,58859283398,scored
17187,13,58860231975,scored
17188,10,58864860428,scored
17189,0,58866259968,scored
17190,14,58883141198,scored
17191,2,58886546450,scored
17192,12,58887076412,scored
17193,4,58889798653,scored
17194,5,58899168190,scored
17195,13,58900330743,scored
17196,9,58903977810,scored
17197,1,58906575593,scored
17198,8,58909315284,scored
17199,10,58912273404,scored
17200,6,58913658169,scored
17201,2,58929437516,scored
17202,14,58930208658,scored
17203,12,58937228423,scored
17204,5,58947277176,scored
17205,4,58947451512,scored
17206,0,58948866489,scored
17207,8,58949694834,scored
17208,9,58950108533,scored
17209,15,58950491339,scored
17210,11,58951202156,scored
17211,7,58951847607,scored
17212,3,58953758544,scored
17213,13,58954452505,scored
17214,10,58956183866,scored
17215,1,58960675797,scored
17216,6,58965568739,scored
17217,2,58973417338,scored
17218,14,58974721058,scored
17219,12,58986847617,scored
17220,4,58987718726,scored
17221,5,58990606267,scored
17222,3,58997533874,scored
17223,15,59006048613,scored
17224,9,59006980410,scored
17225,0,59007360870,scored
17226,1,59014157975,scored
17227,11,59015227602,scored
17228,8,59019071520,scored
17229,14,59024266129,scored
17230,10,59024404015,scored
17231,7,59026747103,scored
17232,5,59033729417,scored
17233,2,59034322951,scored
17234,12,59034764743,scored
17235,3,59038132521,scored
17236,4,59043382989,scored
17237,13,59045604509,scored
17238,6,59053539183,scored
17239,15,59053774399,scored
17240,0,59054673962,scored
17241,1,59055899187,scored
17242,11,59058266023,scored
17243,9,59060739566,scored
17244,8,59064042191,scored
17245,10,59065225202,scored
17246,7,59068976117,scored
17247,12,59075575351,scored
17248,3,59081679482,scored
17249,5,59088066972,scored
17250,4,59096084923,scored
17251,13,59099956356,scored
17252,0,59100080625,scored
17253,9,59104185490,scored
17254,1,59109812772,scored
17255,2,59112659498,scored
17256,10,59116021370,scored
17257,8,59121786870,scored
17258,11,59121909619,scored
17259,12,59121993941,scored
17260,3,59128558147,scored
17261,14,59132651467,scored
17262,6,59132782874,scored
17263,15,59138768403,scored
17264,5,59141884510,scored
17265,9,59145890388,scored
17266,7,59147672854,scored
17267,0,59148228990,scored
17268,13,59148726085,scored
17269,4,59152545970,scored
17270,1,59152657498,scored
17271,2,59152894856,scored
17272,10,59156413088,scored
17273,8,59167134301,scored
17274,3,59170123178,scored
17275,14,59172747215,scored
17276,12,59174177019,scored
17277,6,59176075163,scored
17278,11,59186263584,scored
17279,15,59187286344,scored
17280,9,59188005522,scored
17281,5,59188888524,scored
17282,0,59192853249,scored
17283,4,59196301377,scored
17284,7,59196360257,scored
17285,1,59198636916,scored
17286,13,59199000258,scored
17287,10,59199408136,scored
17288,8,59210045577,scored
17289,3,59210480054,scored
17290,2,59212273336,scored
17291,12,59215620556,scored
17292,6,59217747004,scored
17293,14,59218169063,scored
17294,5,59230992822,scored
17295,11,59235991886,scored
17296,0,59241873281,scored
17297,13,59243363654,scored
17298,15,59244754951,scored
17299,4,59247906389,scored
17300,9,59249572196,scored
17301,1,59251988742,scored
17302,2,59255215241,scored
17303,3,59255216299,scored
17304,10,59259002795,scored
17305,14,59259239568,scored
17306,7,59259793485,scored
17307,8,59260146403,scored
17308,12,59260342920,scored
17309,6,59264199312,scored
17310,5,59275843039,scored
17311,0,59282540910,scored
17312,11,59284997032,scored
17313,13,59287207535,scored
17314,15,59287748358,scored
17315,4,59288426605,scored
17316,9,59291138618,scored
17317,1,59292542126,scored
17318,2,59295965728,scored
17319,3,59299087098,scored
17320,10,59299122461,scored
17321,7,59303343280,scored
17322,8,59303729152,scored
17323,6,59306470273,scored
17324,14,59306620477,scored
17325,12,59308503770,scored
17326,5,59317959105,scored
17327,0,59322738980,scored
17328,11,59326388345,scored
17329,15,59330587893,scored
17330,4,59330710036,scored
17331,13,59332380838,scored
17332,9,59337426959,scored
17333,1,59341339850,scored
17334,2,59351162562,scored
17335,6,59352016281,scored
17336,12,59356283648,scored
17337,10,59357888078,scored
17338,3,59357929517,scored
17339,0,59363059047,scored
17340,8,59363718029,scored
17341,7,59365338302,scored
17342,14,59365716705,scored
17343,11,59368207288,scored
17344,5,59369489893,scored
17345,15,59373344453,scored
17346,4,59387327813,scored
17347,13,59389373737,scored
17348,9,59389428708,scored
17349,1,59389899435,scored
17350,2,59391356375,scored
17351,6,59392174181,scored
17352,3,59398582252,scored
17353,12,59398677417,scored
17354,10,59399435366,scored
17355,0,59404845104,scored
17356,7,59407038691,scored
17357,5,59410375060,scored
17358,14,59411692010,scored
17359,8,59422820842,scored
17360,15,59423391178,scored
17361,11,59424652751,scored
17362,9,59430570465,scored
17363,13,59437350046,scored
17364,2,59438474504,scored
17365,6,59442199383,scored
17366,12,59443828095,scored
17367,0,59446315523,scored
17368,7,59448823139,scored
17369,10,59452550074,scored
17370,3,59459066471,scored
17371,4,59468084310,scored
17372,8,59469333463,scored
17373,11,59469399949,scored
17374,9,59475970397,scored
17375,5,59476705302,scored
17376,1,59482460687,scored
17377,13,59482856048,scored
17378,6,59483530691,scored
17379,2,59483649117,scored
17380,12,59484338030,scored
17381,14,59484590782,scored
17382,15,59485695882,scored
17383,7,59489535378,scored
17384,10,59493497459,scored
17385,0,59495368734,scored
17386,3,59501313440,scored
17387,4,59508605628,scored
17388,11,59510728666,scored
17389,5,59517353084,scored
17390,9,59520164825,scored
17391,1,59523387164,scored
17392,8,59530285322,scored
17393,15,59530672666,scored
17394,3,59541448770,scored
17395,7,59544411986,scored
17396,12,59545624366,scored
17397,14,59548161266,scored
17398,4,59549708145,scored
17399,13,59551120748,scored
17400,10,59552745112,scored
17401,0,59556433479,scored
17402,5,59562248061,scored
17403,9,59562616959,scored
17404,11,59570537042,scored
17405,15,59570827062,scored
17406,2,59572136334,scored
17407,8,59575215905,scored
17408,6,59577376436,scored
17409,1,59578019475,scored
17410,7,59584775880,scored
17411,14,59589145254,scored
17412,10,59594895394,scored
17413,13,59596920631,scored
17414,12,59599697843,scored
17415,3,59604329961,scored
17416,9,59606070024,scored
17417,5,59606187303,scored
17418,4,59608621247,scored
17419,0,59616467931,scored
17420,11,59619346670,scored
17421,1,59621240129,scored
17422,6,59625506575,scored
17423,8,59627010415,scored
17424,2,59627236907,scored
17425,7,59630270546,scored
17426,15,59631814273,scored
17427,14,59633351835,scored
17428,13,59638316456,scored
17429,10,59638598285,scored
17430,12,59641795749,scored
17431,9,59646918730,scored
17432,4,59648866899,scored
17433,3,59649035700,scored
17434,5,59655158700,scored
17435,1,59662690808,scored
17436,0,59663451378,scored
17437,11,59664290495,scored
17438,6,59666288171,scored
17439,2,59668506172,scored
17440,8,59668594517,scored
17441,14,59674218354,scored
17442,7,59677015188,scored
17443,15,59684539383,scored
17444,13,59687318895,scored
17445,12,59688273331,scored
17446,4,59689191792,scored
17447,10,59690503020,scored
17448,9,59692431660,scored
17449,5,59697981448,scored
17450,3,59699948877,scored
17451,0,59704422417,scored
17452,1,59705086540,scored
17453,11,59705874148,scored
17454,2,59709267391,scored
17455,8,59712162613,scored
17456,6,59712279865,scored
17457,14,59718095906,scored
17458,7,59718721317,scored
17459,13,59729136154,scored
17460,9,59739739417,scored
17461,10,59745472007,scored
17462,0,59749527279,scored
17463,12,59752774701,scored
17464,6,59758163496,scored
17465,8,59758986304,scored
17466,1,59760317120,scored
17467,4,59762163326,scored
17468,2,59763263762,scored
17469,11,59765823383,scored
17470,5,59767368273,scored
17471,15,59768474647,scored
17472,3,59769041857,scored
17473,13,59771905154,scored
17474,7,59772731565,scored
17475,14,59775079238,scored
17476,9,59782806750,scored
17477,10,59788237274,scored
17478,6,59798608005,scored
17479,12,59799205916,scored
17480,8,59800506645,scored
17481,0,59803171822,scored
17482,1,59807323822,scored
17483,3,59810073205,scored
17484,5,59810578260,scored
17485,4,59810935509,scored
17486,13,59816965294,scored
17487,7,59817411866,scored
17488,15,59819399261,scored
17489,11,59820795390,scored
17490,2,59822272930,scored
17491,9,59825549197,scored
17492,10,59832633046,scored
17493,14,59837127017,scored
17494,8,59844063161,scored
17495,1,59854654832,scored
17496,6,59862946039,scored
17497,15,59867191470,scored
17498,3,59868376140,scored
17499,4,59869246242,scored
17500,5,59871290452,scored
17501,2,59872322523,scored
17502,11,59875762945,scored
17503,13,59875922728,scored
17504,12,59878465095,scored
17505,0,59881165356,scored
17506,7,59881630815,scored
17507,9,59881639494,scored
17508,14,59881959757,scored
17509,10,59883041194,scored
17510,8,59885191075,scored
17511,1,59894878129,scored
17512,15,59910963873,scored
17513,4,59911049413,scored
17514,3,59914494811,scored
17515,5,59914501212,scored
17516,6,59917835629,scored
17517,2,59919112419,scored
17518,12,59919638965,scored
17519,0,59927092473,scored
17520,9,59927493657,scored
17521,14,59932735189,scored
17522,13,59933356331,scored
17523,8,59933987744,scored
17524,7,59935639023,scored
17525,1,59939940740,scored
17526,11,59940636432,scored
17527,10,59946051605,scored
17528,15,59952283837,scored
17529,4,59957231191,scored
17530,3,59959006235,scored
17531,5,59959399132,scored
17532,6,59962716932,scored
17533,2,59967370934,scored
17534,12,59969619244,scored
17535,0,59969971946,scored
17536,9,59971020957,scored
17537,13,59974744704,scored
17538,14,59981159338,scored
17539,7,59994918458,scored
17540,1,59995104167,scored
17541,11,59995404282,scored
17542,8,59996379281,scored
17543,4,59997821172,scored
17544,15,59998077774,scored
17545,5,59999423267,scored
17546,3,59999732245,scored
17547,6,60005350175,scored
17548,0,60015656361,scored
17549,9,60018077143,scored
17550,14,60028547893,scored
17551,12,60031051344,scored
17552,13,60032952961,scored
17553,2,60033082474,scored
17554,10,60034535720,scored
17555,11,60037460533,scored
17556,1,60038433217,scored
17557,15,60043721268,scored
17558,5,60053456666,scored
17559,4,60054299968,scored
17560,7,60057618542,scored
17561,6,60058237622,scored
17562,0,60062523179,scored
17563,3,60063346834,scored
17564,8,60064350458,scored
17565,9,60067510880,scored
17566,14,60070201123,scored
17567,12,60072120717,scored
17568,2,60073524152,scored
17569,13,60074476400,scored
17570,10,60074960595,scored
17571,1,60079936916,scored
17572,11,60081931693,scored
17573,15,60085511178,scored
17574,5,60095145591,scored
17575,7,60097970656,scored
17576,4,60098556101,scored
17577,6,60100325956,scored
17578,0,60102850373,scored
17579,3,60106614135,scored
17580,9,60107903035,scored
17581,8,60110399102,scored
17582,2,60120186145,scored
17583,12,60122670442,scored
17584,13,60131822017,scored
17585,4,60138595256,scored
17586,11,60138623199,scored
17587,7,60139663707,scored
17588,6,60141324727,scored
17589,5,60145240009,scored
17590,15,60151852507,scored
17591,8,60153513941,scored
17592,3,60156695012,scored
17593,10,60156858525,scored
17594,0,60159156123,scored
17595,14,60161235094,scored
17596,1,60163716496,scored
17597,2,60164049184,scored
17598,12,60164363594,scored
17599,9,60165077329,scored
17600,13,60172299840,scored
17601,7,60179903641,scored
17602,6,60181697289,scored
17603,11,60183972634,scored
17604,4,60187413161,scored
17605,5,60187824764,scored
17606,8,60194877591,scored
17607,15,60195602372,scored
17608,3,60196881528,scored
17609,10,60197726699,scored
17610,0,60200868596,scored
17611,13,60214816519,scored
17612,14,60215800765,scored
17613,1,60216095611,scored
17614,2,60218292297,scored
17615,12,60218527146,scored
17616,9,60218911988,scored
17617,7,60221661862,scored
17618,6,60224824953,scored
17619,11,60226162420,scored
17620,4,60231759748,scored
17621,5,60237751661,scored
17622,3,60238628696,scored
17623,10,60240572758,scored
17624,8,60241444537,scored
17625,0,60243152249,scored
17626,15,60243694149,scored
17627,13,60258556677,scored
17628,9,60261139223,scored
17629,12,60261629502,scored
17630,7,60261685980,scored
17631,14,60263510897,scored
17632,2,60269105982,scored
17633,4,60273339205,scored
17634,11,60275606484,scored
17635,3,60302528069,scored
17636,0,60307607282,scored
17637,12,60314896564,scored
17638,1,60316584691,scored
17639,5,60318635490,scored
17640,9,60319452790,scored
17641,8,60321588584,scored
17642,11,60323471689,scored
17643,15,60323655543,scored
17644,6,60325899548,scored
17645,4,60327132290,scored
17646,7,60329438013,scored
17647,10,60331574814,scored
17648,13,60338983604,scored
17649,14,60344813212,scored
17650,3,60346905315,scored
17651,2,60349285380,scored
17652,0,60351393212,scored
17653,12,60354992371,scored
17654,5,60359935358,scored
17655,1,60376989202,scored
17656,6,60388204394,scored
17657,3,60388509790,scored
17658,15,60396168154,scored
17659,12,60397268860,scored
17660,0,60400140627,scored
17661,5,60403203605,scored
17662,8,60407672721,scored
17663,14,60411943005,scored
17664,9,60413247223,scored
17665,10,60413850482,scored
17666,11,60417382637,scored
17667,1,60419387120,scored
17668,4,60420167294,scored
17669,7,60420711879,scored
17670,2,60426494586,scored
17671,3,60428801499,scored
17672,6,60440501064,scored
17673,0,60441182905,scored
17674,12,60441472955,scored
17675,15,60442132244,scored
17676,13,60448642468,scored
17677,8,60450951605,scored
17678,14,60452346234,scored
17679,5,60452510546,scored
17680,9,60453811492,scored
17681,10,60455238655,scored
17682,11,60458426498,scored
17683,1,60460147171,scored
17684,4,60461452599,scored
17685,7,60468195628,scored
17686,2,60468249188,scored
17687,3,60469714831,scored
17688,6,60481229937,scored
17689,0,60483985913,scored
17690,12,60486072266,scored
17691,15,60486662068,scored
17692,13,60489621754,scored
17693,8,60492295277,scored
17694,14,60493147337,scored
17695,9,60494368881,scored
17696,10,60496310837,scored
17697,5,60496359262,scored
17698,11,60499200525,scored
17699,4,60501692355,scored
17700,1,60506080513,scored
17701,2,60509091354,scored
17702,7,60509583742,scored
17703,3,60510885829,scored
17704,6,60522231958,scored
17705,0,60524954596,scored
17706,15,60527220142,scored
17707,12,60529186484,scored
17708,13,60530311865,scored
17709,8,60532590601,scored
17710,14,60534253538,scored
17711,9,60536503116,scored
17712,10,60538450512,scored
17713,5,60541065725,scored
17714,4,60544180006,scored
17715,11,60548912038,scored
17716,1,60551569272,scored
17717,7,60555807727,scored
17718,2,60556240720,scored
17719,3,60556513077,scored
17720,0,60571569405,scored
17721,12,60572142249,scored
17722,15,60572762605,scored
17723,8,60575788510,scored
17724,6,60576277914,scored
17725,14,60576420825,scored
17726,5,60581655198,scored
17727,13,60582630216,scored
17728,9,60585359693,scored
17729,10,60590331409,scored
17730,11,60590952432,scored
17731,4,60597098488,scored
17732,1,60600392031,scored
17733,3,60602476590,scored
17734,7,60603613080,scored
17735,2,60605496157,scored
17736,15,60614492280,scored
17737,0,60619378449,scored
17738,6,60622193553,scored
17739,8,60624956432,scored
17740,12,60626255576,scored
17741,5,60626703711,scored
17742,9,60629554649,scored
17743,11,60632503622,scored
17744,13,60633925322,scored
17745,10,60634244478,scored
17746,14,60634875889,scored
17747,4,60638879206,scored
17748,1,60643333213,scored
17749,3,60643334786,scored
17750,7,60644836419,scored
17751,2,60648098517,scored
17752,15,60655937950,scored
17753,6,60664133960,scored
17754,12,60668173022,scored
17755,0,60678159417,scored
17756,10,60681631562,scored
17757,8,60682509986,scored
17758,9,60683165350,scored
17759,11,60683186148,scored
17760,13,60683267667,scored
17761,4,60685317503,scored
17762,5,60685412543,scored
17763,1,60686741748,scored
17764,3,60687183200,scored
17765,7,60692875279,scored
17766,14,60693235686,scored
17767,2,60698779750,scored
17768,15,60700851541,scored
17769,6,60704553190,scored
17770,12,60720510565,scored
17771,0,60720628791,scored
17772,3,60727450234,scored
17773,9,60727545710,scored
17774,10,60728211494,scored
17775,8,60731872904,scored
17776,1,60733755101,scored
17777,5,60734419685,scored
17778,7,60736336340,scored
17779,13,60738224581,scored
17780,15,60742348915,scored
17781,14,60743586037,scored
17782,11,60746290925,scored
17783,4,60748673418,scored
17784,6,60749641843,scored
17785,2,60751761665,scored
17786,0,60762511857,scored
17787,12,60770886801,scored
17788,9,60771123626,scored
17789,8,60773525501,scored
17790,1,60773861102,scored
17791,7,60781172020,scored
17792,13,60784867305,scored
17793,10,60785595143,scored
17794,5,60787795965,scored
17795,15,60796365103,scored
17796,2,60798280420,scored
17797,6,60800909443,scored
17798,14,60801074735,scored
17799,11,60802228773,scored
17800,3,60803106700,scored
17801,0,60804476903,scored
17802,4,60805377316,scored
17803,12,60811769721,scored
17804,9,60812472782,scored
17805,8,60815194889,scored
17806,1,60818753119,scored
17807,13,60826029786,scored
17808,10,60835758456,scored
17809,15,60838591557,scored
17810,3,60848294587,scored
17811,4,60848576374,scored
17812,14,60849467936,scored
17813,11,60849482230,scored
17814,0,60853152340,scored
17815,5,60853746553,scored
17816,8,60855730323,scored
17817,6,60858543219,scored
17818,9,60859202386,scored
17819,12,60861169924,scored
17820,1,60865148769,scored
17821,7,60866438092,scored
17822,13,60868022354,scored
17823,2,60868137161,scored
17824,10,60876116442,scored
17825,15,60878954205,scored
17826,4,60892277957,scored
17827,11,60892300721,scored
17828,0,60894731538,scored
17829,3,60896823520,scored
17830,8,60897383226,scored
17831,6,60898617971,scored
17832,9,60901264301,scored
17833,14,60902795449,scored
17834,12,60904249783,scored
17835,5,60905189853,scored
17836,1,60905867636,scored
17837,7,60908336813,scored
17838,2,60909757513,scored
17839,13,60910002174,scored
17840,10,60920069116,scored
17841,15,60923279542,scored
17842,11,60933004549,scored
17843,0,60934931871,scored
17844,4,60935576038,scored
17845,3,60939117931,scored
17846,8,60939833213,scored
17847,6,60943140277,scored
17848,9,60943280111,scored
17849,14,60948425629,scored
17850,13,60951281399,scored
17851,1,60955820819,scored
17852,5,60957959199,scored
17853,12,60958431426,scored
17854,2,60958452375,scored
17855,7,60960024238,scored
17856,10,60962434946,scored
17857,15,60963600585,scored
17858,11,60973713360,scored
17859,0,60975330803,scored
17860,4,60977035722,scored
17861,3,60981396388,scored
17862,8,60981721073,scored
17863,6,60983823370,scored
17864,9,60987059800,scored
17865,14,60988642688,scored
17866,13,60993485877,scored
17867,1,60998215954,scored
17868,12,60999511428,scored
17869,5,61011057709,scored
17870,11,61019388119,scored
